{
	"start":	{
		"connected":	[{
				"socket":	6,
				"local_host":	"10.0.0.2",
				"local_port":	47064,
				"remote_host":	"10.0.0.1",
				"remote_port":	5001
			}],
		"version":	"iperf 3.12",
		"system_info":	"Linux cs244c-vm 6.1.0-43-cloud-amd64 #1 SMP PREEMPT_DYNAMIC Debian 6.1.162-1 (2026-02-08) x86_64",
		"timestamp":	{
			"time":	"Wed, 04 Mar 2026 02:34:51 GMT",
			"timesecs":	1772591691
		},
		"connecting_to":	{
			"host":	"10.0.0.1",
			"port":	5001
		},
		"cookie":	"er2asjkg3kphs5rgw6jcpjeefuodqys7qlvc",
		"tcp_mss_default":	1448,
		"target_bitrate":	0,
		"sock_bufsize":	0,
		"sndbuf_actual":	87380,
		"rcvbuf_actual":	87380,
		"test_start":	{
			"protocol":	"TCP",
			"num_streams":	1,
			"blksize":	131072,
			"omit":	0,
			"duration":	15,
			"bytes":	0,
			"blocks":	0,
			"reverse":	0,
			"tos":	0,
			"target_bitrate":	0
		}
	},
	"intervals":	[{
			"streams":	[{
					"socket":	6,
					"start":	0,
					"end":	1.000546,
					"seconds":	1.0005459785461426,
					"bytes":	1555152,
					"bits_per_second":	12434427.069586432,
					"retransmits":	41,
					"snd_cwnd":	225888,
					"snd_wnd":	1525760,
					"rtt":	222495,
					"rttvar":	4675,
					"pmtu":	1500,
					"omitted":	false,
					"sender":	true
				}],
			"sum":	{
				"start":	0,
				"end":	1.000546,
				"seconds":	1.0005459785461426,
				"bytes":	1555152,
				"bits_per_second":	12434427.069586432,
				"retransmits":	41,
				"omitted":	false,
				"sender":	true
			}
		}, {
			"streams":	[{
					"socket":	6,
					"start":	1.000546,
					"end":	2.000561,
					"seconds":	1.0000150203704834,
					"bytes":	1563840,
					"bits_per_second":	12510532.087173106,
					"retransmits":	82,
					"snd_cwnd":	115840,
					"snd_wnd":	2131968,
					"rtt":	94604,
					"rttvar":	327,
					"pmtu":	1500,
					"omitted":	false,
					"sender":	true
				}],
			"sum":	{
				"start":	1.000546,
				"end":	2.000561,
				"seconds":	1.0000150203704834,
				"bytes":	1563840,
				"bits_per_second":	12510532.087173106,
				"retransmits":	82,
				"omitted":	false,
				"sender":	true
			}
		}, {
			"streams":	[{
					"socket":	6,
					"start":	2.000561,
					"end":	3.000214,
					"seconds":	0.99965298175811768,
					"bytes":	1172880,
					"bits_per_second":	9386297.2163578048,
					"retransmits":	6,
					"snd_cwnd":	62264,
					"snd_wnd":	2131968,
					"rtt":	96424,
					"rttvar":	668,
					"pmtu":	1500,
					"omitted":	false,
					"sender":	true
				}],
			"sum":	{
				"start":	2.000561,
				"end":	3.000214,
				"seconds":	0.99965298175811768,
				"bytes":	1172880,
				"bits_per_second":	9386297.2163578048,
				"retransmits":	6,
				"omitted":	false,
				"sender":	true
			}
		}, {
			"streams":	[{
					"socket":	6,
					"start":	3.000214,
					"end":	4.000353,
					"seconds":	1.0001389980316162,
					"bytes":	390960,
					"bits_per_second":	3127245.31905627,
					"retransmits":	3,
					"snd_cwnd":	50680,
					"snd_wnd":	2131968,
					"rtt":	96920,
					"rttvar":	198,
					"pmtu":	1500,
					"omitted":	false,
					"sender":	true
				}],
			"sum":	{
				"start":	3.000214,
				"end":	4.000353,
				"seconds":	1.0001389980316162,
				"bytes":	390960,
				"bits_per_second":	3127245.31905627,
				"retransmits":	3,
				"omitted":	false,
				"sender":	true
			}
		}, {
			"streams":	[{
					"socket":	6,
					"start":	4.000353,
					"end":	5.000227,
					"seconds":	0.99987399578094482,
					"bytes":	781920,
					"bits_per_second":	6256148.30108097,
					"retransmits":	4,
					"snd_cwnd":	44888,
					"snd_wnd":	2131968,
					"rtt":	36472,
					"rttvar":	150,
					"pmtu":	1500,
					"omitted":	false,
					"sender":	true
				}],
			"sum":	{
				"start":	4.000353,
				"end":	5.000227,
				"seconds":	0.99987399578094482,
				"bytes":	781920,
				"bits_per_second":	6256148.30108097,
				"retransmits":	4,
				"omitted":	false,
				"sender":	true
			}
		}, {
			"streams":	[{
					"socket":	6,
					"start":	5.000227,
					"end":	6.000233,
					"seconds":	1.0000059604644775,
					"bytes":	1172880,
					"bits_per_second":	9382984.07305674,
					"retransmits":	0,
					"snd_cwnd":	60816,
					"snd_wnd":	2131968,
					"rtt":	50848,
					"rttvar":	76,
					"pmtu":	1500,
					"omitted":	false,
					"sender":	true
				}],
			"sum":	{
				"start":	5.000227,
				"end":	6.000233,
				"seconds":	1.0000059604644775,
				"bytes":	1172880,
				"bits_per_second":	9382984.07305674,
				"retransmits":	0,
				"omitted":	false,
				"sender":	true
			}
		}, {
			"streams":	[{
					"socket":	6,
					"start":	6.000233,
					"end":	7.000304,
					"seconds":	1.0000710487365723,
					"bytes":	1172880,
					"bits_per_second":	9382373.39422429,
					"retransmits":	0,
					"snd_cwnd":	75296,
					"snd_wnd":	2131456,
					"rtt":	61833,
					"rttvar":	242,
					"pmtu":	1500,
					"omitted":	false,
					"sender":	true
				}],
			"sum":	{
				"start":	6.000233,
				"end":	7.000304,
				"seconds":	1.0000710487365723,
				"bytes":	1172880,
				"bits_per_second":	9382373.39422429,
				"retransmits":	0,
				"omitted":	false,
				"sender":	true
			}
		}, {
			"streams":	[{
					"socket":	6,
					"start":	7.000304,
					"end":	8.000248,
					"seconds":	0.999943971633911,
					"bytes":	1172880,
					"bits_per_second":	9383565.7458568271,
					"retransmits":	0,
					"snd_cwnd":	86880,
					"snd_wnd":	2131968,
					"rtt":	71402,
					"rttvar":	23,
					"pmtu":	1500,
					"omitted":	false,
					"sender":	true
				}],
			"sum":	{
				"start":	7.000304,
				"end":	8.000248,
				"seconds":	0.999943971633911,
				"bytes":	1172880,
				"bits_per_second":	9383565.7458568271,
				"retransmits":	0,
				"omitted":	false,
				"sender":	true
			}
		}, {
			"streams":	[{
					"socket":	6,
					"start":	8.000248,
					"end":	9.000308,
					"seconds":	1.000059962272644,
					"bytes":	1172880,
					"bits_per_second":	9382477.4053317457,
					"retransmits":	0,
					"snd_cwnd":	97016,
					"snd_wnd":	2131968,
					"rtt":	79878,
					"rttvar":	18,
					"pmtu":	1500,
					"omitted":	false,
					"sender":	true
				}],
			"sum":	{
				"start":	8.000248,
				"end":	9.000308,
				"seconds":	1.000059962272644,
				"bytes":	1172880,
				"bits_per_second":	9382477.4053317457,
				"retransmits":	0,
				"omitted":	false,
				"sender":	true
			}
		}, {
			"streams":	[{
					"socket":	6,
					"start":	9.000308,
					"end":	10.000308,
					"seconds":	1,
					"bytes":	1172880,
					"bits_per_second":	9383040,
					"retransmits":	0,
					"snd_cwnd":	105704,
					"snd_wnd":	2131456,
					"rtt":	87991,
					"rttvar":	628,
					"pmtu":	1500,
					"omitted":	false,
					"sender":	true
				}],
			"sum":	{
				"start":	9.000308,
				"end":	10.000308,
				"seconds":	1,
				"bytes":	1172880,
				"bits_per_second":	9383040,
				"retransmits":	0,
				"omitted":	false,
				"sender":	true
			}
		}, {
			"streams":	[{
					"socket":	6,
					"start":	10.000308,
					"end":	11.000296,
					"seconds":	0.9999880194664,
					"bytes":	1172880,
					"bits_per_second":	9383152.41517278,
					"retransmits":	0,
					"snd_cwnd":	114392,
					"snd_wnd":	2131968,
					"rtt":	94451,
					"rttvar":	32,
					"pmtu":	1500,
					"omitted":	false,
					"sender":	true
				}],
			"sum":	{
				"start":	10.000308,
				"end":	11.000296,
				"seconds":	0.9999880194664,
				"bytes":	1172880,
				"bits_per_second":	9383152.41517278,
				"retransmits":	0,
				"omitted":	false,
				"sender":	true
			}
		}, {
			"streams":	[{
					"socket":	6,
					"start":	11.000296,
					"end":	12.000219,
					"seconds":	0.9999229907989502,
					"bytes":	1172880,
					"bits_per_second":	9383762.6360634435,
					"retransmits":	2,
					"snd_cwnd":	85432,
					"snd_wnd":	2131968,
					"rtt":	70243,
					"rttvar":	30,
					"pmtu":	1500,
					"omitted":	false,
					"sender":	true
				}],
			"sum":	{
				"start":	11.000296,
				"end":	12.000219,
				"seconds":	0.9999229907989502,
				"bytes":	1172880,
				"bits_per_second":	9383762.6360634435,
				"retransmits":	2,
				"omitted":	false,
				"sender":	true
			}
		}, {
			"streams":	[{
					"socket":	6,
					"start":	12.000219,