{
	"start":	{
		"connected":	[{
				"socket":	6,
				"local_host":	"10.0.0.3",
				"local_port":	49842,
				"remote_host":	"10.0.0.1",
				"remote_port":	5002
			}],
		"version":	"iperf 3.12",
		"system_info":	"Linux cs244c-vm 6.1.0-43-cloud-amd64 #1 SMP PREEMPT_DYNAMIC Debian 6.1.162-1 (2026-02-08) x86_64",
		"timestamp":	{
			"time":	"Thu, 12 Mar 2026 04:20:03 GMT",
			"timesecs":	1773289203
		},
		"connecting_to":	{
			"host":	"10.0.0.1",
			"port":	5002
		},
		"cookie":	"lrv64nlsynwrxza3ifiagxix2r4kq5x3hxfc",
		"tcp_mss_default":	1448,
		"target_bitrate":	0,
		"sock_bufsize":	0,
		"sndbuf_actual":	87380,
		"rcvbuf_actual":	87380,
		"test_start":	{
			"protocol":	"TCP",
			"num_streams":	1,
			"blksize":	131072,
			"omit":	0,
			"duration":	0,
			"bytes":	20971520,
			"blocks":	0,
			"reverse":	0,
			"tos":	0,
			"target_bitrate":	0
		}
	},
	"intervals":	[{
			"streams":	[{
					"socket":	6,
					"start":	0,
					"end":	0.10012,
					"seconds":	0.10012000054121017,
					"bytes":	818120,
					"bits_per_second":	65371154.261091352,
					"retransmits":	1,
					"snd_cwnd":	240368,
					"snd_wnd":	365568,
					"rtt":	20454,
					"rttvar":	719,
					"pmtu":	1500,
					"omitted":	false,
					"sender":	true
				}],
			"sum":	{
				"start":	0,
				"end":	0.10012,
				"seconds":	0.10012000054121017,
				"bytes":	818120,
				"bits_per_second":	65371154.261091352,
				"retransmits":	1,
				"omitted":	false,
				"sender":	true
			}
		}, {
			"streams":	[{
					"socket":	6,
					"start":	0.10012,
					"end":	0.200143,
					"seconds":	0.10002300143241882,
					"bytes":	13599800,
					"bits_per_second":	1087733805.6437981,
					"retransmits":	0,
					"snd_cwnd":	2573096,
					"snd_wnd":	6924288,
					"rtt":	23147,
					"rttvar":	1241,
					"pmtu":	1500,
					"omitted":	false,
					"sender":	true
				}],
			"sum":	{
				"start":	0.10012,
				"end":	0.200143,
				"seconds":	0.10002300143241882,
				"bytes":	13599800,
				"bits_per_second":	1087733805.6437981,
				"retransmits":	0,
				"omitted":	false,
				"sender":	true
			}
		}, {
			"streams":	[{
					"socket":	6,
					"start":	0.200143,
					"end":	0.300133,
					"seconds":	0.099990002810955048,
					"bytes":	5242880,
					"bits_per_second":	419472335.44236547,
					"retransmits":	100,
					"snd_cwnd":	644360,
					"snd_wnd":	8354816,
					"rtt":	20746,
					"rttvar":	966,
					"pmtu":	1500,
					"omitted":	false,
					"sender":	true
				}],
			"sum":	{
				"start":	0.200143,
				"end":	0.300133,
				"seconds":	0.099990002810955048,
				"bytes":	5242880,
				"bits_per_second":	419472335.44236547,
				"retransmits":	100,
				"omitted":	false,
				"sender":	true
			}
		}, {
			"streams":	[{
					"socket":	6,
					"start":	0.300133,
					"end":	0.328868,
					"seconds":	0.028735000640153885,
					"bytes":	1310720,
					"bits_per_second":	364912467.94501013,
					"retransmits":	38,
					"snd_cwnd":	321456,
					"snd_wnd":	8384512,
					"rtt":	21190,
					"rttvar":	1568,
					"pmtu":	1500,
					"omitted":	false,
					"sender":	true
				}],
			"sum":	{
				"start":	0.300133,
				"end":	0.328868,
				"seconds":	0.028735000640153885,
				"bytes":	1310720,
				"bits_per_second":	364912467.94501013,
				"retransmits":	38,
				"omitted":	false,
				"sender":	true
			}
		}],
	"end":	{
		"streams":	[{
				"sender":	{
					"socket":	6,
					"start":	0,
					"end":	0.328868,
					"seconds":	0.328868,
					"bytes":	20971520,
					"bits_per_second":	510150455.50190353,
					"retransmits":	139,
					"max_snd_cwnd":	2573096,
					"max_snd_wnd":	8384512,
					"max_rtt":	23147,
					"min_rtt":	20454,
					"mean_rtt":	21384,
					"sender":	true
				},
				"receiver":	{
					"socket":	6,
					"start":	0,
					"end":	0.348686,
					"seconds":	0.328868,
					"bytes":	11439200,
					"bits_per_second":	262452751.18588072,
					"sender":	true
				}
			}],
		"sum_sent":	{
			"start":	0,
			"end":	0.328868,
			"seconds":	0.328868,
			"bytes":	20971520,
			"bits_per_second":	510150455.50190353,
			"retransmits":	139,
			"sender":	true
		},
		"sum_received":	{
			"start":	0,
			"end":	0.348686,
			"seconds":	0.348686,
			"bytes":	11439200,
			"bits_per_second":	262452751.18588072,
			"sender":	true
		},
		"cpu_utilization_percent":	{
			"host_total":	7.3739532635430036,
			"host_user":	1.0710240601289969,
			"host_system":	6.3029292034140081,
			"remote_total":	1.8421550690808153,
			"remote_user":	0,
			"remote_system":	1.8424418304552053
		},
		"sender_tcp_congestion":	"dctcp",
		"receiver_tcp_congestion":	"dctcp"
	}
}
