{
	"start":	{
		"connected":	[{
				"socket":	6,
				"local_host":	"10.0.0.2",
				"local_port":	48086,
				"remote_host":	"10.0.0.1",
				"remote_port":	5001
			}],
		"version":	"iperf 3.12",
		"system_info":	"Linux cs244c-vm 6.1.0-43-cloud-amd64 #1 SMP PREEMPT_DYNAMIC Debian 6.1.162-1 (2026-02-08) x86_64",
		"timestamp":	{
			"time":	"Wed, 04 Mar 2026 02:39:54 GMT",
			"timesecs":	1772591994
		},
		"connecting_to":	{
			"host":	"10.0.0.1",
			"port":	5001
		},
		"cookie":	"2cafezgz7f36mg7qz7rzkao7hj5oi7c2iqwt",
		"tcp_mss_default":	1448,
		"target_bitrate":	0,
		"sock_bufsize":	0,
		"sndbuf_actual":	87380,
		"rcvbuf_actual":	87380,
		"test_start":	{
			"protocol":	"TCP",
			"num_streams":	1,
			"blksize":	131072,
			"omit":	0,
			"duration":	15,
			"bytes":	0,
			"blocks":	0,
			"reverse":	0,
			"tos":	0,
			"target_bitrate":	0
		}
	},
	"intervals":	[{
			"streams":	[{
					"socket":	6,
					"start":	0,
					"end":	1.00045,
					"seconds":	1.0004500150680542,
					"bytes":	1620312,
					"bits_per_second":	12956665.305380844,
					"retransmits":	37,
					"snd_cwnd":	221544,
					"snd_wnd":	1155072,
					"rtt":	222206,
					"rttvar":	4830,
					"pmtu":	1500,
					"omitted":	false,
					"sender":	true
				}],
			"sum":	{
				"start":	0,
				"end":	1.00045,
				"seconds":	1.0004500150680542,
				"bytes":	1620312,
				"bits_per_second":	12956665.305380844,
				"retransmits":	37,
				"omitted":	false,
				"sender":	true
			}
		}, {
			"streams":	[{
					"socket":	6,
					"start":	1.00045,
					"end":	2.00018,
					"seconds":	0.99972999095916748,
					"bytes":	1629000,
					"bits_per_second":	13035519.708173158,
					"retransmits":	88,
					"snd_cwnd":	110048,
					"snd_wnd":	1155072,
					"rtt":	90787,
					"rttvar":	85,
					"pmtu":	1500,
					"omitted":	false,
					"sender":	true
				}],
			"sum":	{
				"start":	1.00045,
				"end":	2.00018,
				"seconds":	0.99972999095916748,
				"bytes":	1629000,
				"bits_per_second":	13035519.708173158,
				"retransmits":	88,
				"omitted":	false,
				"sender":	true
			}
		}, {
			"streams":	[{
					"socket":	6,
					"start":	2.00018,
					"end":	3.000495,
					"seconds":	1.0003149509429932,
					"bytes":	781920,
					"bits_per_second":	6253390.4887686577,
					"retransmits":	5,
					"snd_cwnd":	41992,
					"snd_wnd":	1155072,
					"rtt":	95790,
					"rttvar":	1754,
					"pmtu":	1500,
					"omitted":	false,
					"sender":	true
				}],
			"sum":	{
				"start":	2.00018,
				"end":	3.000495,
				"seconds":	1.0003149509429932,
				"bytes":	781920,
				"bits_per_second":	6253390.4887686577,
				"retransmits":	5,
				"omitted":	false,
				"sender":	true
			}
		}, {
			"streams":	[{
					"socket":	6,
					"start":	3.000495,
					"end":	4.000119,
					"seconds":	0.999624013900757,
					"bytes":	781920,
					"bits_per_second":	6257712.8130307551,
					"retransmits":	0,
					"snd_cwnd":	52128,
					"snd_wnd":	1155072,
					"rtt":	52724,
					"rttvar":	3480,
					"pmtu":	1500,
					"omitted":	false,
					"sender":	true
				}],
			"sum":	{
				"start":	3.000495,
				"end":	4.000119,
				"seconds":	0.999624013900757,
				"bytes":	781920,
				"bits_per_second":	6257712.8130307551,
				"retransmits":	0,
				"omitted":	false,
				"sender":	true
			}
		}, {
			"streams":	[{
					"socket":	6,
					"start":	4.000119,
					"end":	5.00011,
					"seconds":	0.999990999698639,
					"bytes":	781920,
					"bits_per_second":	6255416.3006318444,
					"retransmits":	0,
					"snd_cwnd":	62264,
					"snd_wnd":	1155072,
					"rtt":	50886,
					"rttvar":	35,
					"pmtu":	1500,
					"omitted":	false,
					"sender":	true
				}],
			"sum":	{
				"start":	4.000119,
				"end":	5.00011,
				"seconds":	0.999990999698639,
				"bytes":	781920,
				"bits_per_second":	6255416.3006318444,
				"retransmits":	0,
				"omitted":	false,
				"sender":	true
			}
		}, {
			"streams":	[{
					"socket":	6,
					"start":	5.00011,
					"end":	6.000126,
					"seconds":	1.0000159740448,
					"bytes":	1172880,
					"bits_per_second":	9382890.1172929145,
					"retransmits":	0,
					"snd_cwnd":	75296,
					"snd_wnd":	1155072,
					"rtt":	62375,
					"rttvar":	699,
					"pmtu":	1500,
					"omitted":	false,
					"sender":	true
				}],
			"sum":	{
				"start":	5.00011,
				"end":	6.000126,
				"seconds":	1.0000159740448,
				"bytes":	1172880,
				"bits_per_second":	9382890.1172929145,
				"retransmits":	0,
				"omitted":	false,
				"sender":	true
			}
		}, {
			"streams":	[{
					"socket":	6,
					"start":	6.000126,
					"end":	7.000166,
					"seconds":	1.0000400543212891,
					"bytes":	1172880,
					"bits_per_second":	9382664.18375424,
					"retransmits":	0,
					"snd_cwnd":	86880,
					"snd_wnd":	1155072,
					"rtt":	72073,
					"rttvar":	660,
					"pmtu":	1500,
					"omitted":	false,
					"sender":	true
				}],
			"sum":	{
				"start":	6.000126,
				"end":	7.000166,
				"seconds":	1.0000400543212891,
				"bytes":	1172880,
				"bits_per_second":	9382664.18375424,
				"retransmits":	0,
				"omitted":	false,
				"sender":	true
			}
		}, {
			"streams":	[{
					"socket":	6,
					"start":	7.000166,
					"end":	8.000129,
					"seconds":	0.99996298551559448,
					"bytes":	1172880,
					"bits_per_second":	9383387.3212436736,
					"retransmits":	0,
					"snd_cwnd":	97016,
					"snd_wnd":	1155072,
					"rtt":	80603,
					"rttvar":	640,
					"pmtu":	1500,
					"omitted":	false,
					"sender":	true
				}],
			"sum":	{
				"start":	7.000166,
				"end":	8.000129,
				"seconds":	0.99996298551559448,
				"bytes":	1172880,
				"bits_per_second":	9383387.3212436736,
				"retransmits":	0,
				"omitted":	false,
				"sender":	true
			}
		}, {
			"streams":	[{
					"socket":	6,
					"start":	8.000129,
					"end":	9.000138,
					"seconds":	1.0000089406967163,
					"bytes":	1172880,
					"bits_per_second":	9382956.10983512,
					"retransmits":	0,
					"snd_cwnd":	105704,
					"snd_wnd":	1155072,
					"rtt":	88404,
					"rttvar":	70,
					"pmtu":	1500,
					"omitted":	false,
					"sender":	true
				}],
			"sum":	{
				"start":	8.000129,
				"end":	9.000138,
				"seconds":	1.0000089406967163,
				"bytes":	1172880,
				"bits_per_second":	9382956.10983512,
				"retransmits":	0,
				"omitted":	false,
				"sender":	true
			}
		}, {
			"streams":	[{
					"socket":	6,
					"start":	9.000138,
					"end":	10.000133,
					"seconds":	0.999994993209839,
					"bytes":	1172880,
					"bits_per_second":	9383086.97914757,
					"retransmits":	0,
					"snd_cwnd":	114392,
					"snd_wnd":	1154560,
					"rtt":	95592,
					"rttvar":	158,
					"pmtu":	1500,
					"omitted":	false,
					"sender":	true
				}],
			"sum":	{
				"start":	9.000138,
				"end":	10.000133,
				"seconds":	0.999994993209839,
				"bytes":	1172880,
				"bits_per_second":	9383086.97914757,
				"retransmits":	0,
				"omitted":	false,
				"sender":	true
			}
		}, {
			"streams":	[{
					"socket":	6,
					"start":	10.000133,
					"end":	11.000197,
					"seconds":	1.0000640153884888,
					"bytes":	1172880,
					"bits_per_second":	9382439.37949815,
					"retransmits":	1,
					"snd_cwnd":	97016,
					"snd_wnd":	1154560,
					"rtt":	78590,
					"rttvar":	269,
					"pmtu":	1500,
					"omitted":	false,
					"sender":	true
				}],
			"sum":	{
				"start":	10.000133,
				"end":	11.000197,
				"seconds":	1.0000640153884888,
				"bytes":	1172880,
				"bits_per_second":	9382439.37949815,
				"retransmits":	1,
				"omitted":	false,
				"sender":	true
			}
		}, {
			"streams":	[{
					"socket":	6,
					"start":	11.000197,
					"end":	12.000176,
					"seconds":	0.999979019165039,
					"bytes":	1172880,
					"bits_per_second":	9383236.86814413,
					"retransmits":	0,
					"snd_cwnd":	115840,
					"snd_wnd":	1153536,
					"rtt":	95737,
					"rttvar":	406,
					"pmtu":	1500,
					"omitted":	false,
					"sender":	true
				}],
			"sum":	{
				"start":	11.000197,
				"end":	12.000176,
				"seconds":	0.999979019165039,
				"bytes":	1172880,
				"bits_per_second":	9383236.86814413,
				"retransmits":	0,
				"omitted":	false,