{
	"start":	{
		"connected":	[{
				"socket":	6,
				"local_host":	"10.0.0.5",
				"local_port":	57762,
				"remote_host":	"10.0.0.1",
				"remote_port":	5004
			}],
		"version":	"iperf 3.12",
		"system_info":	"Linux cs244c-vm 6.1.0-43-cloud-amd64 #1 SMP PREEMPT_DYNAMIC Debian 6.1.162-1 (2026-02-08) x86_64",
		"timestamp":	{
			"time":	"Mon, 09 Mar 2026 00:16:46 GMT",
			"timesecs":	1773015406
		},
		"connecting_to":	{
			"host":	"10.0.0.1",
			"port":	5004
		},
		"cookie":	"o2c3ddxd2krs43qszfg73dmyw3m7jy3yzs25",
		"tcp_mss_default":	1448,
		"target_bitrate":	0,
		"sock_bufsize":	0,
		"sndbuf_actual":	87380,
		"rcvbuf_actual":	87380,
		"test_start":	{
			"protocol":	"TCP",
			"num_streams":	1,
			"blksize":	131072,
			"omit":	0,
			"duration":	0,
			"bytes":	20971520,
			"blocks":	0,
			"reverse":	0,
			"tos":	0,
			"target_bitrate":	0
		}
	},
	"intervals":	[{
			"streams":	[{
					"socket":	6,
					"start":	0,
					"end":	0.10021,
					"seconds":	0.100210003554821,
					"bytes":	9630648,
					"bits_per_second":	768837254.43489838,
					"retransmits":	0,
					"snd_cwnd":	913688,
					"snd_wnd":	1891328,
					"rtt":	3948,
					"rttvar":	187,
					"pmtu":	1500,
					"omitted":	false,
					"sender":	true
				}],
			"sum":	{
				"start":	0,
				"end":	0.10021,
				"seconds":	0.100210003554821,
				"bytes":	9630648,
				"bits_per_second":	768837254.43489838,
				"retransmits":	0,
				"omitted":	false,
				"sender":	true
			}
		}, {
			"streams":	[{
					"socket":	6,
					"start":	0.10021,
					"end":	0.200157,
					"seconds":	0.0999469980597496,
					"bytes":	7819200,
					"bits_per_second":	625867722.03608,
					"retransmits":	0,
					"snd_cwnd":	913688,
					"snd_wnd":	1891328,
					"rtt":	4010,
					"rttvar":	30,
					"pmtu":	1500,
					"omitted":	false,
					"sender":	true
				}],
			"sum":	{
				"start":	0.10021,
				"end":	0.200157,
				"seconds":	0.0999469980597496,
				"bytes":	7819200,
				"bits_per_second":	625867722.03608,
				"retransmits":	0,
				"omitted":	false,
				"sender":	true
			}
		}, {
			"streams":	[{
					"socket":	6,
					"start":	0.200157,
					"end":	0.240737,
					"seconds":	0.040580000728368759,
					"bytes":	3521672,
					"bits_per_second":	694267508.4849,
					"retransmits":	0,
					"snd_cwnd":	913688,
					"snd_wnd":	1891328,
					"rtt":	3973,
					"rttvar":	23,
					"pmtu":	1500,
					"omitted":	false,
					"sender":	true
				}],
			"sum":	{
				"start":	0.200157,
				"end":	0.240737,
				"seconds":	0.040580000728368759,
				"bytes":	3521672,
				"bits_per_second":	694267508.4849,
				"retransmits":	0,
				"omitted":	false,
				"sender":	true
			}
		}],
	"end":	{
		"streams":	[{
				"sender":	{
					"socket":	6,
					"start":	0,
					"end":	0.240737,
					"seconds":	0.240737,
					"bytes":	20971520,
					"bits_per_second":	696910570.45655632,
					"retransmits":	0,
					"max_snd_cwnd":	913688,
					"max_snd_wnd":	1891328,
					"max_rtt":	4010,
					"min_rtt":	3948,
					"mean_rtt":	3977,
					"sender":	true
				},
				"receiver":	{
					"socket":	6,
					"start":	0,
					"end":	0.245201,
					"seconds":	0.240737,
					"bytes":	18818208,
					"bits_per_second":	613968393.277352,
					"sender":	true
				}
			}],
		"sum_sent":	{
			"start":	0,
			"end":	0.240737,
			"seconds":	0.240737,
			"bytes":	20971520,
			"bits_per_second":	696910570.45655632,
			"retransmits":	0,
			"sender":	true
		},
		"sum_received":	{
			"start":	0,
			"end":	0.245201,
			"seconds":	0.245201,
			"bytes":	18818208,
			"bits_per_second":	613968393.277352,
			"sender":	true
		},
		"cpu_utilization_percent":	{
			"host_total":	4.75842308072325,
			"host_user":	0,
			"host_system":	4.75842308072325,
			"remote_total":	5.6378406152892531,
			"remote_user":	0,
			"remote_system":	5.638248415695422
		},
		"sender_tcp_congestion":	"cubic",
		"receiver_tcp_congestion":	"cubic"
	}
}
