{
	"start":	{
		"connected":	[{
				"socket":	6,
				"local_host":	"10.0.0.3",
				"local_port":	41772,
				"remote_host":	"10.0.0.1",
				"remote_port":	5002
			}],
		"version":	"iperf 3.12",
		"system_info":	"Linux cs244c-vm 6.1.0-43-cloud-amd64 #1 SMP PREEMPT_DYNAMIC Debian 6.1.162-1 (2026-02-08) x86_64",
		"timestamp":	{
			"time":	"Wed, 04 Mar 2026 02:39:56 GMT",
			"timesecs":	1772591996
		},
		"connecting_to":	{
			"host":	"10.0.0.1",
			"port":	5002
		},
		"cookie":	"bfaxk3kuazpjjoyrorikxupk3rnknzrkern5",
		"tcp_mss_default":	1448,
		"target_bitrate":	0,
		"sock_bufsize":	0,
		"sndbuf_actual":	87380,
		"rcvbuf_actual":	87380,
		"test_start":	{
			"protocol":	"TCP",
			"num_streams":	1,
			"blksize":	131072,
			"omit":	0,
			"duration":	0,
			"bytes":	512000,
			"blocks":	0,
			"reverse":	0,
			"tos":	0,
			"target_bitrate":	0
		}
	},
	"intervals":	[{
			"streams":	[{
					"socket":	6,
					"start":	0,
					"end":	0.948113,
					"seconds":	0.94811302423477173,
					"bytes":	519832,
					"bits_per_second":	4386244.9873594753,
					"retransmits":	8,
					"snd_cwnd":	41992,
					"snd_wnd":	510464,
					"rtt":	93187,
					"rttvar":	1689,
					"pmtu":	1500,
					"omitted":	false,
					"sender":	true
				}],
			"sum":	{
				"start":	0,
				"end":	0.948113,
				"seconds":	0.94811302423477173,
				"bytes":	519832,
				"bits_per_second":	4386244.9873594753,
				"retransmits":	8,
				"omitted":	false,
				"sender":	true
			}
		}],
	"end":	{
		"streams":	[{
				"sender":	{
					"socket":	6,
					"start":	0,
					"end":	0.948113,
					"seconds":	0.948113,
					"bytes":	519832,
					"bits_per_second":	4386245.09947654,
					"retransmits":	8,
					"max_snd_cwnd":	41992,
					"max_snd_wnd":	510464,
					"max_rtt":	93187,
					"min_rtt":	93187,
					"mean_rtt":	93187,
					"sender":	true
				},
				"receiver":	{
					"socket":	6,
					"start":	0,
					"end":	1.046168,
					"seconds":	0.948113,
					"bytes":	389512,
					"bits_per_second":	2978580.8780234149,
					"sender":	true
				}
			}],
		"sum_sent":	{
			"start":	0,
			"end":	0.948113,
			"seconds":	0.948113,
			"bytes":	519832,
			"bits_per_second":	4386245.09947654,
			"retransmits":	8,
			"sender":	true
		},
		"sum_received":	{
			"start":	0,
			"end":	1.046168,
			"seconds":	1.046168,
			"bytes":	389512,
			"bits_per_second":	2978580.8780234149,
			"sender":	true
		},
		"cpu_utilization_percent":	{
			"host_total":	4.6975929021962157,
			"host_user":	1.688008207310586,
			"host_system":	3.0095846948856293,
			"remote_total":	0.55247932264888022,
			"remote_user":	0,
			"remote_system":	0.5523837379909825
		},
		"sender_tcp_congestion":	"cubic",
		"receiver_tcp_congestion":	"cubic"
	}
}
