{
	"start":	{
		"connected":	[{
				"socket":	6,
				"local_host":	"10.0.0.5",
				"local_port":	57534,
				"remote_host":	"10.0.0.1",
				"remote_port":	5004
			}],
		"version":	"iperf 3.12",
		"system_info":	"Linux cs244c-vm 6.1.0-43-cloud-amd64 #1 SMP PREEMPT_DYNAMIC Debian 6.1.162-1 (2026-02-08) x86_64",
		"timestamp":	{
			"time":	"Wed, 04 Mar 2026 02:39:56 GMT",
			"timesecs":	1772591996
		},
		"connecting_to":	{
			"host":	"10.0.0.1",
			"port":	5004
		},
		"cookie":	"3grrr3mjq7nlqem2qzd6gvm746ybid4bqrpo",
		"tcp_mss_default":	1448,
		"target_bitrate":	0,
		"sock_bufsize":	0,
		"sndbuf_actual":	87380,
		"rcvbuf_actual":	87380,
		"test_start":	{
			"protocol":	"TCP",
			"num_streams":	1,
			"blksize":	131072,
			"omit":	0,
			"duration":	0,
			"bytes":	512000,
			"blocks":	0,
			"reverse":	0,
			"tos":	0,
			"target_bitrate":	0
		}
	},
	"intervals":	[{
			"streams":	[{
					"socket":	6,
					"start":	0,
					"end":	0.647686,
					"seconds":	0.647686004638672,
					"bytes":	524288,
					"bits_per_second":	6475829.2906759642,
					"retransmits":	1,
					"snd_cwnd":	65160,
					"snd_wnd":	243200,
					"rtt":	98601,
					"rttvar":	958,
					"pmtu":	1500,
					"omitted":	false,
					"sender":	true
				}],
			"sum":	{
				"start":	0,
				"end":	0.647686,
				"seconds":	0.647686004638672,
				"bytes":	524288,
				"bits_per_second":	6475829.2906759642,
				"retransmits":	1,
				"omitted":	false,
				"sender":	true
			}
		}],
	"end":	{
		"streams":	[{
				"sender":	{
					"socket":	6,
					"start":	0,
					"end":	0.647686,
					"seconds":	0.647686,
					"bytes":	524288,
					"bits_per_second":	6475829.3370553,
					"retransmits":	1,
					"max_snd_cwnd":	65160,
					"max_snd_wnd":	243200,
					"max_rtt":	98601,
					"min_rtt":	98601,
					"mean_rtt":	98601,
					"sender":	true
				},
				"receiver":	{
					"socket":	6,
					"start":	0,
					"end":	0.752986,
					"seconds":	0.647686,
					"bytes":	408336,
					"bits_per_second":	4338311.7348795328,
					"sender":	true
				}
			}],
		"sum_sent":	{
			"start":	0,
			"end":	0.647686,
			"seconds":	0.647686,
			"bytes":	524288,
			"bits_per_second":	6475829.3370553,
			"retransmits":	1,
			"sender":	true
		},
		"sum_received":	{
			"start":	0,
			"end":	0.752986,
			"seconds":	0.752986,
			"bytes":	408336,
			"bits_per_second":	4338311.7348795328,
			"sender":	true
		},
		"cpu_utilization_percent":	{
			"host_total":	1.8173442414185657,
			"host_user":	0.61140911108109675,
			"host_system":	1.205935130337469,
			"remote_total":	0.826552741209577,
			"remote_user":	0.82668554209987433,
			"remote_system":	0
		},
		"sender_tcp_congestion":	"cubic",
		"receiver_tcp_congestion":	"cubic"
	}
}
