{
	"start":	{
		"connected":	[{
				"socket":	6,
				"local_host":	"10.0.0.3",
				"local_port":	38958,
				"remote_host":	"10.0.0.1",
				"remote_port":	5002
			}],
		"version":	"iperf 3.12",
		"system_info":	"Linux cs244c-vm 6.1.0-43-cloud-amd64 #1 SMP PREEMPT_DYNAMIC Debian 6.1.162-1 (2026-02-08) x86_64",
		"timestamp":	{
			"time":	"Mon, 09 Mar 2026 00:16:42 GMT",
			"timesecs":	1773015402
		},
		"connecting_to":	{
			"host":	"10.0.0.1",
			"port":	5002
		},
		"cookie":	"ro53hiufwfttnk5nr3dlz6ge2kzkmdz7e6aa",
		"tcp_mss_default":	1448,
		"target_bitrate":	0,
		"sock_bufsize":	0,
		"sndbuf_actual":	87380,
		"rcvbuf_actual":	87380,
		"test_start":	{
			"protocol":	"TCP",
			"num_streams":	1,
			"blksize":	131072,
			"omit":	0,
			"duration":	0,
			"bytes":	20971520,
			"blocks":	0,
			"reverse":	0,
			"tos":	0,
			"target_bitrate":	0
		}
	},
	"intervals":	[{
			"streams":	[{
					"socket":	6,
					"start":	0,
					"end":	0.100125,
					"seconds":	0.10012499988079071,
					"bytes":	8133416,
					"bits_per_second":	649860954.58146775,
					"retransmits":	0,
					"snd_cwnd":	589336,
					"snd_wnd":	1774592,
					"rtt":	3395,
					"rttvar":	27,
					"pmtu":	1500,
					"omitted":	false,
					"sender":	true
				}],
			"sum":	{
				"start":	0,
				"end":	0.100125,
				"seconds":	0.10012499988079071,
				"bytes":	8133416,
				"bits_per_second":	649860954.58146775,
				"retransmits":	0,
				"omitted":	false,
				"sender":	true
			}
		}, {
			"streams":	[{
					"socket":	6,
					"start":	0.100125,
					"end":	0.200111,
					"seconds":	0.0999860018491745,
					"bytes":	7884360,
					"bits_per_second":	630837105.52949524,
					"retransmits":	0,
					"snd_cwnd":	589336,
					"snd_wnd":	1774592,
					"rtt":	3409,
					"rttvar":	16,
					"pmtu":	1500,
					"omitted":	false,
					"sender":	true
				}],
			"sum":	{
				"start":	0.100125,
				"end":	0.200111,
				"seconds":	0.0999860018491745,
				"bytes":	7884360,
				"bits_per_second":	630837105.52949524,
				"retransmits":	0,
				"omitted":	false,
				"sender":	true
			}
		}, {
			"streams":	[{
					"socket":	6,
					"start":	0.200111,
					"end":	0.265654,
					"seconds":	0.0655430033802986,
					"bytes":	4953744,
					"bits_per_second":	604640464.368959,
					"retransmits":	0,
					"snd_cwnd":	589336,
					"snd_wnd":	1774592,
					"rtt":	3472,
					"rttvar":	49,
					"pmtu":	1500,
					"omitted":	false,
					"sender":	true
				}],
			"sum":	{
				"start":	0.200111,
				"end":	0.265654,
				"seconds":	0.0655430033802986,
				"bytes":	4953744,
				"bits_per_second":	604640464.368959,
				"retransmits":	0,
				"omitted":	false,
				"sender":	true
			}
		}],
	"end":	{
		"streams":	[{
				"sender":	{
					"socket":	6,
					"start":	0,
					"end":	0.265654,
					"seconds":	0.265654,
					"bytes":	20971520,
					"bits_per_second":	631543887.9143548,
					"retransmits":	0,
					"max_snd_cwnd":	589336,
					"max_snd_wnd":	1774592,
					"max_rtt":	3472,
					"min_rtt":	3395,
					"mean_rtt":	3425,
					"sender":	true
				},
				"receiver":	{
					"socket":	6,
					"start":	0,
					"end":	0.2688,
					"seconds":	0.265654,
					"bytes":	19340936,
					"bits_per_second":	575623095.23809528,
					"sender":	true
				}
			}],
		"sum_sent":	{
			"start":	0,
			"end":	0.265654,
			"seconds":	0.265654,
			"bytes":	20971520,
			"bits_per_second":	631543887.9143548,
			"retransmits":	0,
			"sender":	true
		},
		"sum_received":	{
			"start":	0,
			"end":	0.2688,
			"seconds":	0.2688,
			"bytes":	19340936,
			"bits_per_second":	575623095.23809528,
			"sender":	true
		},
		"cpu_utilization_percent":	{
			"host_total":	4.81010393745863,
			"host_user":	1.0286409416984204,
			"host_system":	3.7811052076065761,
			"remote_total":	5.7739863822128346,
			"remote_user":	0.45962820689219186,
			"remote_system":	5.31398630783934
		},
		"sender_tcp_congestion":	"cubic",
		"receiver_tcp_congestion":	"cubic"
	}
}
