{
	"start":	{
		"connected":	[{
				"socket":	6,
				"local_host":	"10.0.0.4",
				"local_port":	48736,
				"remote_host":	"10.0.0.1",
				"remote_port":	5003
			}],
		"version":	"iperf 3.12",
		"system_info":	"Linux cs244c-vm 6.1.0-43-cloud-amd64 #1 SMP PREEMPT_DYNAMIC Debian 6.1.162-1 (2026-02-08) x86_64",
		"timestamp":	{
			"time":	"Mon, 09 Mar 2026 00:16:44 GMT",
			"timesecs":	1773015404
		},
		"connecting_to":	{
			"host":	"10.0.0.1",
			"port":	5003
		},
		"cookie":	"yq5fjgg65cn5c4xfexoitljxrhtnusppv2bu",
		"tcp_mss_default":	1448,
		"target_bitrate":	0,
		"sock_bufsize":	0,
		"sndbuf_actual":	87380,
		"rcvbuf_actual":	87380,
		"test_start":	{
			"protocol":	"TCP",
			"num_streams":	1,
			"blksize":	131072,
			"omit":	0,
			"duration":	0,
			"bytes":	20971520,
			"blocks":	0,
			"reverse":	0,
			"tos":	0,
			"target_bitrate":	0
		}
	},
	"intervals":	[{
			"streams":	[{
					"socket":	6,
					"start":	0,
					"end":	0.100095,
					"seconds":	0.1000949963927269,
					"bytes":	9610376,
					"bits_per_second":	768100412.31577957,
					"retransmits":	0,
					"snd_cwnd":	1080208,
					"snd_wnd":	1441792,
					"rtt":	3936,
					"rttvar":	29,
					"pmtu":	1500,
					"omitted":	false,
					"sender":	true
				}],
			"sum":	{
				"start":	0,
				"end":	0.100095,
				"seconds":	0.1000949963927269,
				"bytes":	9610376,
				"bits_per_second":	768100412.31577957,
				"retransmits":	0,
				"omitted":	false,
				"sender":	true
			}
		}, {
			"streams":	[{
					"socket":	6,
					"start":	0.100095,
					"end":	0.200124,
					"seconds":	0.10002899914979935,
					"bytes":	8210160,
					"bits_per_second":	656622385.09093142,
					"retransmits":	0,
					"snd_cwnd":	1080208,
					"snd_wnd":	1441792,
					"rtt":	4014,
					"rttvar":	54,
					"pmtu":	1500,
					"omitted":	false,
					"sender":	true
				}],
			"sum":	{
				"start":	0.100095,
				"end":	0.200124,
				"seconds":	0.10002899914979935,
				"bytes":	8210160,
				"bits_per_second":	656622385.09093142,
				"retransmits":	0,
				"omitted":	false,
				"sender":	true
			}
		}, {
			"streams":	[{
					"socket":	6,
					"start":	0.200124,
					"end":	0.234798,
					"seconds":	0.0346739999949932,
					"bytes":	3150984,
					"bits_per_second":	726996366.258289,
					"retransmits":	0,
					"snd_cwnd":	1080208,
					"snd_wnd":	1441792,
					"rtt":	4008,
					"rttvar":	16,
					"pmtu":	1500,
					"omitted":	false,
					"sender":	true
				}],
			"sum":	{
				"start":	0.200124,
				"end":	0.234798,
				"seconds":	0.0346739999949932,
				"bytes":	3150984,
				"bits_per_second":	726996366.258289,
				"retransmits":	0,
				"omitted":	false,
				"sender":	true
			}
		}],
	"end":	{
		"streams":	[{
				"sender":	{
					"socket":	6,
					"start":	0,
					"end":	0.234798,
					"seconds":	0.234798,
					"bytes":	20971520,
					"bits_per_second":	714538283.97175443,
					"retransmits":	0,
					"max_snd_cwnd":	1080208,
					"max_snd_wnd":	1441792,
					"max_rtt":	4014,
					"min_rtt":	3936,
					"mean_rtt":	3986,
					"sender":	true
				},
				"receiver":	{
					"socket":	6,
					"start":	0,
					"end":	0.239147,
					"seconds":	0.234798,
					"bytes":	18276656,
					"bits_per_second":	611394865.919288,
					"sender":	true
				}
			}],
		"sum_sent":	{
			"start":	0,
			"end":	0.234798,
			"seconds":	0.234798,
			"bytes":	20971520,
			"bits_per_second":	714538283.97175443,
			"retransmits":	0,
			"sender":	true
		},
		"sum_received":	{
			"start":	0,
			"end":	0.239147,
			"seconds":	0.239147,
			"bytes":	18276656,
			"bits_per_second":	611394865.919288,
			"sender":	true
		},
		"cpu_utilization_percent":	{
			"host_total":	4.5905917714359585,
			"host_user":	3.2404414854077115,
			"host_system":	1.3505542807278368,
			"remote_total":	5.62303231498012,
			"remote_user":	1.8045213377540483,
			"remote_system":	3.818510977226071
		},
		"sender_tcp_congestion":	"cubic",
		"receiver_tcp_congestion":	"cubic"
	}
}
