{
	"start":	{
		"connected":	[{
				"socket":	6,
				"local_host":	"10.0.0.4",
				"local_port":	41642,
				"remote_host":	"10.0.0.1",
				"remote_port":	5003
			}],
		"version":	"iperf 3.12",
		"system_info":	"Linux cs244c-vm 6.1.0-43-cloud-amd64 #1 SMP PREEMPT_DYNAMIC Debian 6.1.162-1 (2026-02-08) x86_64",
		"timestamp":	{
			"time":	"Wed, 04 Mar 2026 02:43:34 GMT",
			"timesecs":	1772592214
		},
		"connecting_to":	{
			"host":	"10.0.0.1",
			"port":	5003
		},
		"cookie":	"zzhd5me3ezwxk7aolsst7hxtqvjljb6p4udv",
		"tcp_mss_default":	1448,
		"target_bitrate":	5000000,
		"sock_bufsize":	0,
		"sndbuf_actual":	87380,
		"rcvbuf_actual":	87380,
		"test_start":	{
			"protocol":	"TCP",
			"num_streams":	1,
			"blksize":	131072,
			"omit":	0,
			"duration":	15,
			"bytes":	0,
			"blocks":	0,
			"reverse":	0,
			"tos":	0,
			"target_bitrate":	5000000
		}
	},
	"intervals":	[{
			"streams":	[{
					"socket":	6,
					"start":	0,
					"end":	1.000105,
					"seconds":	1.0001050233840942,
					"bytes":	388064,
					"bits_per_second":	3104185.9878826947,
					"retransmits":	42,
					"snd_cwnd":	40544,
					"snd_wnd":	141824,
					"rtt":	186515,
					"rttvar":	20293,
					"pmtu":	1500,
					"omitted":	false,
					"sender":	true
				}],
			"sum":	{
				"start":	0,
				"end":	1.000105,
				"seconds":	1.0001050233840942,
				"bytes":	388064,
				"bits_per_second":	3104185.9878826947,
				"retransmits":	42,
				"omitted":	false,
				"sender":	true
			}
		}, {
			"streams":	[{
					"socket":	6,
					"start":	1.000105,
					"end":	2.000089,
					"seconds":	0.9999840259552002,
					"bytes":	267296,
					"bits_per_second":	2138402.1589318868,
					"retransmits":	15,
					"snd_cwnd":	24616,
					"snd_wnd":	519680,
					"rtt":	106599,
					"rttvar":	136,
					"pmtu":	1500,
					"omitted":	false,
					"sender":	true
				}],
			"sum":	{
				"start":	1.000105,
				"end":	2.000089,
				"seconds":	0.9999840259552002,
				"bytes":	267296,
				"bits_per_second":	2138402.1589318868,
				"retransmits":	15,
				"omitted":	false,
				"sender":	true
			}
		}, {
			"streams":	[{
					"socket":	6,
					"start":	2.000089,
					"end":	3.00015,
					"seconds":	1.00006103515625,
					"bytes":	262144,
					"bits_per_second":	2097024.0078120232,
					"retransmits":	1,
					"snd_cwnd":	21720,
					"snd_wnd":	835584,
					"rtt":	89997,
					"rttvar":	1197,
					"pmtu":	1500,
					"omitted":	false,
					"sender":	true
				}],
			"sum":	{
				"start":	2.000089,
				"end":	3.00015,
				"seconds":	1.00006103515625,
				"bytes":	262144,
				"bits_per_second":	2097024.0078120232,
				"retransmits":	1,
				"omitted":	false,
				"sender":	true
			}
		}, {
			"streams":	[{
					"socket":	6,
					"start":	3.00015,
					"end":	4.000087,
					"seconds":	0.99993699789047241,
					"bytes":	261168,
					"bits_per_second":	2089475.6413732129,
					"retransmits":	1,
					"snd_cwnd":	20272,
					"snd_wnd":	834560,
					"rtt":	84629,
					"rttvar":	1264,
					"pmtu":	1500,
					"omitted":	false,
					"sender":	true
				}],
			"sum":	{
				"start":	3.00015,
				"end":	4.000087,
				"seconds":	0.99993699789047241,
				"bytes":	261168,
				"bits_per_second":	2089475.6413732129,
				"retransmits":	1,
				"omitted":	false,
				"sender":	true
			}
		}, {
			"streams":	[{
					"socket":	6,
					"start":	4.000087,
					"end":	5.000102,
					"seconds":	1.0000150203704834,
					"bytes":	130320,
					"bits_per_second":	1042544.3405977589,
					"retransmits":	2,
					"snd_cwnd":	21720,
					"snd_wnd":	835584,
					"rtt":	107955,
					"rttvar":	731,
					"pmtu":	1500,
					"omitted":	false,
					"sender":	true
				}],
			"sum":	{
				"start":	4.000087,
				"end":	5.000102,
				"seconds":	1.0000150203704834,
				"bytes":	130320,
				"bits_per_second":	1042544.3405977589,
				"retransmits":	2,
				"omitted":	false,
				"sender":	true
			}
		}, {
			"streams":	[{
					"socket":	6,
					"start":	5.000102,
					"end":	6.000088,
					"seconds":	0.99998599290847778,
					"bytes":	260640,
					"bits_per_second":	2085149.2068757783,
					"retransmits":	0,
					"snd_cwnd":	24616,
					"snd_wnd":	835584,
					"rtt":	105548,
					"rttvar":	1894,
					"pmtu":	1500,
					"omitted":	false,
					"sender":	true
				}],
			"sum":	{
				"start":	5.000102,
				"end":	6.000088,
				"seconds":	0.99998599290847778,
				"bytes":	260640,
				"bits_per_second":	2085149.2068757783,
				"retransmits":	0,
				"omitted":	false,
				"sender":	true
			}
		}, {
			"streams":	[{
					"socket":	6,
					"start":	6.000088,
					"end":	7.000099,
					"seconds":	1.0000109672546387,
					"bytes":	260640,
					"bits_per_second":	2085097.1322088046,
					"retransmits":	1,
					"snd_cwnd":	23168,
					"snd_wnd":	835584,
					"rtt":	104026,
					"rttvar":	2055,
					"pmtu":	1500,
					"omitted":	false,
					"sender":	true
				}],
			"sum":	{
				"start":	6.000088,
				"end":	7.000099,
				"seconds":	1.0000109672546387,
				"bytes":	260640,
				"bits_per_second":	2085097.1322088046,
				"retransmits":	1,
				"omitted":	false,
				"sender":	true
			}
		}, {
			"streams":	[{
					"socket":	6,
					"start":	7.000099,
					"end":	8.000125,
					"seconds":	1.0000259876251221,
					"bytes":	130320,
					"bits_per_second":	1042532.9070456342,
					"retransmits":	1,
					"snd_cwnd":	20272,
					"snd_wnd":	835584,
					"rtt":	89496,
					"rttvar":	277,
					"pmtu":	1500,
					"omitted":	false,
					"sender":	true
				}],
			"sum":	{
				"start":	7.000099,
				"end":	8.000125,
				"seconds":	1.0000259876251221,
				"bytes":	130320,
				"bits_per_second":	1042532.9070456342,
				"retransmits":	1,
				"omitted":	false,
				"sender":	true
			}
		}, {
			"streams":	[{
					"socket":	6,
					"start":	8.000125,
					"end":	9.000089,
					"seconds":	0.99996399879455566,
					"bytes":	260640,
					"bits_per_second":	2085195.06953609,
					"retransmits":	0,
					"snd_cwnd":	27512,
					"snd_wnd":	835584,
					"rtt":	112264,
					"rttvar":	722,
					"pmtu":	1500,
					"omitted":	false,
					"sender":	true
				}],
			"sum":	{
				"start":	8.000125,
				"end":	9.000089,
				"seconds":	0.99996399879455566,
				"bytes":	260640,
				"bits_per_second":	2085195.06953609,
				"retransmits":	0,
				"omitted":	false,
				"sender":	true
			}
		}, {
			"streams":	[{
					"socket":	6,
					"start":	9.000089,
					"end":	10.000094,
					"seconds":	1.0000050067901611,
					"bytes":	260640,
					"bits_per_second":	2085109.5602939685,
					"retransmits":	1,
					"snd_cwnd":	26064,
					"snd_wnd":	835584,
					"rtt":	99418,
					"rttvar":	1518,
					"pmtu":	1500,
					"omitted":	false,
					"sender":	true
				}],
			"sum":	{
				"start":	9.000089,
				"end":	10.000094,
				"seconds":	1.0000050067901611,
				"bytes":	260640,
				"bits_per_second":	2085109.5602939685,
				"retransmits":	1,
				"omitted":	false,
				"sender":	true
			}
		}, {
			"streams":	[{
					"socket":	6,
					"start":	10.000094,
					"end":	11.000085,
					"seconds":	0.999990999698639,
					"bytes":	260640,
					"bits_per_second":	2085138.7668772815,
					"retransmits":	1,
					"snd_cwnd":	23168,
					"snd_wnd":	835584,
					"rtt":	88236,
					"rttvar":	1955,
					"pmtu":	1500,
					"omitted":	false,
					"sender":	true
				}],
			"sum":	{
				"start":	10.000094,
				"end":	11.000085,
				"seconds":	0.999990999698639,
				"bytes":	260640,
				"bits_per_second":	2085138.7668772815,
				"retransmits":	1,
				"omitted":	false,
				"sender":	true
			}
		}, {
			"streams":	[{
					"socket":	6,
					"start":	11.000085,
					"end":	12.000104,
					"seconds":	1.0000189542770386,
					"bytes":	260640,
					"bits_per_second":	2085080.4788069569,
					"retransmits":	2,
					"snd_cwnd":	21720,
					"snd_wnd":	835584,
					"rtt":	91220,
					"rttvar":	3464,
					"pmtu":	1500,
					"omitted":	false,
					"sender":	true
				}],
			"sum":	{
				"start":	11.000085,
				"end":	12.000104,
				"seconds":	1.0000189542770386,
				"bytes":	260640,
				"bits_per_second":	2085080.4788069569,
				"retransmits":	2,
				"omitted":	false,