{
	"start":	{
		"connected":	[{
				"socket":	6,
				"local_host":	"10.0.0.5",
				"local_port":	40570,
				"remote_host":	"10.0.0.1",
				"remote_port":	5004
			}],
		"version":	"iperf 3.12",
		"system_info":	"Linux cs244c-vm 6.1.0-43-cloud-amd64 #1 SMP PREEMPT_DYNAMIC Debian 6.1.162-1 (2026-02-08) x86_64",
		"timestamp":	{
			"time":	"Wed, 04 Mar 2026 02:43:34 GMT",
			"timesecs":	1772592214
		},
		"connecting_to":	{
			"host":	"10.0.0.1",
			"port":	5004
		},
		"cookie":	"42df7b6qkrnvstcx46fgwjq3hbvirbmcntic",
		"tcp_mss_default":	1448,
		"target_bitrate":	5000000,
		"sock_bufsize":	0,
		"sndbuf_actual":	87380,
		"rcvbuf_actual":	87380,
		"test_start":	{
			"protocol":	"TCP",
			"num_streams":	1,
			"blksize":	131072,
			"omit":	0,
			"duration":	15,
			"bytes":	0,
			"blocks":	0,
			"reverse":	0,
			"tos":	0,
			"target_bitrate":	5000000
		}
	},
	"intervals":	[{
			"streams":	[{
					"socket":	6,
					"start":	0,
					"end":	1.000114,
					"seconds":	1.0001139640808105,
					"bytes":	393216,
					"bits_per_second":	3145369.5408514673,
					"retransmits":	74,
					"snd_cwnd":	55024,
					"snd_wnd":	215552,
					"rtt":	194462,
					"rttvar":	20839,
					"pmtu":	1500,
					"omitted":	false,
					"sender":	true
				}],
			"sum":	{
				"start":	0,
				"end":	1.000114,
				"seconds":	1.0001139640808105,
				"bytes":	393216,
				"bits_per_second":	3145369.5408514673,
				"retransmits":	74,
				"omitted":	false,
				"sender":	true
			}
		}, {
			"streams":	[{
					"socket":	6,
					"start":	1.000114,
					"end":	2.000109,
					"seconds":	0.999994993209839,
					"bytes":	520528,
					"bits_per_second":	4164244.8495001411,
					"retransmits":	37,
					"snd_cwnd":	53576,
					"snd_wnd":	645120,
					"rtt":	106411,
					"rttvar":	304,
					"pmtu":	1500,
					"omitted":	false,
					"sender":	true
				}],
			"sum":	{
				"start":	1.000114,
				"end":	2.000109,
				"seconds":	0.999994993209839,
				"bytes":	520528,
				"bits_per_second":	4164244.8495001411,
				"retransmits":	37,
				"omitted":	false,
				"sender":	true
			}
		}, {
			"streams":	[{
					"socket":	6,
					"start":	2.000109,
					"end":	3.000096,
					"seconds":	0.999987006187439,
					"bytes":	390960,
					"bits_per_second":	3127720.6410157527,
					"retransmits":	2,
					"snd_cwnd":	30408,
					"snd_wnd":	645632,
					"rtt":	89752,
					"rttvar":	1585,
					"pmtu":	1500,
					"omitted":	false,
					"sender":	true
				}],
			"sum":	{
				"start":	2.000109,
				"end":	3.000096,
				"seconds":	0.999987006187439,
				"bytes":	390960,
				"bits_per_second":	3127720.6410157527,
				"retransmits":	2,
				"omitted":	false,
				"sender":	true
			}
		}, {
			"streams":	[{
					"socket":	6,
					"start":	3.000096,
					"end":	4.000082,
					"seconds":	0.99998599290847778,
					"bytes":	390960,
					"bits_per_second":	3127723.8103136672,
					"retransmits":	1,
					"snd_cwnd":	26064,
					"snd_wnd":	645632,
					"rtt":	84017,
					"rttvar":	1086,
					"pmtu":	1500,
					"omitted":	false,
					"sender":	true
				}],
			"sum":	{
				"start":	3.000096,
				"end":	4.000082,
				"seconds":	0.99998599290847778,
				"bytes":	390960,
				"bits_per_second":	3127723.8103136672,
				"retransmits":	1,
				"omitted":	false,
				"sender":	true
			}
		}, {
			"streams":	[{
					"socket":	6,
					"start":	4.000082,
					"end":	5.000083,
					"seconds":	1.0000009536743164,
					"bytes":	260640,
					"bits_per_second":	2085118.0114765058,
					"retransmits":	0,
					"snd_cwnd":	33304,
					"snd_wnd":	645120,
					"rtt":	108946,
					"rttvar":	199,
					"pmtu":	1500,
					"omitted":	false,
					"sender":	true
				}],
			"sum":	{
				"start":	4.000082,
				"end":	5.000083,
				"seconds":	1.0000009536743164,
				"bytes":	260640,
				"bits_per_second":	2085118.0114765058,
				"retransmits":	0,
				"omitted":	false,
				"sender":	true
			}
		}, {
			"streams":	[{
					"socket":	6,
					"start":	5.000083,
					"end":	6.00011,
					"seconds":	1.0000269412994385,
					"bytes":	260640,
					"bits_per_second":	2085063.8256711243,
					"retransmits":	1,
					"snd_cwnd":	28960,
					"snd_wnd":	645632,
					"rtt":	106578,
					"rttvar":	1830,
					"pmtu":	1500,
					"omitted":	false,
					"sender":	true
				}],
			"sum":	{
				"start":	5.000083,
				"end":	6.00011,
				"seconds":	1.0000269412994385,
				"bytes":	260640,
				"bits_per_second":	2085063.8256711243,
				"retransmits":	1,
				"omitted":	false,
				"sender":	true
			}
		}, {
			"streams":	[{
					"socket":	6,
					"start":	6.00011,
					"end":	7.000096,
					"seconds":	0.99998599290847778,
					"bytes":	260640,
					"bits_per_second":	2085149.2068757783,
					"retransmits":	1,
					"snd_cwnd":	27512,
					"snd_wnd":	644096,
					"rtt":	104226,
					"rttvar":	1719,
					"pmtu":	1500,
					"omitted":	false,
					"sender":	true
				}],
			"sum":	{
				"start":	6.00011,
				"end":	7.000096,
				"seconds":	0.99998599290847778,
				"bytes":	260640,
				"bits_per_second":	2085149.2068757783,
				"retransmits":	1,
				"omitted":	false,
				"sender":	true
			}
		}, {
			"streams":	[{
					"socket":	6,
					"start":	7.000096,
					"end":	8.000106,
					"seconds":	1.0000100135803223,
					"bytes":	260640,
					"bits_per_second":	2085099.120692475,
					"retransmits":	1,
					"snd_cwnd":	23168,
					"snd_wnd":	645632,
					"rtt":	89558,
					"rttvar":	158,
					"pmtu":	1500,
					"omitted":	false,
					"sender":	true
				}],
			"sum":	{
				"start":	7.000096,
				"end":	8.000106,
				"seconds":	1.0000100135803223,
				"bytes":	260640,
				"bits_per_second":	2085099.120692475,
				"retransmits":	1,
				"omitted":	false,
				"sender":	true
			}
		}, {
			"streams":	[{
					"socket":	6,
					"start":	8.000106,
					"end":	9.000081,
					"seconds":	0.999975025653839,
					"bytes":	260640,
					"bits_per_second":	2085172.0758092264,
					"retransmits":	0,
					"snd_cwnd":	31856,
					"snd_wnd":	645632,
					"rtt":	112370,
					"rttvar":	529,
					"pmtu":	1500,
					"omitted":	false,
					"sender":	true
				}],
			"sum":	{
				"start":	8.000106,
				"end":	9.000081,
				"seconds":	0.999975025653839,
				"bytes":	260640,
				"bits_per_second":	2085172.0758092264,
				"retransmits":	0,
				"omitted":	false,
				"sender":	true
			}
		}, {
			"streams":	[{
					"socket":	6,
					"start":	9.000081,
					"end":	10.000088,
					"seconds":	1.0000070333480835,
					"bytes":	260640,
					"bits_per_second":	2085105.33472839,
					"retransmits":	1,
					"snd_cwnd":	28960,
					"snd_wnd":	645632,
					"rtt":	100097,
					"rttvar":	856,
					"pmtu":	1500,
					"omitted":	false,
					"sender":	true
				}],
			"sum":	{
				"start":	9.000081,
				"end":	10.000088,
				"seconds":	1.0000070333480835,
				"bytes":	260640,
				"bits_per_second":	2085105.33472839,
				"retransmits":	1,
				"omitted":	false,
				"sender":	true
			}
		}, {
			"streams":	[{
					"socket":	6,
					"start":	10.000088,
					"end":	11.000088,
					"seconds":	1,
					"bytes":	260640,
					"bits_per_second":	2085120,
					"retransmits":	1,
					"snd_cwnd":	26064,
					"snd_wnd":	645632,
					"rtt":	88260,
					"rttvar":	2546,
					"pmtu":	1500,
					"omitted":	false,
					"sender":	true
				}],
			"sum":	{
				"start":	10.000088,
				"end":	11.000088,
				"seconds":	1,
				"bytes":	260640,
				"bits_per_second":	2085120,
				"retransmits":	1,
				"omitted":	false,
				"sender":	true
			}
		}, {
			"streams":	[{
					"socket":	6,
					"start":	11.000088,
					"end":	12.000099,
					"seconds":	1.0000109672546387,
					"bytes":	260640,
					"bits_per_second":	2085097.1322088046,
					"retransmits":	1,
					"snd_cwnd":	21720,
					"snd_wnd":	645632,
					"rtt":	88877,
					"rttvar":	3488,
					"pmtu":	1500,
					"omitted":	false,
					"sender":	true
				}],
			"sum":	{
				"start":	11.000088,
				"end":	12.000099,
				"seconds":	1.0000109672546387,
				"bytes":	260640,
				"bits_per_second":	2085097.1322088046,
				"retransmits":	1,
				"omitted":	false,
				"sender":	true
			}
		}, {
			"streams":	[{
					"socket":	6,