{
	"start":	{
		"connected":	[{
				"socket":	6,
				"local_host":	"10.0.0.3",
				"local_port":	57152,
				"remote_host":	"10.0.0.1",
				"remote_port":	5002
			}],
		"version":	"iperf 3.12",
		"system_info":	"Linux cs244c-vm 6.1.0-43-cloud-amd64 #1 SMP PREEMPT_DYNAMIC Debian 6.1.162-1 (2026-02-08) x86_64",
		"timestamp":	{
			"time":	"Wed, 04 Mar 2026 02:43:34 GMT",
			"timesecs":	1772592214
		},
		"connecting_to":	{
			"host":	"10.0.0.1",
			"port":	5002
		},
		"cookie":	"ovzurg5i6ybub5v7irbu5cikb56bvo5cyihq",
		"tcp_mss_default":	1448,
		"target_bitrate":	5000000,
		"sock_bufsize":	0,
		"sndbuf_actual":	87380,
		"rcvbuf_actual":	87380,
		"test_start":	{
			"protocol":	"TCP",
			"num_streams":	1,
			"blksize":	131072,
			"omit":	0,
			"duration":	15,
			"bytes":	0,
			"blocks":	0,
			"reverse":	0,
			"tos":	0,
			"target_bitrate":	5000000
		}
	},
	"intervals":	[{
			"streams":	[{
					"socket":	6,
					"start":	0,
					"end":	1.000101,
					"seconds":	1.0001009702682495,
					"bytes":	524288,
					"bits_per_second":	4193880.5427565915,
					"retransmits":	64,
					"snd_cwnd":	57920,
					"snd_wnd":	520192,
					"rtt":	224079,
					"rttvar":	13504,
					"pmtu":	1500,
					"omitted":	false,
					"sender":	true
				}],
			"sum":	{
				"start":	0,
				"end":	1.000101,
				"seconds":	1.0001009702682495,
				"bytes":	524288,
				"bits_per_second":	4193880.5427565915,
				"retransmits":	64,
				"omitted":	false,
				"sender":	true
			}
		}, {
			"streams":	[{
					"socket":	6,
					"start":	1.000101,
					"end":	2.000115,
					"seconds":	1.0000139474868774,
					"bytes":	393216,
					"bits_per_second":	3145684.1256119376,
					"retransmits":	21,
					"snd_cwnd":	36200,
					"snd_wnd":	779776,
					"rtt":	105997,
					"rttvar":	656,
					"pmtu":	1500,
					"omitted":	false,
					"sender":	true
				}],
			"sum":	{
				"start":	1.000101,
				"end":	2.000115,
				"seconds":	1.0000139474868774,
				"bytes":	393216,
				"bits_per_second":	3145684.1256119376,
				"retransmits":	21,
				"omitted":	false,
				"sender":	true
			}
		}, {
			"streams":	[{
					"socket":	6,
					"start":	2.000115,
					"end":	3.000085,
					"seconds":	0.999970018863678,
					"bytes":	393216,
					"bits_per_second":	3145822.31532768,
					"retransmits":	0,
					"snd_cwnd":	41992,
					"snd_wnd":	779776,
					"rtt":	89517,
					"rttvar":	1507,
					"pmtu":	1500,
					"omitted":	false,
					"sender":	true
				}],
			"sum":	{
				"start":	2.000115,
				"end":	3.000085,
				"seconds":	0.999970018863678,
				"bytes":	393216,
				"bits_per_second":	3145822.31532768,
				"retransmits":	0,
				"omitted":	false,
				"sender":	true
			}
		}, {
			"streams":	[{
					"socket":	6,
					"start":	3.000085,
					"end":	4.000083,
					"seconds":	0.99999797344207764,
					"bytes":	524288,
					"bits_per_second":	4194312.5000172257,
					"retransmits":	3,
					"snd_cwnd":	36200,
					"snd_wnd":	779776,
					"rtt":	84032,
					"rttvar":	914,
					"pmtu":	1500,
					"omitted":	false,
					"sender":	true
				}],
			"sum":	{
				"start":	3.000085,
				"end":	4.000083,
				"seconds":	0.99999797344207764,
				"bytes":	524288,
				"bits_per_second":	4194312.5000172257,
				"retransmits":	3,
				"omitted":	false,
				"sender":	true
			}
		}, {
			"streams":	[{
					"socket":	6,
					"start":	4.000083,
					"end":	5.000103,
					"seconds":	1.0000200271606445,
					"bytes":	393216,
					"bits_per_second":	3145665.001261686,
					"retransmits":	2,
					"snd_cwnd":	30408,
					"snd_wnd":	779776,
					"rtt":	108913,
					"rttvar":	166,
					"pmtu":	1500,
					"omitted":	false,
					"sender":	true
				}],
			"sum":	{
				"start":	4.000083,
				"end":	5.000103,
				"seconds":	1.0000200271606445,
				"bytes":	393216,
				"bits_per_second":	3145665.001261686,
				"retransmits":	2,
				"omitted":	false,
				"sender":	true
			}
		}, {
			"streams":	[{
					"socket":	6,
					"start":	5.000103,
					"end":	6.000121,
					"seconds":	1.0000180006027222,
					"bytes":	262144,
					"bits_per_second":	2097114.2506795104,
					"retransmits":	0,
					"snd_cwnd":	36200,
					"snd_wnd":	779776,
					"rtt":	104136,
					"rttvar":	52,
					"pmtu":	1500,
					"omitted":	false,
					"sender":	true
				}],
			"sum":	{
				"start":	5.000103,
				"end":	6.000121,
				"seconds":	1.0000180006027222,
				"bytes":	262144,
				"bits_per_second":	2097114.2506795104,
				"retransmits":	0,
				"omitted":	false,
				"sender":	true
			}
		}, {
			"streams":	[{
					"socket":	6,
					"start":	6.000121,
					"end":	7.000112,
					"seconds":	0.999990999698639,
					"bytes":	393216,
					"bits_per_second":	3145756.3127548234,
					"retransmits":	0,
					"snd_cwnd":	44888,
					"snd_wnd":	779776,
					"rtt":	104848,
					"rttvar":	879,
					"pmtu":	1500,
					"omitted":	false,
					"sender":	true
				}],
			"sum":	{
				"start":	6.000121,
				"end":	7.000112,
				"seconds":	0.999990999698639,
				"bytes":	393216,
				"bits_per_second":	3145756.3127548234,
				"retransmits":	0,
				"omitted":	false,
				"sender":	true
			}
		}, {
			"streams":	[{
					"socket":	6,
					"start":	7.000112,
					"end":	8.000107,
					"seconds":	0.999994993209839,
					"bytes":	393216,
					"bits_per_second":	3145743.7500788574,
					"retransmits":	3,
					"snd_cwnd":	24616,
					"snd_wnd":	779776,
					"rtt":	89583,
					"rttvar":	179,
					"pmtu":	1500,
					"omitted":	false,
					"sender":	true
				}],
			"sum":	{
				"start":	7.000112,
				"end":	8.000107,
				"seconds":	0.999994993209839,
				"bytes":	393216,
				"bits_per_second":	3145743.7500788574,
				"retransmits":	3,
				"omitted":	false,
				"sender":	true
			}
		}, {
			"streams":	[{
					"socket":	6,
					"start":	8.000107,
					"end":	9.000092,
					"seconds":	0.9999849796295166,
					"bytes":	262144,
					"bits_per_second":	2097183.5004731487,
					"retransmits":	0,
					"snd_cwnd":	31856,
					"snd_wnd":	779776,
					"rtt":	112359,
					"rttvar":	536,
					"pmtu":	1500,
					"omitted":	false,
					"sender":	true
				}],
			"sum":	{
				"start":	8.000107,
				"end":	9.000092,
				"seconds":	0.9999849796295166,
				"bytes":	262144,
				"bits_per_second":	2097183.5004731487,
				"retransmits":	0,
				"omitted":	false,
				"sender":	true
			}
		}, {
			"streams":	[{
					"socket":	6,
					"start":	9.000092,
					"end":	10.00011,
					"seconds":	1.0000180006027222,
					"bytes":	393216,
					"bits_per_second":	3145671.376019266,
					"retransmits":	0,
					"snd_cwnd":	40544,
					"snd_wnd":	779776,
					"rtt":	101162,
					"rttvar":	848,
					"pmtu":	1500,
					"omitted":	false,
					"sender":	true
				}],
			"sum":	{
				"start":	9.000092,
				"end":	10.00011,
				"seconds":	1.0000180006027222,
				"bytes":	393216,
				"bits_per_second":	3145671.376019266,
				"retransmits":	0,
				"omitted":	false,
				"sender":	true
			}
		}, {
			"streams":	[{
					"socket":	6,
					"start":	10.00011,
					"end":	11.000098,
					"seconds":	0.9999880194664,
					"bytes":	393216,
					"bits_per_second":	3145765.6879515219,
					"retransmits":	2,
					"snd_cwnd":	34752,
					"snd_wnd":	779776,
					"rtt":	88930,
					"rttvar":	1182,
					"pmtu":	1500,
					"omitted":	false,
					"sender":	true
				}],
			"sum":	{
				"start":	10.00011,
				"end":	11.000098,
				"seconds":	0.9999880194664,
				"bytes":	393216,
				"bits_per_second":	3145765.6879515219,
				"retransmits":	2,
				"omitted":	false,
				"sender":	true
			}
		}, {
			"streams":	[{
					"socket":	6,
					"start":	11.000098,
					"end":	12.000092,
					"seconds":	0.99999397993087769,
					"bytes":	393216,
					"bits_per_second":	3145746.9376140055,
					"retransmits":	1,
					"snd_cwnd":	30408,
					"snd_wnd":	779776,
					"rtt":	88817,
					"rttvar":	3448,
					"pmtu":	1500,
					"omitted":	false,
					"sender":	true
				}],
			"sum":	{
				"start":	11.000098,
				"end":	12.000092,
				"seconds":	0.99999397993087769,
				"bytes":	393216,
				"bits_per_second":	3145746.9376140055,
				"retransmits":	1,
				"omitted":	false,