{
	"start":	{
		"connected":	[{
				"socket":	6,
				"local_host":	"10.0.0.2",
				"local_port":	55944,
				"remote_host":	"10.0.0.1",
				"remote_port":	5001
			}],
		"version":	"iperf 3.12",
		"system_info":	"Linux cs244c-vm 6.1.0-43-cloud-amd64 #1 SMP PREEMPT_DYNAMIC Debian 6.1.162-1 (2026-02-08) x86_64",
		"timestamp":	{
			"time":	"Wed, 04 Mar 2026 02:43:34 GMT",
			"timesecs":	1772592214
		},
		"connecting_to":	{
			"host":	"10.0.0.1",
			"port":	5001
		},
		"cookie":	"rmo6vr36cesaqpatwj75p7zyhktgqghihpll",
		"tcp_mss_default":	1448,
		"target_bitrate":	5000000,
		"sock_bufsize":	0,
		"sndbuf_actual":	87380,
		"rcvbuf_actual":	87380,
		"test_start":	{
			"protocol":	"TCP",
			"num_streams":	1,
			"blksize":	131072,
			"omit":	0,
			"duration":	15,
			"bytes":	0,
			"blocks":	0,
			"reverse":	0,
			"tos":	0,
			"target_bitrate":	5000000
		}
	},
	"intervals":	[{
			"streams":	[{
					"socket":	6,
					"start":	0,
					"end":	1.000085,
					"seconds":	1.00008499622345,
					"bytes":	524288,
					"bits_per_second":	4193947.5302985786,
					"retransmits":	31,
					"snd_cwnd":	59368,
					"snd_wnd":	320512,
					"rtt":	186914,
					"rttvar":	18223,
					"pmtu":	1500,
					"omitted":	false,
					"sender":	true
				}],
			"sum":	{
				"start":	0,
				"end":	1.000085,
				"seconds":	1.00008499622345,
				"bytes":	524288,
				"bits_per_second":	4193947.5302985786,
				"retransmits":	31,
				"omitted":	false,
				"sender":	true
			}
		}, {
			"streams":	[{
					"socket":	6,
					"start":	1.000085,
					"end":	2.000111,
					"seconds":	1.0000259876251221,
					"bytes":	262144,
					"bits_per_second":	2097097.5014162888,
					"retransmits":	14,
					"snd_cwnd":	17376,
					"snd_wnd":	355328,
					"rtt":	106729,
					"rttvar":	520,
					"pmtu":	1500,
					"omitted":	false,
					"sender":	true
				}],
			"sum":	{
				"start":	1.000085,
				"end":	2.000111,
				"seconds":	1.0000259876251221,
				"bytes":	262144,
				"bits_per_second":	2097097.5014162888,
				"retransmits":	14,
				"omitted":	false,
				"sender":	true
			}
		}, {
			"streams":	[{
					"socket":	6,
					"start":	2.000111,
					"end":	3.000102,
					"seconds":	0.999990999698639,
					"bytes":	131072,
					"bits_per_second":	1048585.437584941,
					"retransmits":	1,
					"snd_cwnd":	17376,
					"snd_wnd":	355328,
					"rtt":	90315,
					"rttvar":	1692,
					"pmtu":	1500,
					"omitted":	false,
					"sender":	true
				}],
			"sum":	{
				"start":	2.000111,
				"end":	3.000102,
				"seconds":	0.999990999698639,
				"bytes":	131072,
				"bits_per_second":	1048585.437584941,
				"retransmits":	1,
				"omitted":	false,
				"sender":	true
			}
		}, {
			"streams":	[{
					"socket":	6,
					"start":	3.000102,
					"end":	4.000098,
					"seconds":	0.9999960064888,
					"bytes":	262144,
					"bits_per_second":	2097160.3750334457,
					"retransmits":	0,
					"snd_cwnd":	24616,
					"snd_wnd":	353792,
					"rtt":	84067,
					"rttvar":	1141,
					"pmtu":	1500,
					"omitted":	false,
					"sender":	true
				}],
			"sum":	{
				"start":	3.000102,
				"end":	4.000098,
				"seconds":	0.9999960064888,
				"bytes":	262144,
				"bits_per_second":	2097160.3750334457,
				"retransmits":	0,
				"omitted":	false,
				"sender":	true
			}
		}, {
			"streams":	[{
					"socket":	6,
					"start":	4.000098,
					"end":	5.000107,
					"seconds":	1.0000089406967163,
					"bytes":	262144,
					"bits_per_second":	2097133.2501676367,
					"retransmits":	0,
					"snd_cwnd":	31856,
					"snd_wnd":	354304,
					"rtt":	108897,
					"rttvar":	189,
					"pmtu":	1500,
					"omitted":	false,
					"sender":	true
				}],
			"sum":	{
				"start":	4.000098,
				"end":	5.000107,
				"seconds":	1.0000089406967163,
				"bytes":	262144,
				"bits_per_second":	2097133.2501676367,
				"retransmits":	0,
				"omitted":	false,
				"sender":	true
			}
		}, {
			"streams":	[{
					"socket":	6,
					"start":	5.000107,
					"end":	6.000119,
					"seconds":	1.0000120401382446,
					"bytes":	393216,
					"bits_per_second":	3145690.1254560146,
					"retransmits":	0,
					"snd_cwnd":	39096,
					"snd_wnd":	354304,
					"rtt":	106103,
					"rttvar":	1741,
					"pmtu":	1500,
					"omitted":	false,
					"sender":	true
				}],
			"sum":	{
				"start":	5.000107,
				"end":	6.000119,
				"seconds":	1.0000120401382446,
				"bytes":	393216,
				"bits_per_second":	3145690.1254560146,
				"retransmits":	0,
				"omitted":	false,
				"sender":	true
			}
		}, {
			"streams":	[{
					"socket":	6,
					"start":	6.000119,
					"end":	7.000102,
					"seconds":	0.999983012676239,
					"bytes":	262144,
					"bits_per_second":	2097187.6256051837,
					"retransmits":	1,
					"snd_cwnd":	36200,
					"snd_wnd":	355328,
					"rtt":	104841,
					"rttvar":	964,
					"pmtu":	1500,
					"omitted":	false,
					"sender":	true
				}],
			"sum":	{
				"start":	6.000119,
				"end":	7.000102,
				"seconds":	0.999983012676239,
				"bytes":	262144,
				"bits_per_second":	2097187.6256051837,
				"retransmits":	1,
				"omitted":	false,
				"sender":	true
			}
		}, {
			"streams":	[{
					"socket":	6,
					"start":	7.000102,
					"end":	8.000096,
					"seconds":	0.99999397993087769,
					"bytes":	524288,
					"bits_per_second":	4194329.2501520077,
					"retransmits":	0,
					"snd_cwnd":	41992,
					"snd_wnd":	355328,
					"rtt":	89594,
					"rttvar":	21,
					"pmtu":	1500,
					"omitted":	false,
					"sender":	true
				}],
			"sum":	{
				"start":	7.000102,
				"end":	8.000096,
				"seconds":	0.99999397993087769,
				"bytes":	524288,
				"bits_per_second":	4194329.2501520077,
				"retransmits":	0,
				"omitted":	false,
				"sender":	true
			}
		}, {
			"streams":	[{
					"socket":	6,
					"start":	8.000096,
					"end":	9.000083,
					"seconds":	0.999987006187439,
					"bytes":	393216,
					"bits_per_second":	3145768.8755311291,
					"retransmits":	0,
					"snd_cwnd":	47784,
					"snd_wnd":	355328,
					"rtt":	112544,
					"rttvar":	229,
					"pmtu":	1500,
					"omitted":	false,
					"sender":	true
				}],
			"sum":	{
				"start":	8.000096,
				"end":	9.000083,
				"seconds":	0.999987006187439,
				"bytes":	393216,
				"bits_per_second":	3145768.8755311291,
				"retransmits":	0,
				"omitted":	false,
				"sender":	true
			}
		}, {
			"streams":	[{
					"socket":	6,
					"start":	9.000083,
					"end":	10.000095,
					"seconds":	1.0000120401382446,
					"bytes":	262144,
					"bits_per_second":	2097126.75030401,
					"retransmits":	3,
					"snd_cwnd":	28960,
					"snd_wnd":	355328,
					"rtt":	99945,
					"rttvar":	951,
					"pmtu":	1500,
					"omitted":	false,
					"sender":	true
				}],
			"sum":	{
				"start":	9.000083,
				"end":	10.000095,
				"seconds":	1.0000120401382446,
				"bytes":	262144,
				"bits_per_second":	2097126.75030401,
				"retransmits":	3,
				"omitted":	false,
				"sender":	true
			}
		}, {
			"streams":	[{
					"socket":	6,
					"start":	10.000095,
					"end":	11.000091,
					"seconds":	0.9999960064888,
					"bytes":	262144,
					"bits_per_second":	2097160.3750334457,
					"retransmits":	1,
					"snd_cwnd":	26064,
					"snd_wnd":	355328,
					"rtt":	88579,
					"rttvar":	1742,
					"pmtu":	1500,
					"omitted":	false,
					"sender":	true
				}],
			"sum":	{
				"start":	10.000095,
				"end":	11.000091,
				"seconds":	0.9999960064888,
				"bytes":	262144,
				"bits_per_second":	2097160.3750334457,
				"retransmits":	1,
				"omitted":	false,
				"sender":	true
			}
		}, {
			"streams":	[{
					"socket":	6,
					"start":	11.000091,
					"end":	12.00012,
					"seconds":	1.0000289678573608,
					"bytes":	393216,
					"bits_per_second":	3145636.87763962,
					"retransmits":	0,
					"snd_cwnd":	31856,
					"snd_wnd":	355328,
					"rtt":	89265,
					"rttvar":	3452,
					"pmtu":	1500,
					"omitted":	false,
					"sender":	true
				}],
			"sum":	{
				"start":	11.000091,
				"end":	12.00012,
				"seconds":	1.0000289678573608,
				"bytes":	393216,
				"bits_per_second":	3145636.87763962,
				"retransmits":	0,
				"omitted":	false,