{
	"start":	{
		"connected":	[{
				"socket":	6,
				"local_host":	"10.0.0.3",
				"local_port":	54408,
				"remote_host":	"10.0.0.1",
				"remote_port":	5002
			}],
		"version":	"iperf 3.12",
		"system_info":	"Linux cs244c-vm 6.1.0-43-cloud-amd64 #1 SMP PREEMPT_DYNAMIC Debian 6.1.162-1 (2026-02-08) x86_64",
		"timestamp":	{
			"time":	"Wed, 11 Mar 2026 04:43:00 GMT",
			"timesecs":	1773204180
		},
		"connecting_to":	{
			"host":	"10.0.0.1",
			"port":	5002
		},
		"cookie":	"vehuo4schdlxdv62ms4zsz4p3zwyzaye6kg3",
		"tcp_mss_default":	1448,
		"target_bitrate":	0,
		"sock_bufsize":	0,
		"sndbuf_actual":	87380,
		"rcvbuf_actual":	87380,
		"test_start":	{
			"protocol":	"TCP",
			"num_streams":	1,
			"blksize":	131072,
			"omit":	0,
			"duration":	0,
			"bytes":	20971520,
			"blocks":	0,
			"reverse":	0,
			"tos":	0,
			"target_bitrate":	0
		}
	},
	"intervals":	[{
			"streams":	[{
					"socket":	6,
					"start":	0,
					"end":	0.100134,
					"seconds":	0.10013400018215179,
					"bytes":	12582912,
					"bits_per_second":	1005285875.0962248,
					"retransmits":	21,
					"snd_cwnd":	99912,
					"snd_wnd":	3183104,
					"rtt":	1309,
					"rttvar":	237,
					"pmtu":	1500,
					"omitted":	false,
					"sender":	true
				}],
			"sum":	{
				"start":	0,
				"end":	0.100134,
				"seconds":	0.10013400018215179,
				"bytes":	12582912,
				"bits_per_second":	1005285875.0962248,
				"retransmits":	21,
				"omitted":	false,
				"sender":	true
			}
		}, {
			"streams":	[{
					"socket":	6,
					"start":	0.100134,
					"end":	0.190335,
					"seconds":	0.0902009978890419,
					"bytes":	8388608,
					"bits_per_second":	743992478.69244182,
					"retransmits":	1,
					"snd_cwnd":	186792,
					"snd_wnd":	3200512,
					"rtt":	1533,
					"rttvar":	235,
					"pmtu":	1500,
					"omitted":	false,
					"sender":	true
				}],
			"sum":	{
				"start":	0.100134,
				"end":	0.190335,
				"seconds":	0.0902009978890419,
				"bytes":	8388608,
				"bits_per_second":	743992478.69244182,
				"retransmits":	1,
				"omitted":	false,
				"sender":	true
			}
		}],
	"end":	{
		"streams":	[{
				"sender":	{
					"socket":	6,
					"start":	0,
					"end":	0.190335,
					"seconds":	0.190335,
					"bytes":	20971520,
					"bits_per_second":	881457220.164447,
					"retransmits":	22,
					"max_snd_cwnd":	186792,
					"max_snd_wnd":	3200512,
					"max_rtt":	1533,
					"min_rtt":	1309,
					"mean_rtt":	1421,
					"sender":	true
				},
				"receiver":	{
					"socket":	6,
					"start":	0,
					"end":	0.192337,
					"seconds":	0.190335,
					"bytes":	16830104,
					"bits_per_second":	700025642.492084,
					"sender":	true
				}
			}],
		"sum_sent":	{
			"start":	0,
			"end":	0.190335,
			"seconds":	0.190335,
			"bytes":	20971520,
			"bits_per_second":	881457220.164447,
			"retransmits":	22,
			"sender":	true
		},
		"sum_received":	{
			"start":	0,
			"end":	0.192337,
			"seconds":	0.192337,
			"bytes":	16830104,
			"bits_per_second":	700025642.492084,
			"sender":	true
		},
		"cpu_utilization_percent":	{
			"host_total":	0.068342864435321435,
			"host_user":	0.00884801779213668,
			"host_system":	0.059494846643184753,
			"remote_total":	8.23138090535835,
			"remote_user":	0,
			"remote_system":	8.2194272646951827
		},
		"sender_tcp_congestion":	"dctcp",
		"receiver_tcp_congestion":	"dctcp"
	}
}
