{
	"start":	{
		"connected":	[{
				"socket":	6,
				"local_host":	"10.0.0.5",
				"local_port":	43476,
				"remote_host":	"10.0.0.1",
				"remote_port":	5004
			}],
		"version":	"iperf 3.12",
		"system_info":	"Linux cs244c-vm 6.1.0-43-cloud-amd64 #1 SMP PREEMPT_DYNAMIC Debian 6.1.162-1 (2026-02-08) x86_64",
		"timestamp":	{
			"time":	"Wed, 11 Mar 2026 04:43:01 GMT",
			"timesecs":	1773204181
		},
		"connecting_to":	{
			"host":	"10.0.0.1",
			"port":	5004
		},
		"cookie":	"fttemgrhlxkpvuirbzav7an3iweuw2yhe7vv",
		"tcp_mss_default":	1448,
		"target_bitrate":	0,
		"sock_bufsize":	0,
		"sndbuf_actual":	87380,
		"rcvbuf_actual":	87380,
		"test_start":	{
			"protocol":	"TCP",
			"num_streams":	1,
			"blksize":	131072,
			"omit":	0,
			"duration":	0,
			"bytes":	20971520,
			"blocks":	0,
			"reverse":	0,
			"tos":	0,
			"target_bitrate":	0
		}
	},
	"intervals":	[{
			"streams":	[{
					"socket":	6,
					"start":	0,
					"end":	0.100131,
					"seconds":	0.10013099759817123,
					"bytes":	1838960,
					"bits_per_second":	146924332.65309533,
					"retransmits":	8,
					"snd_cwnd":	4344,
					"snd_wnd":	2245632,
					"rtt":	2022,
					"rttvar":	277,
					"pmtu":	1500,
					"omitted":	false,
					"sender":	true
				}],
			"sum":	{
				"start":	0,
				"end":	0.100131,
				"seconds":	0.10013099759817123,
				"bytes":	1838960,
				"bits_per_second":	146924332.65309533,
				"retransmits":	8,
				"omitted":	false,
				"sender":	true
			}
		}, {
			"streams":	[{
					"socket":	6,
					"start":	0.100131,
					"end":	0.200152,
					"seconds":	0.10002099722623825,
					"bytes":	325800,
					"bits_per_second":	26058528.431830809,
					"retransmits":	2,
					"snd_cwnd":	4344,
					"snd_wnd":	2355200,
					"rtt":	2137,
					"rttvar":	261,
					"pmtu":	1500,
					"omitted":	false,
					"sender":	true
				}],
			"sum":	{
				"start":	0.100131,
				"end":	0.200152,
				"seconds":	0.10002099722623825,
				"bytes":	325800,
				"bits_per_second":	26058528.431830809,
				"retransmits":	2,
				"omitted":	false,
				"sender":	true
			}
		}, {
			"streams":	[{
					"socket":	6,
					"start":	0.200152,
					"end":	0.300154,
					"seconds":	0.10000199824571609,
					"bytes":	325800,
					"bits_per_second":	26063479.187643666,
					"retransmits":	0,
					"snd_cwnd":	4344,
					"snd_wnd":	2353152,
					"rtt":	2472,
					"rttvar":	555,
					"pmtu":	1500,
					"omitted":	false,
					"sender":	true
				}],
			"sum":	{
				"start":	0.200152,
				"end":	0.300154,
				"seconds":	0.10000199824571609,
				"bytes":	325800,
				"bits_per_second":	26063479.187643666,
				"retransmits":	0,
				"omitted":	false,
				"sender":	true
			}
		}, {
			"streams":	[{
					"socket":	6,
					"start":	0.300154,
					"end":	0.400201,
					"seconds":	0.10004699975252151,
					"bytes":	325800,
					"bits_per_second":	26051755.739275031,
					"retransmits":	0,
					"snd_cwnd":	8688,
					"snd_wnd":	2356736,
					"rtt":	2573,
					"rttvar":	578,
					"pmtu":	1500,
					"omitted":	false,
					"sender":	true
				}],
			"sum":	{
				"start":	0.300154,
				"end":	0.400201,
				"seconds":	0.10004699975252151,
				"bytes":	325800,
				"bits_per_second":	26051755.739275031,
				"retransmits":	0,
				"omitted":	false,
				"sender":	true
			}
		}, {
			"streams":	[{
					"socket":	6,
					"start":	0.400201,
					"end":	0.500202,
					"seconds":	0.10000099986791611,
					"bytes":	651600,
					"bits_per_second":	52127478.79406406,
					"retransmits":	0,
					"snd_cwnd":	4344,
					"snd_wnd":	2354176,
					"rtt":	2308,
					"rttvar":	273,
					"pmtu":	1500,
					"omitted":	false,
					"sender":	true
				}],
			"sum":	{
				"start":	0.400201,
				"end":	0.500202,
				"seconds":	0.10000099986791611,
				"bytes":	651600,
				"bits_per_second":	52127478.79406406,
				"retransmits":	0,
				"omitted":	false,
				"sender":	true
			}
		}, {
			"streams":	[{
					"socket":	6,
					"start":	0.500202,
					"end":	0.600145,
					"seconds":	0.099942997097969055,
					"bytes":	0,
					"bits_per_second":	0,
					"retransmits":	0,
					"snd_cwnd":	11584,
					"snd_wnd":	2356736,
					"rtt":	2089,
					"rttvar":	400,
					"pmtu":	1500,
					"omitted":	false,
					"sender":	true
				}],
			"sum":	{
				"start":	0.500202,
				"end":	0.600145,
				"seconds":	0.099942997097969055,
				"bytes":	0,
				"bits_per_second":	0,
				"retransmits":	0,
				"omitted":	false,
				"sender":	true
			}
		}, {
			"streams":	[{
					"socket":	6,
					"start":	0.600145,
					"end":	0.700148,
					"seconds":	0.10000299662351608,
					"bytes":	1303200,
					"bits_per_second":	104252875.93380357,
					"retransmits":	0,
					"snd_cwnd":	50680,
					"snd_wnd":	2356736,
					"rtt":	1681,
					"rttvar":	148,
					"pmtu":	1500,
					"omitted":	false,
					"sender":	true
				}],
			"sum":	{
				"start":	0.600145,
				"end":	0.700148,
				"seconds":	0.10000299662351608,
				"bytes":	1303200,
				"bits_per_second":	104252875.93380357,
				"retransmits":	0,
				"omitted":	false,
				"sender":	true
			}
		}, {
			"streams":	[{
					"socket":	6,
					"start":	0.700148,
					"end":	0.800117,
					"seconds":	0.0999689996242523,
					"bytes":	2932200,
					"bits_per_second":	234648741.99170464,
					"retransmits":	0,
					"snd_cwnd":	69504,
					"snd_wnd":	2356736,
					"rtt":	1801,
					"rttvar":	182,
					"pmtu":	1500,
					"omitted":	false,
					"sender":	true
				}],
			"sum":	{
				"start":	0.700148,
				"end":	0.800117,
				"seconds":	0.0999689996242523,
				"bytes":	2932200,
				"bits_per_second":	234648741.99170464,
				"retransmits":	0,
				"omitted":	false,
				"sender":	true
			}
		}, {
			"streams":	[{
					"socket":	6,
					"start":	0.800117,
					"end":	0.900092,
					"seconds":	0.099974997341632843,
					"bytes":	3258000,
					"bits_per_second":	260705183.22630754,
					"retransmits":	1,
					"snd_cwnd":	43440,
					"snd_wnd":	2344960,
					"rtt":	1958,
					"rttvar":	177,
					"pmtu":	1500,
					"omitted":	false,
					"sender":	true
				}],
			"sum":	{
				"start":	0.800117,
				"end":	0.900092,
				"seconds":	0.099974997341632843,
				"bytes":	3258000,
				"bits_per_second":	260705183.22630754,
				"retransmits":	1,
				"omitted":	false,
				"sender":	true
			}
		}, {
			"streams":	[{
					"socket":	6,
					"start":	0.900092,
					"end":	1.000206,
					"seconds":	0.10011400282382965,
					"bytes":	1954800,
					"bits_per_second":	156205920.83925414,
					"retransmits":	0,
					"snd_cwnd":	50680,
					"snd_wnd":	2356736,
					"rtt":	1433,
					"rttvar":	224,
					"pmtu":	1500,
					"omitted":	false,
					"sender":	true
				}],
			"sum":	{
				"start":	0.900092,
				"end":	1.000206,
				"seconds":	0.10011400282382965,
				"bytes":	1954800,
				"bits_per_second":	156205920.83925414,
				"retransmits":	0,
				"omitted":	false,
				"sender":	true
			}
		}, {
			"streams":	[{
					"socket":	6,
					"start":	1.000206,
					"end":	1.100128,
					"seconds":	0.099922001361846924,
					"bytes":	2606400,
					"bits_per_second":	208674763.47367862,
					"retransmits":	15,
					"snd_cwnd":	43440,
					"snd_wnd":	2356736,
					"rtt":	1756,
					"rttvar":	244,
					"pmtu":	1500,
					"omitted":	false,
					"sender":	true
				}],
			"sum":	{
				"start":	1.000206,
				"end":	1.100128,
				"seconds":	0.099922001361846924,
				"bytes":	2606400,
				"bits_per_second":	208674763.47367862,
				"retransmits":	15,
				"omitted":	false,
				"sender":	true
			}
		}, {
			"streams":	[{
					"socket":	6,
					"start":	1.100128,
					"end":	1.200123,
					"seconds":	0.0999950021505356,
					"bytes":	1954800,
					"bits_per_second":	156391816.22754973,
					"retransmits":	0,
					"snd_cwnd":	17376,
					"snd_wnd":	2351616,
					"rtt":	2382,
					"rttvar":	589,
					"pmtu":	1500,
					"omitted":	false,
					"sender":	true
				}],
			"sum":	{
				"start":	1.100128,
				"end":	1.200123,
				"seconds":	0.0999950021505356,
				"bytes":	1954800,
				"bits_per_second":	156391816.22754973,
				"retransmits":	0,
				"omitted":	false,
				"sender":	true
			}
		}, {
			"streams":	[{
					"socket":	6,