{
	"start":	{
		"connected":	[{
				"socket":	6,
				"local_host":	"10.0.0.4",
				"local_port":	36268,
				"remote_host":	"10.0.0.1",
				"remote_port":	5003
			}],
		"version":	"iperf 3.12",
		"system_info":	"Linux cs244c-vm 6.1.0-43-cloud-amd64 #1 SMP PREEMPT_DYNAMIC Debian 6.1.162-1 (2026-02-08) x86_64",
		"timestamp":	{
			"time":	"Wed, 11 Mar 2026 04:42:59 GMT",
			"timesecs":	1773204179
		},
		"connecting_to":	{
			"host":	"10.0.0.1",
			"port":	5003
		},
		"cookie":	"zcggqfrugxmh2fyvmprzbokt3qtkbpfvyin7",
		"tcp_mss_default":	1448,
		"target_bitrate":	0,
		"sock_bufsize":	0,
		"sndbuf_actual":	87380,
		"rcvbuf_actual":	87380,
		"test_start":	{
			"protocol":	"TCP",
			"num_streams":	1,
			"blksize":	131072,
			"omit":	0,
			"duration":	0,
			"bytes":	20971520,
			"blocks":	0,
			"reverse":	0,
			"tos":	0,
			"target_bitrate":	0
		}
	},
	"intervals":	[{
			"streams":	[{
					"socket":	6,
					"start":	0,
					"end":	0.100122,
					"seconds":	0.10012199729681015,
					"bytes":	330144,
					"bits_per_second":	26379337.920820184,
					"retransmits":	5,
					"snd_cwnd":	2896,
					"snd_wnd":	174080,
					"rtt":	2157,
					"rttvar":	377,
					"pmtu":	1500,
					"omitted":	false,
					"sender":	true
				}],
			"sum":	{
				"start":	0,
				"end":	0.100122,
				"seconds":	0.10012199729681015,
				"bytes":	330144,
				"bits_per_second":	26379337.920820184,
				"retransmits":	5,
				"omitted":	false,
				"sender":	true
			}
		}, {
			"streams":	[{
					"socket":	6,
					"start":	0.100122,
					"end":	0.200124,
					"seconds":	0.10000199824571609,
					"bytes":	779024,
					"bits_per_second":	62320674.679787971,
					"retransmits":	0,
					"snd_cwnd":	41992,
					"snd_wnd":	256000,
					"rtt":	1444,
					"rttvar":	209,
					"pmtu":	1500,
					"omitted":	false,
					"sender":	true
				}],
			"sum":	{
				"start":	0.100122,
				"end":	0.200124,
				"seconds":	0.10000199824571609,
				"bytes":	779024,
				"bits_per_second":	62320674.679787971,
				"retransmits":	0,
				"omitted":	false,
				"sender":	true
			}
		}, {
			"streams":	[{
					"socket":	6,
					"start":	0.200124,
					"end":	0.300137,
					"seconds":	0.10001300275325775,
					"bytes":	2403680,
					"bits_per_second":	192269399.68436888,
					"retransmits":	0,
					"snd_cwnd":	44888,
					"snd_wnd":	256000,
					"rtt":	1885,
					"rttvar":	417,
					"pmtu":	1500,
					"omitted":	false,
					"sender":	true
				}],
			"sum":	{
				"start":	0.200124,
				"end":	0.300137,
				"seconds":	0.10001300275325775,
				"bytes":	2403680,
				"bits_per_second":	192269399.68436888,
				"retransmits":	0,
				"omitted":	false,
				"sender":	true
			}
		}, {
			"streams":	[{
					"socket":	6,
					"start":	0.300137,
					"end":	0.400103,
					"seconds":	0.099965997040271759,
					"bytes":	4239744,
					"bits_per_second":	339294890.30491036,
					"retransmits":	7,
					"snd_cwnd":	101360,
					"snd_wnd":	290816,
					"rtt":	1825,
					"rttvar":	332,
					"pmtu":	1500,
					"omitted":	false,
					"sender":	true
				}],
			"sum":	{
				"start":	0.300137,
				"end":	0.400103,
				"seconds":	0.099965997040271759,
				"bytes":	4239744,
				"bits_per_second":	339294890.30491036,
				"retransmits":	7,
				"omitted":	false,
				"sender":	true
			}
		}, {
			"streams":	[{
					"socket":	6,
					"start":	0.400103,
					"end":	0.500193,
					"seconds":	0.10008999705314636,
					"bytes":	4170240,
					"bits_per_second":	333319222.5221597,
					"retransmits":	0,
					"snd_cwnd":	53576,
					"snd_wnd":	357888,
					"rtt":	1984,
					"rttvar":	182,
					"pmtu":	1500,
					"omitted":	false,
					"sender":	true
				}],
			"sum":	{
				"start":	0.400103,
				"end":	0.500193,
				"seconds":	0.10008999705314636,
				"bytes":	4170240,
				"bits_per_second":	333319222.5221597,
				"retransmits":	0,
				"omitted":	false,
				"sender":	true
			}
		}, {
			"streams":	[{
					"socket":	6,
					"start":	0.500193,
					"end":	0.600111,
					"seconds":	0.099918000400066376,
					"bytes":	2541240,
					"bits_per_second":	203466041.33989951,
					"retransmits":	0,
					"snd_cwnd":	39096,
					"snd_wnd":	357888,
					"rtt":	1713,
					"rttvar":	271,
					"pmtu":	1500,
					"omitted":	false,
					"sender":	true
				}],
			"sum":	{
				"start":	0.500193,
				"end":	0.600111,
				"seconds":	0.099918000400066376,
				"bytes":	2541240,
				"bits_per_second":	203466041.33989951,
				"retransmits":	0,
				"omitted":	false,
				"sender":	true
			}
		}, {
			"streams":	[{
					"socket":	6,
					"start":	0.600111,
					"end":	0.700147,
					"seconds":	0.10003600269556046,
					"bytes":	1303200,
					"bits_per_second":	104218478.53845406,
					"retransmits":	0,
					"snd_cwnd":	7240,
					"snd_wnd":	355328,
					"rtt":	2365,
					"rttvar":	413,
					"pmtu":	1500,
					"omitted":	false,
					"sender":	true
				}],
			"sum":	{
				"start":	0.600111,
				"end":	0.700147,
				"seconds":	0.10003600269556046,
				"bytes":	1303200,
				"bits_per_second":	104218478.53845406,
				"retransmits":	0,
				"omitted":	false,
				"sender":	true
			}
		}, {
			"streams":	[{
					"socket":	6,
					"start":	0.700147,
					"end":	0.800133,
					"seconds":	0.0999860018491745,
					"bytes":	390960,
					"bits_per_second":	31281178.786586542,
					"retransmits":	0,
					"snd_cwnd":	11584,
					"snd_wnd":	354304,
					"rtt":	2044,
					"rttvar":	284,
					"pmtu":	1500,
					"omitted":	false,
					"sender":	true
				}],
			"sum":	{
				"start":	0.700147,
				"end":	0.800133,
				"seconds":	0.0999860018491745,
				"bytes":	390960,
				"bits_per_second":	31281178.786586542,
				"retransmits":	0,
				"omitted":	false,
				"sender":	true
			}
		}, {
			"streams":	[{
					"socket":	6,
					"start":	0.800133,
					"end":	0.900184,
					"seconds":	0.10005100071430206,
					"bytes":	260640,
					"bits_per_second":	20840571.159843851,
					"retransmits":	0,
					"snd_cwnd":	5792,
					"snd_wnd":	354304,
					"rtt":	1993,
					"rttvar":	298,
					"pmtu":	1500,
					"omitted":	false,
					"sender":	true
				}],
			"sum":	{
				"start":	0.800133,
				"end":	0.900184,
				"seconds":	0.10005100071430206,
				"bytes":	260640,
				"bits_per_second":	20840571.159843851,
				"retransmits":	0,
				"omitted":	false,
				"sender":	true
			}
		}, {
			"streams":	[{
					"socket":	6,
					"start":	0.900184,
					"end":	1.000128,
					"seconds":	0.09994400292634964,
					"bytes":	390960,
					"bits_per_second":	31294323.9056058,
					"retransmits":	0,
					"snd_cwnd":	5792,
					"snd_wnd":	353792,
					"rtt":	2143,
					"rttvar":	244,
					"pmtu":	1500,
					"omitted":	false,
					"sender":	true
				}],
			"sum":	{
				"start":	0.900184,
				"end":	1.000128,
				"seconds":	0.09994400292634964,
				"bytes":	390960,
				"bits_per_second":	31294323.9056058,
				"retransmits":	0,
				"omitted":	false,
				"sender":	true
			}
		}, {
			"streams":	[{
					"socket":	6,
					"start":	1.000128,
					"end":	1.100099,
					"seconds":	0.0999709963798523,
					"bytes":	260640,
					"bits_per_second":	20857249.357376873,
					"retransmits":	0,
					"snd_cwnd":	5792,
					"snd_wnd":	355328,
					"rtt":	2024,
					"rttvar":	137,
					"pmtu":	1500,
					"omitted":	false,
					"sender":	true
				}],
			"sum":	{
				"start":	1.000128,
				"end":	1.100099,
				"seconds":	0.0999709963798523,
				"bytes":	260640,
				"bits_per_second":	20857249.357376873,
				"retransmits":	0,
				"omitted":	false,
				"sender":	true
			}
		}, {
			"streams":	[{
					"socket":	6,
					"start":	1.100099,
					"end":	1.200104,
					"seconds":	0.10000500082969666,
					"bytes":	390960,
					"bits_per_second":	31275235.978711478,
					"retransmits":	0,
					"snd_cwnd":	7240,
					"snd_wnd":	355840,
					"rtt":	1947,
					"rttvar":	105,
					"pmtu":	1500,
					"omitted":	false,
					"sender":	true
				}],
			"sum":	{
				"start":	1.100099,
				"end":	1.200104,
				"seconds":	0.10000500082969666,
				"bytes":	390960,
				"bits_per_second":	31275235.978711478,
				"retransmits":	0,
				"omitted":	false,