{
	"start":	{
		"connected":	[{
				"socket":	6,
				"local_host":	"10.0.0.3",
				"local_port":	40504,
				"remote_host":	"10.0.0.1",
				"remote_port":	5002
			}],
		"version":	"iperf 3.12",
		"system_info":	"Linux cs244c-vm 6.1.0-43-cloud-amd64 #1 SMP PREEMPT_DYNAMIC Debian 6.1.162-1 (2026-02-08) x86_64",
		"timestamp":	{
			"time":	"Wed, 11 Mar 2026 04:37:07 GMT",
			"timesecs":	1773203827
		},
		"connecting_to":	{
			"host":	"10.0.0.1",
			"port":	5002
		},
		"cookie":	"xpx6k35ohowfnn7odtrua6hx6he2djrxb7rv",
		"tcp_mss_default":	1448,
		"target_bitrate":	0,
		"sock_bufsize":	0,
		"sndbuf_actual":	87380,
		"rcvbuf_actual":	87380,
		"test_start":	{
			"protocol":	"TCP",
			"num_streams":	1,
			"blksize":	131072,
			"omit":	0,
			"duration":	0,
			"bytes":	20971520,
			"blocks":	0,
			"reverse":	0,
			"tos":	0,
			"target_bitrate":	0
		}
	},
	"intervals":	[{
			"streams":	[{
					"socket":	6,
					"start":	0,
					"end":	0.100136,
					"seconds":	0.10013599693775177,
					"bytes":	7878568,
					"bits_per_second":	629429435.24276161,
					"retransmits":	52,
					"snd_cwnd":	94120,
					"snd_wnd":	6698496,
					"rtt":	1522,
					"rttvar":	326,
					"pmtu":	1500,
					"omitted":	false,
					"sender":	true
				}],
			"sum":	{
				"start":	0,
				"end":	0.100136,
				"seconds":	0.10013599693775177,
				"bytes":	7878568,
				"bits_per_second":	629429435.24276161,
				"retransmits":	52,
				"omitted":	false,
				"sender":	true
			}
		}, {
			"streams":	[{
					"socket":	6,
					"start":	0.100136,
					"end":	0.200181,
					"seconds":	0.10004500299692154,
					"bytes":	6320520,
					"bits_per_second":	505414148.48631567,
					"retransmits":	0,
					"snd_cwnd":	97016,
					"snd_wnd":	6676480,
					"rtt":	1718,
					"rttvar":	143,
					"pmtu":	1500,
					"omitted":	false,
					"sender":	true
				}],
			"sum":	{
				"start":	0.100136,
				"end":	0.200181,
				"seconds":	0.10004500299692154,
				"bytes":	6320520,
				"bits_per_second":	505414148.48631567,
				"retransmits":	0,
				"omitted":	false,
				"sender":	true
			}
		}, {
			"streams":	[{
					"socket":	6,
					"start":	0.200181,
					"end":	0.297061,
					"seconds":	0.0968799963593483,
					"bytes":	6772432,
					"bits_per_second":	559242960.735021,
					"retransmits":	0,
					"snd_cwnd":	127424,
					"snd_wnd":	6698496,
					"rtt":	1683,
					"rttvar":	213,
					"pmtu":	1500,
					"omitted":	false,
					"sender":	true
				}],
			"sum":	{
				"start":	0.200181,
				"end":	0.297061,
				"seconds":	0.0968799963593483,
				"bytes":	6772432,
				"bits_per_second":	559242960.735021,
				"retransmits":	0,
				"omitted":	false,
				"sender":	true
			}
		}],
	"end":	{
		"streams":	[{
				"sender":	{
					"socket":	6,
					"start":	0,
					"end":	0.297061,
					"seconds":	0.297061,
					"bytes":	20971520,
					"bits_per_second":	564773430.3728863,
					"retransmits":	52,
					"max_snd_cwnd":	127424,
					"max_snd_wnd":	6698496,
					"max_rtt":	1718,
					"min_rtt":	1522,
					"mean_rtt":	1641,
					"sender":	true
				},
				"receiver":	{
					"socket":	6,
					"start":	0,
					"end":	0.299353,
					"seconds":	0.297061,
					"bytes":	19915792,
					"bits_per_second":	532235641.5335741,
					"sender":	true
				}
			}],
		"sum_sent":	{
			"start":	0,
			"end":	0.297061,
			"seconds":	0.297061,
			"bytes":	20971520,
			"bits_per_second":	564773430.3728863,
			"retransmits":	52,
			"sender":	true
		},
		"sum_received":	{
			"start":	0,
			"end":	0.299353,
			"seconds":	0.299353,
			"bytes":	19915792,
			"bits_per_second":	532235641.5335741,
			"sender":	true
		},
		"cpu_utilization_percent":	{
			"host_total":	4.3662885243978353,
			"host_user":	0,
			"host_system":	4.34999397101525,
			"remote_total":	7.8857536040188654,
			"remote_user":	0,
			"remote_system":	7.8857536040188654
		},
		"sender_tcp_congestion":	"dctcp",
		"receiver_tcp_congestion":	"dctcp"
	}
}
