{
	"start":	{
		"connected":	[{
				"socket":	6,
				"local_host":	"10.0.0.5",
				"local_port":	58096,
				"remote_host":	"10.0.0.1",
				"remote_port":	5004
			}],
		"version":	"iperf 3.12",
		"system_info":	"Linux cs244c-vm 6.1.0-43-cloud-amd64 #1 SMP PREEMPT_DYNAMIC Debian 6.1.162-1 (2026-02-08) x86_64",
		"timestamp":	{
			"time":	"Wed, 11 Mar 2026 04:33:56 GMT",
			"timesecs":	1773203636
		},
		"connecting_to":	{
			"host":	"10.0.0.1",
			"port":	5004
		},
		"cookie":	"hs54h6ub7wyudi7gr75dgvjuald5gf2ga3u7",
		"tcp_mss_default":	1448,
		"target_bitrate":	0,
		"sock_bufsize":	0,
		"sndbuf_actual":	87380,
		"rcvbuf_actual":	87380,
		"test_start":	{
			"protocol":	"TCP",
			"num_streams":	1,
			"blksize":	131072,
			"omit":	0,
			"duration":	0,
			"bytes":	20971520,
			"blocks":	0,
			"reverse":	0,
			"tos":	0,
			"target_bitrate":	0
		}
	},
	"intervals":	[{
			"streams":	[{
					"socket":	6,
					"start":	0,
					"end":	0.100119,
					"seconds":	0.10011900216341019,
					"bytes":	1324920,
					"bits_per_second":	105867615.2475047,
					"retransmits":	8,
					"snd_cwnd":	18824,
					"snd_wnd":	257536,
					"rtt":	1790,
					"rttvar":	310,
					"pmtu":	1500,
					"omitted":	false,
					"sender":	true
				}],
			"sum":	{
				"start":	0,
				"end":	0.100119,
				"seconds":	0.10011900216341019,
				"bytes":	1324920,
				"bits_per_second":	105867615.2475047,
				"retransmits":	8,
				"omitted":	false,
				"sender":	true
			}
		}, {
			"streams":	[{
					"socket":	6,
					"start":	0.100119,
					"end":	0.200082,
					"seconds":	0.0999630019068718,
					"bytes":	781920,
					"bits_per_second":	62576752.205057435,
					"retransmits":	0,
					"snd_cwnd":	7240,
					"snd_wnd":	257536,
					"rtt":	1743,
					"rttvar":	385,
					"pmtu":	1500,
					"omitted":	false,
					"sender":	true
				}],
			"sum":	{
				"start":	0.100119,
				"end":	0.200082,
				"seconds":	0.0999630019068718,
				"bytes":	781920,
				"bits_per_second":	62576752.205057435,
				"retransmits":	0,
				"omitted":	false,
				"sender":	true
			}
		}, {
			"streams":	[{
					"socket":	6,
					"start":	0.200082,
					"end":	0.300133,
					"seconds":	0.10005100071430206,
					"bytes":	1172880,
					"bits_per_second":	93782570.2192973,
					"retransmits":	0,
					"snd_cwnd":	24616,
					"snd_wnd":	256512,
					"rtt":	1780,
					"rttvar":	411,
					"pmtu":	1500,
					"omitted":	false,
					"sender":	true
				}],
			"sum":	{
				"start":	0.200082,
				"end":	0.300133,
				"seconds":	0.10005100071430206,
				"bytes":	1172880,
				"bits_per_second":	93782570.2192973,
				"retransmits":	0,
				"omitted":	false,
				"sender":	true
			}
		}, {
			"streams":	[{
					"socket":	6,
					"start":	0.300133,
					"end":	0.400126,
					"seconds":	0.099992997944355,
					"bytes":	1303200,
					"bits_per_second":	104263300.57432352,
					"retransmits":	0,
					"snd_cwnd":	24616,
					"snd_wnd":	256000,
					"rtt":	1632,
					"rttvar":	251,
					"pmtu":	1500,
					"omitted":	false,
					"sender":	true
				}],
			"sum":	{
				"start":	0.300133,
				"end":	0.400126,
				"seconds":	0.099992997944355,
				"bytes":	1303200,
				"bits_per_second":	104263300.57432352,
				"retransmits":	0,
				"omitted":	false,
				"sender":	true
			}
		}, {
			"streams":	[{
					"socket":	6,
					"start":	0.400126,
					"end":	0.500077,
					"seconds":	0.099950999021530151,
					"bytes":	1563840,
					"bits_per_second":	125168533.80630144,
					"retransmits":	4,
					"snd_cwnd":	17376,
					"snd_wnd":	261632,
					"rtt":	1651,
					"rttvar":	206,
					"pmtu":	1500,
					"omitted":	false,
					"sender":	true
				}],
			"sum":	{
				"start":	0.400126,
				"end":	0.500077,
				"seconds":	0.099950999021530151,
				"bytes":	1563840,
				"bits_per_second":	125168533.80630144,
				"retransmits":	4,
				"omitted":	false,
				"sender":	true
			}
		}, {
			"streams":	[{
					"socket":	6,
					"start":	0.500077,
					"end":	0.600108,
					"seconds":	0.10003100335597992,
					"bytes":	1889640,
					"bits_per_second":	151124346.38091919,
					"retransmits":	0,
					"snd_cwnd":	41992,
					"snd_wnd":	263168,
					"rtt":	1826,
					"rttvar":	427,
					"pmtu":	1500,
					"omitted":	false,
					"sender":	true
				}],
			"sum":	{
				"start":	0.500077,
				"end":	0.600108,
				"seconds":	0.10003100335597992,
				"bytes":	1889640,
				"bits_per_second":	151124346.38091919,
				"retransmits":	0,
				"omitted":	false,
				"sender":	true
			}
		}, {
			"streams":	[{
					"socket":	6,
					"start":	0.600108,
					"end":	0.70008,
					"seconds":	0.0999720022082329,
					"bytes":	5054968,
					"bits_per_second":	404510694.06179917,
					"retransmits":	10,
					"snd_cwnd":	97016,
					"snd_wnd":	382976,
					"rtt":	1435,
					"rttvar":	183,
					"pmtu":	1500,
					"omitted":	false,
					"sender":	true
				}],
			"sum":	{
				"start":	0.600108,
				"end":	0.70008,
				"seconds":	0.0999720022082329,
				"bytes":	5054968,
				"bits_per_second":	404510694.06179917,
				"retransmits":	10,
				"omitted":	false,
				"sender":	true
			}
		}, {
			"streams":	[{
					"socket":	6,
					"start":	0.70008,
					"end":	0.800125,
					"seconds":	0.10004500299692154,
					"bytes":	7612136,
					"bits_per_second":	608696948.131171,
					"retransmits":	0,
					"snd_cwnd":	69504,
					"snd_wnd":	911872,
					"rtt":	1687,
					"rttvar":	379,
					"pmtu":	1500,
					"omitted":	false,
					"sender":	true
				}],
			"sum":	{
				"start":	0.70008,
				"end":	0.800125,
				"seconds":	0.10004500299692154,
				"bytes":	7612136,
				"bits_per_second":	608696948.131171,
				"retransmits":	0,
				"omitted":	false,
				"sender":	true
			}
		}, {
			"streams":	[{
					"socket":	6,
					"start":	0.800125,
					"end":	0.804242,
					"seconds":	0.00411699991673231,
					"bytes":	268016,
					"bits_per_second":	520798650.31957734,
					"retransmits":	0,
					"snd_cwnd":	73848,
					"snd_wnd":	904704,
					"rtt":	1439,
					"rttvar":	260,
					"pmtu":	1500,
					"omitted":	false,
					"sender":	true
				}],
			"sum":	{
				"start":	0.800125,
				"end":	0.804242,
				"seconds":	0.00411699991673231,
				"bytes":	268016,
				"bits_per_second":	520798650.31957734,
				"retransmits":	0,
				"omitted":	false,
				"sender":	true
			}
		}],
	"end":	{
		"streams":	[{
				"sender":	{
					"socket":	6,
					"start":	0,
					"end":	0.804242,
					"seconds":	0.804242,
					"bytes":	20971520,
					"bits_per_second":	208609050.50967246,
					"retransmits":	22,
					"max_snd_cwnd":	97016,
					"max_snd_wnd":	911872,
					"max_rtt":	1826,
					"min_rtt":	1435,
					"mean_rtt":	1664,
					"sender":	true
				},
				"receiver":	{
					"socket":	6,
					"start":	0,
					"end":	0.805667,
					"seconds":	0.804242,
					"bytes":	20699160,
					"bits_per_second":	205535636.93188375,
					"sender":	true
				}
			}],
		"sum_sent":	{
			"start":	0,
			"end":	0.804242,
			"seconds":	0.804242,
			"bytes":	20971520,
			"bits_per_second":	208609050.50967246,
			"retransmits":	22,
			"sender":	true
		},
		"sum_received":	{
			"start":	0,
			"end":	0.805667,
			"seconds":	0.805667,
			"bytes":	20699160,
			"bits_per_second":	205535636.93188375,
			"sender":	true
		},
		"cpu_utilization_percent":	{
			"host_total":	0.52325660047889955,
			"host_user":	0.11675909227610508,
			"host_system":	0.40649750820279451,
			"remote_total":	5.4807680373344585,
			"remote_user":	0.73589097543720283,
			"remote_system":	4.7448770618972551
		},
		"sender_tcp_congestion":	"dctcp",
		"receiver_tcp_congestion":	"dctcp"
	}
}
