{
	"start":	{
		"connected":	[{
				"socket":	6,
				"local_host":	"10.0.0.3",
				"local_port":	37406,
				"remote_host":	"10.0.0.1",
				"remote_port":	5002
			}],
		"version":	"iperf 3.12",
		"system_info":	"Linux cs244c-vm 6.1.0-43-cloud-amd64 #1 SMP PREEMPT_DYNAMIC Debian 6.1.162-1 (2026-02-08) x86_64",
		"timestamp":	{
			"time":	"Wed, 11 Mar 2026 04:33:52 GMT",
			"timesecs":	1773203632
		},
		"connecting_to":	{
			"host":	"10.0.0.1",
			"port":	5002
		},
		"cookie":	"xozce3ma2pwscdlbrts7cxfjxxqx7t4ykysl",
		"tcp_mss_default":	1448,
		"target_bitrate":	0,
		"sock_bufsize":	0,
		"sndbuf_actual":	87380,
		"rcvbuf_actual":	87380,
		"test_start":	{
			"protocol":	"TCP",
			"num_streams":	1,
			"blksize":	131072,
			"omit":	0,
			"duration":	0,
			"bytes":	20971520,
			"blocks":	0,
			"reverse":	0,
			"tos":	0,
			"target_bitrate":	0
		}
	},
	"intervals":	[{
			"streams":	[{
					"socket":	6,
					"start":	0,
					"end":	0.100127,
					"seconds":	0.10012699663639069,
					"bytes":	648704,
					"bits_per_second":	51830497.012169972,
					"retransmits":	1,
					"snd_cwnd":	13032,
					"snd_wnd":	98304,
					"rtt":	1594,
					"rttvar":	121,
					"pmtu":	1500,
					"omitted":	false,
					"sender":	true
				}],
			"sum":	{
				"start":	0,
				"end":	0.100127,
				"seconds":	0.10012699663639069,
				"bytes":	648704,
				"bits_per_second":	51830497.012169972,
				"retransmits":	1,
				"omitted":	false,
				"sender":	true
			}
		}, {
			"streams":	[{
					"socket":	6,
					"start":	0.100127,
					"end":	0.200117,
					"seconds":	0.099990002810955048,
					"bytes":	1225008,
					"bits_per_second":	98010438.288799524,
					"retransmits":	0,
					"snd_cwnd":	17376,
					"snd_wnd":	93184,
					"rtt":	1742,
					"rttvar":	298,
					"pmtu":	1500,
					"omitted":	false,
					"sender":	true
				}],
			"sum":	{
				"start":	0.100127,
				"end":	0.200117,
				"seconds":	0.099990002810955048,
				"bytes":	1225008,
				"bits_per_second":	98010438.288799524,
				"retransmits":	0,
				"omitted":	false,
				"sender":	true
			}
		}, {
			"streams":	[{
					"socket":	6,
					"start":	0.200117,
					"end":	0.300168,
					"seconds":	0.10005100071430206,
					"bytes":	1630448,
					"bits_per_second":	130369350.69991209,
					"retransmits":	0,
					"snd_cwnd":	34752,
					"snd_wnd":	130048,
					"rtt":	1637,
					"rttvar":	218,
					"pmtu":	1500,
					"omitted":	false,
					"sender":	true
				}],
			"sum":	{
				"start":	0.200117,
				"end":	0.300168,
				"seconds":	0.10005100071430206,
				"bytes":	1630448,
				"bits_per_second":	130369350.69991209,
				"retransmits":	0,
				"omitted":	false,
				"sender":	true
			}
		}, {
			"streams":	[{
					"socket":	6,
					"start":	0.300168,
					"end":	0.400118,
					"seconds":	0.099950000643730164,
					"bytes":	1537776,
					"bits_per_second":	123083621.01818269,
					"retransmits":	5,
					"snd_cwnd":	30408,
					"snd_wnd":	197120,
					"rtt":	1652,
					"rttvar":	206,
					"pmtu":	1500,
					"omitted":	false,
					"sender":	true
				}],
			"sum":	{
				"start":	0.300168,
				"end":	0.400118,
				"seconds":	0.099950000643730164,
				"bytes":	1537776,
				"bits_per_second":	123083621.01818269,
				"retransmits":	5,
				"omitted":	false,
				"sender":	true
			}
		}, {
			"streams":	[{
					"socket":	6,
					"start":	0.400118,
					"end":	0.500099,
					"seconds":	0.099981002509593964,
					"bytes":	1355328,
					"bits_per_second":	108446842.1784385,
					"retransmits":	0,
					"snd_cwnd":	20272,
					"snd_wnd":	190976,
					"rtt":	1664,
					"rttvar":	299,
					"pmtu":	1500,
					"omitted":	false,
					"sender":	true
				}],
			"sum":	{
				"start":	0.400118,
				"end":	0.500099,
				"seconds":	0.099981002509593964,
				"bytes":	1355328,
				"bits_per_second":	108446842.1784385,
				"retransmits":	0,
				"omitted":	false,
				"sender":	true
			}
		}, {
			"streams":	[{
					"socket":	6,
					"start":	0.500099,
					"end":	0.600124,
					"seconds":	0.1000249981880188,
					"bytes":	1375600,
					"bits_per_second":	110020496.86933339,
					"retransmits":	0,
					"snd_cwnd":	27512,
					"snd_wnd":	197120,
					"rtt":	1543,
					"rttvar":	229,
					"pmtu":	1500,
					"omitted":	false,
					"sender":	true
				}],
			"sum":	{
				"start":	0.500099,
				"end":	0.600124,
				"seconds":	0.1000249981880188,
				"bytes":	1375600,
				"bits_per_second":	110020496.86933339,
				"retransmits":	0,
				"omitted":	false,
				"sender":	true
			}
		}, {
			"streams":	[{
					"socket":	6,
					"start":	0.600124,
					"end":	0.700098,
					"seconds":	0.099973998963832855,
					"bytes":	1287272,
					"bits_per_second":	103008543.28859572,
					"retransmits":	8,
					"snd_cwnd":	18824,
					"snd_wnd":	197120,
					"rtt":	1557,
					"rttvar":	231,
					"pmtu":	1500,
					"omitted":	false,
					"sender":	true
				}],
			"sum":	{
				"start":	0.600124,
				"end":	0.700098,
				"seconds":	0.099973998963832855,
				"bytes":	1287272,
				"bits_per_second":	103008543.28859572,
				"retransmits":	8,
				"omitted":	false,
				"sender":	true
			}
		}, {
			"streams":	[{
					"socket":	6,
					"start":	0.700098,
					"end":	0.800124,
					"seconds":	0.10002599656581879,
					"bytes":	1571080,
					"bits_per_second":	125653734.34424743,
					"retransmits":	0,
					"snd_cwnd":	13032,
					"snd_wnd":	190464,
					"rtt":	1562,
					"rttvar":	187,
					"pmtu":	1500,
					"omitted":	false,
					"sender":	true
				}],
			"sum":	{
				"start":	0.700098,
				"end":	0.800124,
				"seconds":	0.10002599656581879,
				"bytes":	1571080,
				"bits_per_second":	125653734.34424743,
				"retransmits":	0,
				"omitted":	false,
				"sender":	true
			}
		}, {
			"streams":	[{
					"socket":	6,
					"start":	0.800124,
					"end":	0.900125,
					"seconds":	0.10000099986791611,
					"bytes":	1436416,
					"bits_per_second":	114912131.03047012,
					"retransmits":	0,
					"snd_cwnd":	36200,
					"snd_wnd":	197120,
					"rtt":	1745,
					"rttvar":	195,
					"pmtu":	1500,
					"omitted":	false,
					"sender":	true
				}],
			"sum":	{
				"start":	0.800124,
				"end":	0.900125,
				"seconds":	0.10000099986791611,
				"bytes":	1436416,
				"bits_per_second":	114912131.03047012,
				"retransmits":	0,
				"omitted":	false,
				"sender":	true
			}
		}, {
			"streams":	[{
					"socket":	6,
					"start":	0.900125,
					"end":	1.000128,
					"seconds":	0.10000299662351608,
					"bytes":	2929304,
					"bits_per_second":	234337297.79342738,
					"retransmits":	0,
					"snd_cwnd":	62264,
					"snd_wnd":	528896,
					"rtt":	1512,
					"rttvar":	271,
					"pmtu":	1500,
					"omitted":	false,
					"sender":	true
				}],
			"sum":	{
				"start":	0.900125,
				"end":	1.000128,
				"seconds":	0.10000299662351608,
				"bytes":	2929304,
				"bits_per_second":	234337297.79342738,
				"retransmits":	0,
				"omitted":	false,
				"sender":	true
			}
		}, {
			"streams":	[{
					"socket":	6,
					"start":	1.000128,
					"end":	1.100122,
					"seconds":	0.099993996322155,
					"bytes":	3661992,
					"bits_per_second":	292976949.3922016,
					"retransmits":	0,
					"snd_cwnd":	60816,
					"snd_wnd":	530432,
					"rtt":	1496,
					"rttvar":	139,
					"pmtu":	1500,
					"omitted":	false,
					"sender":	true
				}],
			"sum":	{
				"start":	1.000128,
				"end":	1.100122,
				"seconds":	0.099993996322155,
				"bytes":	3661992,
				"bits_per_second":	292976949.3922016,
				"retransmits":	0,
				"omitted":	false,
				"sender":	true
			}
		}, {
			"streams":	[{
					"socket":	6,
					"start":	1.100122,
					"end":	1.160445,
					"seconds":	0.060322999954223633,
					"bytes":	2312592,
					"bits_per_second":	306694561.179639,
					"retransmits":	0,
					"snd_cwnd":	53576,
					"snd_wnd":	528896,
					"rtt":	1503,
					"rttvar":	245,
					"pmtu":	1500,
					"omitted":	false,
					"sender":	true
				}],
			"sum":	{
				"start":	1.100122,
				"end":	1.160445,
				"seconds":	0.060322999954223633,
				"bytes":	2312592,
				"bits_per_second":	306694561.179639,
				"retransmits":	0,
				"omitted":	false,