{
	"start":	{
		"connected":	[{
				"socket":	6,
				"local_host":	"10.0.0.4",
				"local_port":	34864,
				"remote_host":	"10.0.0.1",
				"remote_port":	5003
			}],
		"version":	"iperf 3.12",
		"system_info":	"Linux cs244c-vm 6.1.0-43-cloud-amd64 #1 SMP PREEMPT_DYNAMIC Debian 6.1.162-1 (2026-02-08) x86_64",
		"timestamp":	{
			"time":	"Wed, 11 Mar 2026 04:33:54 GMT",
			"timesecs":	1773203634
		},
		"connecting_to":	{
			"host":	"10.0.0.1",
			"port":	5003
		},
		"cookie":	"2f55dzqcamqxjxvaon62kvwarqjj2kri3ema",
		"tcp_mss_default":	1448,
		"target_bitrate":	0,
		"sock_bufsize":	0,
		"sndbuf_actual":	87380,
		"rcvbuf_actual":	87380,
		"test_start":	{
			"protocol":	"TCP",
			"num_streams":	1,
			"blksize":	131072,
			"omit":	0,
			"duration":	0,
			"bytes":	20971520,
			"blocks":	0,
			"reverse":	0,
			"tos":	0,
			"target_bitrate":	0
		}
	},
	"intervals":	[{
			"streams":	[{
					"socket":	6,
					"start":	0,
					"end":	0.100086,
					"seconds":	0.10008600354194641,
					"bytes":	1204736,
					"bits_per_second":	96296061.975945771,
					"retransmits":	11,
					"snd_cwnd":	27512,
					"snd_wnd":	136192,
					"rtt":	1610,
					"rttvar":	468,
					"pmtu":	1500,
					"omitted":	false,
					"sender":	true
				}],
			"sum":	{
				"start":	0,
				"end":	0.100086,
				"seconds":	0.10008600354194641,
				"bytes":	1204736,
				"bits_per_second":	96296061.975945771,
				"retransmits":	11,
				"omitted":	false,
				"sender":	true
			}
		}, {
			"streams":	[{
					"socket":	6,
					"start":	0.100086,
					"end":	0.200119,
					"seconds":	0.1000330001115799,
					"bytes":	1752080,
					"bits_per_second":	140120160.1907911,
					"retransmits":	0,
					"snd_cwnd":	41992,
					"snd_wnd":	128512,
					"rtt":	1479,
					"rttvar":	221,
					"pmtu":	1500,
					"omitted":	false,
					"sender":	true
				}],
			"sum":	{
				"start":	0.100086,
				"end":	0.200119,
				"seconds":	0.1000330001115799,
				"bytes":	1752080,
				"bits_per_second":	140120160.1907911,
				"retransmits":	0,
				"omitted":	false,
				"sender":	true
			}
		}, {
			"streams":	[{
					"socket":	6,
					"start":	0.200119,
					"end":	0.30011,
					"seconds":	0.099991001188755035,
					"bytes":	3879192,
					"bits_per_second":	310363289.00655138,
					"retransmits":	0,
					"snd_cwnd":	83984,
					"snd_wnd":	273408,
					"rtt":	1315,
					"rttvar":	93,
					"pmtu":	1500,
					"omitted":	false,
					"sender":	true
				}],
			"sum":	{
				"start":	0.200119,
				"end":	0.30011,
				"seconds":	0.099991001188755035,
				"bytes":	3879192,
				"bits_per_second":	310363289.00655138,
				"retransmits":	0,
				"omitted":	false,
				"sender":	true
			}
		}, {
			"streams":	[{
					"socket":	6,
					"start":	0.30011,
					"end":	0.400112,
					"seconds":	0.10000199824571609,
					"bytes":	4887000,
					"bits_per_second":	390952187.814655,
					"retransmits":	5,
					"snd_cwnd":	82536,
					"snd_wnd":	397312,
					"rtt":	1517,
					"rttvar":	359,
					"pmtu":	1500,
					"omitted":	false,
					"sender":	true
				}],
			"sum":	{
				"start":	0.30011,
				"end":	0.400112,
				"seconds":	0.10000199824571609,
				"bytes":	4887000,
				"bits_per_second":	390952187.814655,
				"retransmits":	5,
				"omitted":	false,
				"sender":	true
			}
		}, {
			"streams":	[{
					"socket":	6,
					"start":	0.400112,
					"end":	0.500216,
					"seconds":	0.100103996694088,
					"bytes":	4507624,
					"bits_per_second":	360235287.21036285,
					"retransmits":	0,
					"snd_cwnd":	68056,
					"snd_wnd":	384512,
					"rtt":	1632,
					"rttvar":	85,
					"pmtu":	1500,
					"omitted":	false,
					"sender":	true
				}],
			"sum":	{
				"start":	0.400112,
				"end":	0.500216,
				"seconds":	0.100103996694088,
				"bytes":	4507624,
				"bits_per_second":	360235287.21036285,
				"retransmits":	0,
				"omitted":	false,
				"sender":	true
			}
		}, {
			"streams":	[{
					"socket":	6,
					"start":	0.500216,
					"end":	0.592817,
					"seconds":	0.0926010012626648,
					"bytes":	4740888,
					"bits_per_second":	409575528.15675211,
					"retransmits":	0,
					"snd_cwnd":	85432,
					"snd_wnd":	397312,
					"rtt":	1717,
					"rttvar":	139,
					"pmtu":	1500,
					"omitted":	false,
					"sender":	true
				}],
			"sum":	{
				"start":	0.500216,
				"end":	0.592817,
				"seconds":	0.0926010012626648,
				"bytes":	4740888,
				"bits_per_second":	409575528.15675211,
				"retransmits":	0,
				"omitted":	false,
				"sender":	true
			}
		}],
	"end":	{
		"streams":	[{
				"sender":	{
					"socket":	6,
					"start":	0,
					"end":	0.592817,
					"seconds":	0.592817,
					"bytes":	20971520,
					"bits_per_second":	283008348.2761122,
					"retransmits":	16,
					"max_snd_cwnd":	85432,
					"max_snd_wnd":	397312,
					"max_rtt":	1717,
					"min_rtt":	1315,
					"mean_rtt":	1545,
					"sender":	true
				},
				"receiver":	{
					"socket":	6,
					"start":	0,
					"end":	0.594321,
					"seconds":	0.592817,
					"bytes":	20791832,
					"bits_per_second":	279873428.669019,
					"sender":	true
				}
			}],
		"sum_sent":	{
			"start":	0,
			"end":	0.592817,
			"seconds":	0.592817,
			"bytes":	20971520,
			"bits_per_second":	283008348.2761122,
			"retransmits":	16,
			"sender":	true
		},
		"sum_received":	{
			"start":	0,
			"end":	0.594321,
			"seconds":	0.594321,
			"bytes":	20791832,
			"bits_per_second":	279873428.669019,
			"sender":	true
		},
		"cpu_utilization_percent":	{
			"host_total":	3.7398934554737453,
			"host_user":	1.5341426777315375,
			"host_system":	2.2055866105214772,
			"remote_total":	7.0106690312062,
			"remote_user":	1.1895608047286303,
			"remote_system":	5.82110822647757
		},
		"sender_tcp_congestion":	"dctcp",
		"receiver_tcp_congestion":	"dctcp"
	}
}
