{
	"start":	{
		"connected":	[{
				"socket":	6,
				"local_host":	"10.0.0.5",
				"local_port":	48574,
				"remote_host":	"10.0.0.1",
				"remote_port":	5004
			}],
		"version":	"iperf 3.12",
		"system_info":	"Linux cs244c-vm 6.1.0-43-cloud-amd64 #1 SMP PREEMPT_DYNAMIC Debian 6.1.162-1 (2026-02-08) x86_64",
		"timestamp":	{
			"time":	"Thu, 12 Mar 2026 04:39:09 GMT",
			"timesecs":	1773290349
		},
		"connecting_to":	{
			"host":	"10.0.0.1",
			"port":	5004
		},
		"cookie":	"crg5yy6kjbhhuxgb2oemz2cpihyeq5tg66mu",
		"tcp_mss_default":	1448,
		"target_bitrate":	0,
		"sock_bufsize":	0,
		"sndbuf_actual":	87380,
		"rcvbuf_actual":	87380,
		"test_start":	{
			"protocol":	"TCP",
			"num_streams":	1,
			"blksize":	131072,
			"omit":	0,
			"duration":	0,
			"bytes":	20971520,
			"blocks":	0,
			"reverse":	0,
			"tos":	0,
			"target_bitrate":	0
		}
	},
	"intervals":	[{
			"streams":	[{
					"socket":	6,
					"start":	0,
					"end":	0.100141,
					"seconds":	0.10014099627733231,
					"bytes":	772464,
					"bits_per_second":	61710111.040695,
					"retransmits":	0,
					"snd_cwnd":	236024,
					"snd_wnd":	321024,
					"rtt":	20230,
					"rttvar":	943,
					"pmtu":	1500,
					"omitted":	false,
					"sender":	true
				}],
			"sum":	{
				"start":	0,
				"end":	0.100141,
				"seconds":	0.10014099627733231,
				"bytes":	772464,
				"bits_per_second":	61710111.040695,
				"retransmits":	0,
				"omitted":	false,
				"sender":	true
			}
		}, {
			"streams":	[{
					"socket":	6,
					"start":	0.100141,
					"end":	0.200104,
					"seconds":	0.0999630019068718,
					"bytes":	15742608,
					"bits_per_second":	1259874769.6405704,
					"retransmits":	0,
					"snd_cwnd":	5606656,
					"snd_wnd":	8355840,
					"rtt":	23258,
					"rttvar":	1048,
					"pmtu":	1500,
					"omitted":	false,
					"sender":	true
				}],
			"sum":	{
				"start":	0.100141,
				"end":	0.200104,
				"seconds":	0.0999630019068718,
				"bytes":	15742608,
				"bits_per_second":	1259874769.6405704,
				"retransmits":	0,
				"omitted":	false,
				"sender":	true
			}
		}, {
			"streams":	[{
					"socket":	6,
					"start":	0.200104,
					"end":	0.256954,
					"seconds":	0.056850001215934753,
					"bytes":	4456448,
					"bits_per_second":	627116679.638822,
					"retransmits":	396,
					"snd_cwnd":	1757872,
					"snd_wnd":	7607296,
					"rtt":	23862,
					"rttvar":	1525,
					"pmtu":	1500,
					"omitted":	false,
					"sender":	true
				}],
			"sum":	{
				"start":	0.200104,
				"end":	0.256954,
				"seconds":	0.056850001215934753,
				"bytes":	4456448,
				"bits_per_second":	627116679.638822,
				"retransmits":	396,
				"omitted":	false,
				"sender":	true
			}
		}],
	"end":	{
		"streams":	[{
				"sender":	{
					"socket":	6,
					"start":	0,
					"end":	0.256954,
					"seconds":	0.256954,
					"bytes":	20971520,
					"bits_per_second":	652926827.36987936,
					"retransmits":	396,
					"max_snd_cwnd":	5606656,
					"max_snd_wnd":	8355840,
					"max_rtt":	23862,
					"min_rtt":	20230,
					"mean_rtt":	22450,
					"sender":	true
				},
				"receiver":	{
					"socket":	6,
					"start":	0,
					"end":	0.275415,
					"seconds":	0.256954,
					"bytes":	9503904,
					"bits_per_second":	276060606.72076684,
					"sender":	true
				}
			}],
		"sum_sent":	{
			"start":	0,
			"end":	0.256954,
			"seconds":	0.256954,
			"bytes":	20971520,
			"bits_per_second":	652926827.36987936,
			"retransmits":	396,
			"sender":	true
		},
		"sum_received":	{
			"start":	0,
			"end":	0.275415,
			"seconds":	0.275415,
			"bytes":	9503904,
			"bits_per_second":	276060606.72076684,
			"sender":	true
		},
		"cpu_utilization_percent":	{
			"host_total":	9.51442812474761,
			"host_user":	5.23098845057747,
			"host_system":	4.2814205443573981,
			"remote_total":	2.0058305227502933,
			"remote_user":	0,
			"remote_system":	2.0058305227502933
		},
		"sender_tcp_congestion":	"dctcp-reno",
		"receiver_tcp_congestion":	"dctcp-reno"
	}
}
