{
	"start":	{
		"connected":	[{
				"socket":	6,
				"local_host":	"10.0.0.3",
				"local_port":	6002,
				"remote_host":	"10.0.0.1",
				"remote_port":	5002
			}],
		"version":	"iperf 3.12",
		"system_info":	"Linux cs244c-vm 6.1.0-43-cloud-amd64 #1 SMP PREEMPT_DYNAMIC Debian 6.1.162-1 (2026-02-08) x86_64",
		"timestamp":	{
			"time":	"Mon, 09 Mar 2026 06:52:37 GMT",
			"timesecs":	1773039157
		},
		"connecting_to":	{
			"host":	"10.0.0.1",
			"port":	5002
		},
		"cookie":	"rxlv7ithtded7i466wcjab5pun5rvhledtib",
		"tcp_mss_default":	1448,
		"target_bitrate":	0,
		"sock_bufsize":	0,
		"sndbuf_actual":	87380,
		"rcvbuf_actual":	87380,
		"test_start":	{
			"protocol":	"TCP",
			"num_streams":	1,
			"blksize":	131072,
			"omit":	0,
			"duration":	0,
			"bytes":	52428800,
			"blocks":	0,
			"reverse":	0,
			"tos":	0,
			"target_bitrate":	0
		}
	},
	"intervals":	[{
			"streams":	[{
					"socket":	6,
					"start":	0,
					"end":	0.100196,
					"seconds":	0.1001959964632988,
					"bytes":	79640,
					"bits_per_second":	6358737.1001731921,
					"retransmits":	0,
					"snd_cwnd":	28960,
					"snd_wnd":	35840,
					"rtt":	75457,
					"rttvar":	9442,
					"pmtu":	1500,
					"omitted":	false,
					"sender":	true
				}],
			"sum":	{
				"start":	0,
				"end":	0.100196,
				"seconds":	0.1001959964632988,
				"bytes":	79640,
				"bits_per_second":	6358737.1001731921,
				"retransmits":	0,
				"omitted":	false,
				"sender":	true
			}
		}, {
			"streams":	[{
					"socket":	6,
					"start":	0.100196,
					"end":	0.200122,
					"seconds":	0.099926002323627472,
					"bytes":	82536,
					"bits_per_second":	6607769.59596106,
					"retransmits":	0,
					"snd_cwnd":	57920,
					"snd_wnd":	41984,
					"rtt":	75099,
					"rttvar":	558,
					"pmtu":	1500,
					"omitted":	false,
					"sender":	true
				}],
			"sum":	{
				"start":	0.100196,
				"end":	0.200122,
				"seconds":	0.099926002323627472,
				"bytes":	82536,
				"bits_per_second":	6607769.59596106,
				"retransmits":	0,
				"omitted":	false,
				"sender":	true
			}
		}, {
			"streams":	[{
					"socket":	6,
					"start":	0.200122,
					"end":	0.300094,
					"seconds":	0.0999720022082329,
					"bytes":	577752,
					"bits_per_second":	46233104.2482549,
					"retransmits":	0,
					"snd_cwnd":	196928,
					"snd_wnd":	244224,
					"rtt":	75920,
					"rttvar":	178,
					"pmtu":	1500,
					"omitted":	false,
					"sender":	true
				}],
			"sum":	{
				"start":	0.200122,
				"end":	0.300094,
				"seconds":	0.0999720022082329,
				"bytes":	577752,
				"bits_per_second":	46233104.2482549,
				"retransmits":	0,
				"omitted":	false,
				"sender":	true
			}
		}, {
			"streams":	[{
					"socket":	6,
					"start":	0.300094,
					"end":	0.400116,
					"seconds":	0.10002200305461884,
					"bytes":	781920,
					"bits_per_second":	62539839.324994788,
					"retransmits":	0,
					"snd_cwnd":	393856,
					"snd_wnd":	557056,
					"rtt":	74217,
					"rttvar":	146,
					"pmtu":	1500,
					"omitted":	false,
					"sender":	true
				}],
			"sum":	{
				"start":	0.300094,
				"end":	0.400116,
				"seconds":	0.10002200305461884,
				"bytes":	781920,
				"bits_per_second":	62539839.324994788,
				"retransmits":	0,
				"omitted":	false,
				"sender":	true
			}
		}, {
			"streams":	[{
					"socket":	6,
					"start":	0.400116,
					"end":	0.500137,
					"seconds":	0.10002099722623825,
					"bytes":	1629000,
					"bits_per_second":	130292642.15915404,
					"retransmits":	0,
					"snd_cwnd":	787712,
					"snd_wnd":	1344512,
					"rtt":	77053,
					"rttvar":	299,
					"pmtu":	1500,
					"omitted":	false,
					"sender":	true
				}],
			"sum":	{
				"start":	0.400116,
				"end":	0.500137,
				"seconds":	0.10002099722623825,
				"bytes":	1629000,
				"bits_per_second":	130292642.15915404,
				"retransmits":	0,
				"omitted":	false,
				"sender":	true
			}
		}, {
			"streams":	[{
					"socket":	6,
					"start":	0.500137,
					"end":	0.600134,
					"seconds":	0.099996998906135559,
					"bytes":	2354176,
					"bits_per_second":	188339732.25214893,
					"retransmits":	0,
					"snd_cwnd":	1575424,
					"snd_wnd":	2919936,
					"rtt":	81715,
					"rttvar":	571,
					"pmtu":	1500,
					"omitted":	false,
					"sender":	true
				}],
			"sum":	{
				"start":	0.500137,
				"end":	0.600134,
				"seconds":	0.099996998906135559,
				"bytes":	2354176,
				"bits_per_second":	188339732.25214893,
				"retransmits":	0,
				"omitted":	false,
				"sender":	true
			}
		}, {
			"streams":	[{
					"socket":	6,
					"start":	0.600134,
					"end":	0.70015,
					"seconds":	0.10001599788665771,
					"bytes":	1310720,
					"bits_per_second":	104840827.68321623,
					"retransmits":	80,
					"snd_cwnd":	1443656,
					"snd_wnd":	4887040,
					"rtt":	87248,
					"rttvar":	1137,
					"pmtu":	1500,
					"omitted":	false,
					"sender":	true
				}],
			"sum":	{
				"start":	0.600134,
				"end":	0.70015,
				"seconds":	0.10001599788665771,
				"bytes":	1310720,
				"bits_per_second":	104840827.68321623,
				"retransmits":	80,
				"omitted":	false,
				"sender":	true
			}
		}, {
			"streams":	[{
					"socket":	6,
					"start":	0.70015,
					"end":	0.800082,
					"seconds":	0.099932000041008,
					"bytes":	3932160,
					"bits_per_second":	314786854.93226618,
					"retransmits":	99,
					"snd_cwnd":	1239488,
					"snd_wnd":	7028736,
					"rtt":	20711,
					"rttvar":	270,
					"pmtu":	1500,
					"omitted":	false,
					"sender":	true
				}],
			"sum":	{
				"start":	0.70015,
				"end":	0.800082,
				"seconds":	0.099932000041008,
				"bytes":	3932160,
				"bits_per_second":	314786854.93226618,
				"retransmits":	99,
				"omitted":	false,
				"sender":	true
			}
		}, {
			"streams":	[{
					"socket":	6,
					"start":	0.800082,
					"end":	0.900104,
					"seconds":	0.10002200305461884,
					"bytes":	2621440,
					"bits_per_second":	209669066.400801,
					"retransmits":	0,
					"snd_cwnd":	1259760,
					"snd_wnd":	8384000,
					"rtt":	66464,
					"rttvar":	164,
					"pmtu":	1500,
					"omitted":	false,
					"sender":	true
				}],
			"sum":	{
				"start":	0.800082,
				"end":	0.900104,
				"seconds":	0.10002200305461884,
				"bytes":	2621440,
				"bits_per_second":	209669066.400801,
				"retransmits":	0,
				"omitted":	false,
				"sender":	true
			}
		}, {
			"streams":	[{
					"socket":	6,
					"start":	0.900104,
					"end":	1.000101,
					"seconds":	0.099996998906135559,
					"bytes":	1310720,
					"bits_per_second":	104860746.9694435,
					"retransmits":	0,
					"snd_cwnd":	1271344,
					"snd_wnd":	8387584,
					"rtt":	67159,
					"rttvar":	75,
					"pmtu":	1500,
					"omitted":	false,
					"sender":	true
				}],
			"sum":	{
				"start":	0.900104,
				"end":	1.000101,
				"seconds":	0.099996998906135559,
				"bytes":	1310720,
				"bits_per_second":	104860746.9694435,
				"retransmits":	0,
				"omitted":	false,
				"sender":	true
			}
		}, {
			"streams":	[{
					"socket":	6,
					"start":	1.000101,
					"end":	1.100114,
					"seconds":	0.10001300275325775,
					"bytes":	2621440,
					"bits_per_second":	209687934.79522729,
					"retransmits":	0,
					"snd_cwnd":	1290168,
					"snd_wnd":	8387584,
					"rtt":	66815,
					"rttvar":	141,
					"pmtu":	1500,
					"omitted":	false,
					"sender":	true
				}],
			"sum":	{
				"start":	1.000101,
				"end":	1.100114,
				"seconds":	0.10001300275325775,
				"bytes":	2621440,
				"bits_per_second":	209687934.79522729,
				"retransmits":	0,
				"omitted":	false,
				"sender":	true
			}
		}, {
			"streams":	[{
					"socket":	6,
					"start":	1.100114,
					"end":	1.200097,
					"seconds":	0.099982999265193939,
					"bytes":	1310720,
					"bits_per_second":	104875429.59366193,
					"retransmits":	0,
					"snd_cwnd":	1301752,
					"snd_wnd":	8387584,
					"rtt":	67289,
					"rttvar":	87,
					"pmtu":	1500,
					"omitted":	false,
					"sender":	true
				}],
			"sum":	{
				"start":	1.100114,
				"end":	1.200097,
				"seconds":	0.099982999265193939,
				"bytes":	1310720,
				"bits_per_second":	104875429.59366193,
				"retransmits":	0,
				"omitted":	false,