{
	"start":	{
		"connected":	[{
				"socket":	6,
				"local_host":	"10.0.0.5",
				"local_port":	6004,
				"remote_host":	"10.0.0.1",
				"remote_port":	5004
			}],
		"version":	"iperf 3.12",
		"system_info":	"Linux cs244c-vm 6.1.0-43-cloud-amd64 #1 SMP PREEMPT_DYNAMIC Debian 6.1.162-1 (2026-02-08) x86_64",
		"timestamp":	{
			"time":	"Mon, 09 Mar 2026 06:52:41 GMT",
			"timesecs":	1773039161
		},
		"connecting_to":	{
			"host":	"10.0.0.1",
			"port":	5004
		},
		"cookie":	"zyromkgus2nz4opu6und6sh5ekjwjw5auyut",
		"tcp_mss_default":	1448,
		"target_bitrate":	0,
		"sock_bufsize":	0,
		"sndbuf_actual":	87380,
		"rcvbuf_actual":	87380,
		"test_start":	{
			"protocol":	"TCP",
			"num_streams":	1,
			"blksize":	131072,
			"omit":	0,
			"duration":	0,
			"bytes":	52428800,
			"blocks":	0,
			"reverse":	0,
			"tos":	0,
			"target_bitrate":	0
		}
	},
	"intervals":	[{
			"streams":	[{
					"socket":	6,
					"start":	0,
					"end":	0.100119,
					"seconds":	0.10011900216341019,
					"bytes":	199824,
					"bits_per_second":	15966919.020935135,
					"retransmits":	0,
					"snd_cwnd":	57920,
					"snd_wnd":	42496,
					"rtt":	34179,
					"rttvar":	790,
					"pmtu":	1500,
					"omitted":	false,
					"sender":	true
				}],
			"sum":	{
				"start":	0,
				"end":	0.100119,
				"seconds":	0.10011900216341019,
				"bytes":	199824,
				"bits_per_second":	15966919.020935135,
				"retransmits":	0,
				"omitted":	false,
				"sender":	true
			}
		}, {
			"streams":	[{
					"socket":	6,
					"start":	0.100119,
					"end":	0.200114,
					"seconds":	0.0999950021505356,
					"bytes":	1303200,
					"bits_per_second":	104261210.81836648,
					"retransmits":	5,
					"snd_cwnd":	388064,
					"snd_wnd":	722944,
					"rtt":	35441,
					"rttvar":	406,
					"pmtu":	1500,
					"omitted":	false,
					"sender":	true
				}],
			"sum":	{
				"start":	0.100119,
				"end":	0.200114,
				"seconds":	0.0999950021505356,
				"bytes":	1303200,
				"bits_per_second":	104261210.81836648,
				"retransmits":	5,
				"omitted":	false,
				"sender":	true
			}
		}, {
			"streams":	[{
					"socket":	6,
					"start":	0.200114,
					"end":	0.300125,
					"seconds":	0.10001099854707718,
					"bytes":	6230224,
					"bits_per_second":	498363107.2990284,
					"retransmits":	0,
					"snd_cwnd":	1810000,
					"snd_wnd":	4780544,
					"rtt":	46294,
					"rttvar":	1532,
					"pmtu":	1500,
					"omitted":	false,
					"sender":	true
				}],
			"sum":	{
				"start":	0.200114,
				"end":	0.300125,
				"seconds":	0.10001099854707718,
				"bytes":	6230224,
				"bits_per_second":	498363107.2990284,
				"retransmits":	0,
				"omitted":	false,
				"sender":	true
			}
		}, {
			"streams":	[{
					"socket":	6,
					"start":	0.300125,
					"end":	0.400098,
					"seconds":	0.099973000586032867,
					"bytes":	3932160,
					"bits_per_second":	314657755.75005466,
					"retransmits":	0,
					"snd_cwnd":	1810000,
					"snd_wnd":	8380928,
					"rtt":	50188,
					"rttvar":	71,
					"pmtu":	1500,
					"omitted":	false,
					"sender":	true
				}],
			"sum":	{
				"start":	0.300125,
				"end":	0.400098,
				"seconds":	0.099973000586032867,
				"bytes":	3932160,
				"bits_per_second":	314657755.75005466,
				"retransmits":	0,
				"omitted":	false,
				"sender":	true
			}
		}, {
			"streams":	[{
					"socket":	6,
					"start":	0.400098,
					"end":	0.5003,
					"seconds":	0.10020200163125992,
					"bytes":	2621440,
					"bits_per_second":	209292425.88560763,
					"retransmits":	0,
					"snd_cwnd":	1811448,
					"snd_wnd":	8386048,
					"rtt":	49665,
					"rttvar":	124,
					"pmtu":	1500,
					"omitted":	false,
					"sender":	true
				}],
			"sum":	{
				"start":	0.400098,
				"end":	0.5003,
				"seconds":	0.10020200163125992,
				"bytes":	2621440,
				"bits_per_second":	209292425.88560763,
				"retransmits":	0,
				"omitted":	false,
				"sender":	true
			}
		}, {
			"streams":	[{
					"socket":	6,
					"start":	0.5003,
					"end":	0.600121,
					"seconds":	0.099821001291275024,
					"bytes":	3932160,
					"bits_per_second":	315136890.96554434,
					"retransmits":	0,
					"snd_cwnd":	1814344,
					"snd_wnd":	8386048,
					"rtt":	49802,
					"rttvar":	137,
					"pmtu":	1500,
					"omitted":	false,
					"sender":	true
				}],
			"sum":	{
				"start":	0.5003,
				"end":	0.600121,
				"seconds":	0.099821001291275024,
				"bytes":	3932160,
				"bits_per_second":	315136890.96554434,
				"retransmits":	0,
				"omitted":	false,
				"sender":	true
			}
		}, {
			"streams":	[{
					"socket":	6,
					"start":	0.600121,
					"end":	0.700141,
					"seconds":	0.10001999884843826,
					"bytes":	3932160,
					"bits_per_second":	314509901.64144742,
					"retransmits":	0,
					"snd_cwnd":	1815792,
					"snd_wnd":	8386560,
					"rtt":	50407,
					"rttvar":	148,
					"pmtu":	1500,
					"omitted":	false,
					"sender":	true
				}],
			"sum":	{
				"start":	0.600121,
				"end":	0.700141,
				"seconds":	0.10001999884843826,
				"bytes":	3932160,
				"bits_per_second":	314509901.64144742,
				"retransmits":	0,
				"omitted":	false,
				"sender":	true
			}
		}, {
			"streams":	[{
					"socket":	6,
					"start":	0.700141,
					"end":	0.80013,
					"seconds":	0.099988996982574463,
					"bytes":	2621440,
					"bits_per_second":	209738277.53922567,
					"retransmits":	0,
					"snd_cwnd":	1817240,
					"snd_wnd":	8386560,
					"rtt":	51570,
					"rttvar":	138,
					"pmtu":	1500,
					"omitted":	false,
					"sender":	true
				}],
			"sum":	{
				"start":	0.700141,
				"end":	0.80013,
				"seconds":	0.099988996982574463,
				"bytes":	2621440,
				"bits_per_second":	209738277.53922567,
				"retransmits":	0,
				"omitted":	false,
				"sender":	true
			}
		}, {
			"streams":	[{
					"socket":	6,
					"start":	0.80013,
					"end":	0.900158,
					"seconds":	0.10002800077199936,
					"bytes":	3932160,
					"bits_per_second":	314484741.84446335,
					"retransmits":	0,
					"snd_cwnd":	1818688,
					"snd_wnd":	8386560,
					"rtt":	50814,
					"rttvar":	132,
					"pmtu":	1500,
					"omitted":	false,
					"sender":	true
				}],
			"sum":	{
				"start":	0.80013,
				"end":	0.900158,
				"seconds":	0.10002800077199936,
				"bytes":	3932160,
				"bits_per_second":	314484741.84446335,
				"retransmits":	0,
				"omitted":	false,
				"sender":	true
			}
		}, {
			"streams":	[{
					"socket":	6,
					"start":	0.900158,
					"end":	1.000094,
					"seconds":	0.099936001002788544,
					"bytes":	3932160,
					"bits_per_second":	314774252.36499345,
					"retransmits":	0,
					"snd_cwnd":	1820136,
					"snd_wnd":	8386560,
					"rtt":	50434,
					"rttvar":	73,
					"pmtu":	1500,
					"omitted":	false,
					"sender":	true
				}],
			"sum":	{
				"start":	0.900158,
				"end":	1.000094,
				"seconds":	0.099936001002788544,
				"bytes":	3932160,
				"bits_per_second":	314774252.36499345,
				"retransmits":	0,
				"omitted":	false,
				"sender":	true
			}
		}, {
			"streams":	[{
					"socket":	6,
					"start":	1.000094,
					"end":	1.100122,
					"seconds":	0.10002800077199936,
					"bytes":	2621440,
					"bits_per_second":	209656494.56297559,
					"retransmits":	0,
					"snd_cwnd":	1821584,
					"snd_wnd":	8386560,
					"rtt":	50735,
					"rttvar":	92,
					"pmtu":	1500,
					"omitted":	false,
					"sender":	true
				}],
			"sum":	{
				"start":	1.000094,
				"end":	1.100122,
				"seconds":	0.10002800077199936,
				"bytes":	2621440,
				"bits_per_second":	209656494.56297559,
				"retransmits":	0,
				"omitted":	false,
				"sender":	true
			}
		}, {
			"streams":	[{
					"socket":	6,
					"start":	1.100122,
					"end":	1.200166,
					"seconds":	0.10004399716854095,
					"bytes":	3932160,
					"bits_per_second":	314434457.74167657,
					"retransmits":	0,
					"snd_cwnd":	1823032,
					"snd_wnd":	8386560,
					"rtt":	51137,
					"rttvar":	74,
					"pmtu":	1500,
					"omitted":	false,
					"sender":	true
				}],
			"sum":	{
				"start":	1.100122,
				"end":	1.200166,
				"seconds":	0.10004399716854095,
				"bytes":	3932160,
				"bits_per_second":	314434457.74167657,
				"retransmits":	0,