{
	"start":	{
		"connected":	[{
				"socket":	6,
				"local_host":	"10.0.0.3",
				"local_port":	37958,
				"remote_host":	"10.0.0.1",
				"remote_port":	5002
			}],
		"version":	"iperf 3.12",
		"system_info":	"Linux cs244c-vm 6.1.0-43-cloud-amd64 #1 SMP PREEMPT_DYNAMIC Debian 6.1.162-1 (2026-02-08) x86_64",
		"timestamp":	{
			"time":	"Thu, 12 Mar 2026 04:11:28 GMT",
			"timesecs":	1773288688
		},
		"connecting_to":	{
			"host":	"10.0.0.1",
			"port":	5002
		},
		"cookie":	"7ggmw2rzih453gzxddbnvkefwzb4tvxw5sie",
		"tcp_mss_default":	1448,
		"target_bitrate":	0,
		"sock_bufsize":	0,
		"sndbuf_actual":	87380,
		"rcvbuf_actual":	87380,
		"test_start":	{
			"protocol":	"TCP",
			"num_streams":	1,
			"blksize":	131072,
			"omit":	0,
			"duration":	0,
			"bytes":	20971520,
			"blocks":	0,
			"reverse":	0,
			"tos":	0,
			"target_bitrate":	0
		}
	},
	"intervals":	[{
			"streams":	[{
					"socket":	6,
					"start":	0,
					"end":	0.1001,
					"seconds":	0.10010000318288803,
					"bytes":	797848,
					"bits_per_second":	63764073.896564357,
					"retransmits":	0,
					"snd_cwnd":	202720,
					"snd_wnd":	243200,
					"rtt":	22229,
					"rttvar":	361,
					"pmtu":	1500,
					"omitted":	false,
					"sender":	true
				}],
			"sum":	{
				"start":	0,
				"end":	0.1001,
				"seconds":	0.10010000318288803,
				"bytes":	797848,
				"bits_per_second":	63764073.896564357,
				"retransmits":	0,
				"omitted":	false,
				"sender":	true
			}
		}, {
			"streams":	[{
					"socket":	6,
					"start":	0.1001,
					"end":	0.200543,
					"seconds":	0.100442998111248,
					"bytes":	6148968,
					"bits_per_second":	489747866.202844,
					"retransmits":	0,
					"snd_cwnd":	1856336,
					"snd_wnd":	2888192,
					"rtt":	35082,
					"rttvar":	2385,
					"pmtu":	1500,
					"omitted":	false,
					"sender":	true
				}],
			"sum":	{
				"start":	0.1001,
				"end":	0.200543,
				"seconds":	0.100442998111248,
				"bytes":	6148968,
				"bits_per_second":	489747866.202844,
				"retransmits":	0,
				"omitted":	false,
				"sender":	true
			}
		}, {
			"streams":	[{
					"socket":	6,
					"start":	0.200543,
					"end":	0.300137,
					"seconds":	0.099593997001647949,
					"bytes":	10485760,
					"bits_per_second":	842280484.019654,
					"retransmits":	0,
					"snd_cwnd":	6287216,
					"snd_wnd":	8355840,
					"rtt":	71435,
					"rttvar":	4686,
					"pmtu":	1500,
					"omitted":	false,
					"sender":	true
				}],
			"sum":	{
				"start":	0.200543,
				"end":	0.300137,
				"seconds":	0.099593997001647949,
				"bytes":	10485760,
				"bits_per_second":	842280484.019654,
				"retransmits":	0,
				"omitted":	false,
				"sender":	true
			}
		}, {
			"streams":	[{
					"socket":	6,
					"start":	0.300137,
					"end":	0.369742,
					"seconds":	0.0696050003170967,
					"bytes":	3538944,
					"bits_per_second":	406745950.305613,
					"retransmits":	0,
					"snd_cwnd":	9154256,
					"snd_wnd":	8355840,
					"rtt":	96083,
					"rttvar":	4488,
					"pmtu":	1500,
					"omitted":	false,
					"sender":	true
				}],
			"sum":	{
				"start":	0.300137,
				"end":	0.369742,
				"seconds":	0.0696050003170967,
				"bytes":	3538944,
				"bits_per_second":	406745950.305613,
				"retransmits":	0,
				"omitted":	false,
				"sender":	true
			}
		}],
	"end":	{
		"streams":	[{
				"sender":	{
					"socket":	6,
					"start":	0,
					"end":	0.369742,
					"seconds":	0.369742,
					"bytes":	20971520,
					"bits_per_second":	453754672.17681515,
					"retransmits":	0,
					"max_snd_cwnd":	9154256,
					"max_snd_wnd":	8355840,
					"max_rtt":	96083,
					"min_rtt":	22229,
					"mean_rtt":	56207,
					"sender":	true
				},
				"receiver":	{
					"socket":	6,
					"start":	0,
					"end":	0.514125,
					"seconds":	0.369742,
					"bytes":	17478808,
					"bits_per_second":	271977561.87697542,
					"sender":	true
				}
			}],
		"sum_sent":	{
			"start":	0,
			"end":	0.369742,
			"seconds":	0.369742,
			"bytes":	20971520,
			"bits_per_second":	453754672.17681515,
			"retransmits":	0,
			"sender":	true
		},
		"sum_received":	{
			"start":	0,
			"end":	0.514125,
			"seconds":	0.514125,
			"bytes":	17478808,
			"bits_per_second":	271977561.87697542,
			"sender":	true
		},
		"cpu_utilization_percent":	{
			"host_total":	6.94459510472215,
			"host_user":	2.3962215848689836,
			"host_system":	4.54815656905327,
			"remote_total":	2.4442853864137644,
			"remote_user":	0,
			"remote_system":	2.4442853864137644
		},
		"sender_tcp_congestion":	"dctcp",
		"receiver_tcp_congestion":	"dctcp"
	}
}
