{
	"start":	{
		"connected":	[{
				"socket":	6,
				"local_host":	"10.0.0.4",
				"local_port":	36276,
				"remote_host":	"10.0.0.1",
				"remote_port":	5003
			}],
		"version":	"iperf 3.12",
		"system_info":	"Linux cs244c-vm 6.1.0-43-cloud-amd64 #1 SMP PREEMPT_DYNAMIC Debian 6.1.162-1 (2026-02-08) x86_64",
		"timestamp":	{
			"time":	"Thu, 12 Mar 2026 04:11:30 GMT",
			"timesecs":	1773288690
		},
		"connecting_to":	{
			"host":	"10.0.0.1",
			"port":	5003
		},
		"cookie":	"xbxfc4xhflfl6d7bqaprqa5lgje5qojlccyd",
		"tcp_mss_default":	1448,
		"target_bitrate":	0,
		"sock_bufsize":	0,
		"sndbuf_actual":	87380,
		"rcvbuf_actual":	87380,
		"test_start":	{
			"protocol":	"TCP",
			"num_streams":	1,
			"blksize":	131072,
			"omit":	0,
			"duration":	0,
			"bytes":	20971520,
			"blocks":	0,
			"reverse":	0,
			"tos":	0,
			"target_bitrate":	0
		}
	},
	"intervals":	[{
			"streams":	[{
					"socket":	6,
					"start":	0,
					"end":	0.100171,
					"seconds":	0.10017099976539612,
					"bytes":	79640,
					"bits_per_second":	6360323.8611190533,
					"retransmits":	0,
					"snd_cwnd":	28960,
					"snd_wnd":	39936,
					"rtt":	72941,
					"rttvar":	8319,
					"pmtu":	1500,
					"omitted":	false,
					"sender":	true
				}],
			"sum":	{
				"start":	0,
				"end":	0.100171,
				"seconds":	0.10017099976539612,
				"bytes":	79640,
				"bits_per_second":	6360323.8611190533,
				"retransmits":	0,
				"omitted":	false,
				"sender":	true
			}
		}, {
			"streams":	[{
					"socket":	6,
					"start":	0.100171,
					"end":	0.200145,
					"seconds":	0.099973998963832855,
					"bytes":	140456,
					"bits_per_second":	11239402.361072874,
					"retransmits":	0,
					"snd_cwnd":	57920,
					"snd_wnd":	59904,
					"rtt":	72233,
					"rttvar":	586,
					"pmtu":	1500,
					"omitted":	false,
					"sender":	true
				}],
			"sum":	{
				"start":	0.100171,
				"end":	0.200145,
				"seconds":	0.099973998963832855,
				"bytes":	140456,
				"bits_per_second":	11239402.361072874,
				"retransmits":	0,
				"omitted":	false,
				"sender":	true
			}
		}, {
			"streams":	[{
					"socket":	6,
					"start":	0.200145,
					"end":	0.300129,
					"seconds":	0.099983997642993927,
					"bytes":	557480,
					"bits_per_second":	44605537.937425226,
					"retransmits":	0,
					"snd_cwnd":	231680,
					"snd_wnd":	372224,
					"rtt":	72848,
					"rttvar":	98,
					"pmtu":	1500,
					"omitted":	false,
					"sender":	true
				}],
			"sum":	{
				"start":	0.200145,
				"end":	0.300129,
				"seconds":	0.099983997642993927,
				"bytes":	557480,
				"bits_per_second":	44605537.937425226,
				"retransmits":	0,
				"omitted":	false,
				"sender":	true
			}
		}, {
			"streams":	[{
					"socket":	6,
					"start":	0.300129,
					"end":	0.400128,
					"seconds":	0.099999003112316132,
					"bytes":	912240,
					"bits_per_second":	72979927.5279092,
					"retransmits":	0,
					"snd_cwnd":	463360,
					"snd_wnd":	479232,
					"rtt":	74201,
					"rttvar":	316,
					"pmtu":	1500,
					"omitted":	false,
					"sender":	true
				}],
			"sum":	{
				"start":	0.300129,
				"end":	0.400128,
				"seconds":	0.099999003112316132,
				"bytes":	912240,
				"bits_per_second":	72979927.5279092,
				"retransmits":	0,
				"omitted":	false,
				"sender":	true
			}
		}, {
			"streams":	[{
					"socket":	6,
					"start":	0.400128,
					"end":	0.500154,
					"seconds":	0.10002599656581879,
					"bytes":	1759320,
					"bits_per_second":	140709020.48687616,
					"retransmits":	0,
					"snd_cwnd":	926720,
					"snd_wnd":	1371136,
					"rtt":	75903,
					"rttvar":	475,
					"pmtu":	1500,
					"omitted":	false,
					"sender":	true
				}],
			"sum":	{
				"start":	0.400128,
				"end":	0.500154,
				"seconds":	0.10002599656581879,
				"bytes":	1759320,
				"bits_per_second":	140709020.48687616,
				"retransmits":	0,
				"omitted":	false,
				"sender":	true
			}
		}, {
			"streams":	[{
					"socket":	6,
					"start":	0.500154,
					"end":	0.600117,
					"seconds":	0.0999630019068718,
					"bytes":	5070544,
					"bits_per_second":	405793655.91472369,
					"retransmits":	0,
					"snd_cwnd":	2651288,
					"snd_wnd":	4808704,
					"rtt":	82358,
					"rttvar":	386,
					"pmtu":	1500,
					"omitted":	false,
					"sender":	true
				}],
			"sum":	{
				"start":	0.500154,
				"end":	0.600117,
				"seconds":	0.0999630019068718,
				"bytes":	5070544,
				"bits_per_second":	405793655.91472369,
				"retransmits":	0,
				"omitted":	false,
				"sender":	true
			}
		}, {
			"streams":	[{
					"socket":	6,
					"start":	0.600117,
					"end":	0.700122,
					"seconds":	0.10000500082969666,
					"bytes":	9175040,
					"bits_per_second":	733966495.58552527,
					"retransmits":	0,
					"snd_cwnd":	5744216,
					"snd_wnd":	8355840,
					"rtt":	91733,
					"rttvar":	1332,
					"pmtu":	1500,
					"omitted":	false,
					"sender":	true
				}],
			"sum":	{
				"start":	0.600117,
				"end":	0.700122,
				"seconds":	0.10000500082969666,
				"bytes":	9175040,
				"bits_per_second":	733966495.58552527,
				"retransmits":	0,
				"omitted":	false,
				"sender":	true
			}
		}, {
			"streams":	[{
					"socket":	6,
					"start":	0.700122,
					"end":	0.800117,
					"seconds":	0.0999950021505356,
					"bytes":	2621440,
					"bits_per_second":	209725681.77386329,
					"retransmits":	0,
					"snd_cwnd":	9197696,
					"snd_wnd":	8355840,
					"rtt":	106936,
					"rttvar":	927,
					"pmtu":	1500,
					"omitted":	false,
					"sender":	true
				}],
			"sum":	{
				"start":	0.700122,
				"end":	0.800117,
				"seconds":	0.0999950021505356,
				"bytes":	2621440,
				"bits_per_second":	209725681.77386329,
				"retransmits":	0,
				"omitted":	false,
				"sender":	true
			}
		}, {
			"streams":	[{
					"socket":	6,
					"start":	0.800117,
					"end":	0.802353,
					"seconds":	0.0022360000293701887,
					"bytes":	655360,
					"bits_per_second":	2344758466.51789,
					"retransmits":	0,
					"snd_cwnd":	9393176,
					"snd_wnd":	8355840,
					"rtt":	107208,
					"rttvar":	833,
					"pmtu":	1500,
					"omitted":	false,
					"sender":	true
				}],
			"sum":	{
				"start":	0.800117,
				"end":	0.802353,
				"seconds":	0.0022360000293701887,
				"bytes":	655360,
				"bits_per_second":	2344758466.51789,
				"retransmits":	0,
				"omitted":	false,
				"sender":	true
			}
		}],
	"end":	{
		"streams":	[{
				"sender":	{
					"socket":	6,
					"start":	0,
					"end":	0.802353,
					"seconds":	0.802353,
					"bytes":	20971520,
					"bits_per_second":	209100184.08356422,
					"retransmits":	0,
					"max_snd_cwnd":	9393176,
					"max_snd_wnd":	8355840,
					"max_rtt":	107208,
					"min_rtt":	72233,
					"mean_rtt":	84040,
					"sender":	true
				},
				"receiver":	{
					"socket":	6,
					"start":	0,
					"end":	0.940631,
					"seconds":	0.802353,
					"bytes":	17393376,
					"bits_per_second":	147929430.35047749,
					"sender":	true
				}
			}],
		"sum_sent":	{
			"start":	0,
			"end":	0.802353,
			"seconds":	0.802353,
			"bytes":	20971520,
			"bits_per_second":	209100184.08356422,
			"retransmits":	0,
			"sender":	true
		},
		"sum_received":	{
			"start":	0,
			"end":	0.940631,
			"seconds":	0.940631,
			"bytes":	17393376,
			"bits_per_second":	147929430.35047749,
			"sender":	true
		},
		"cpu_utilization_percent":	{
			"host_total":	7.5916067654822932,
			"host_user":	2.5876031970048188,
			"host_system":	5.004003568477474,
			"remote_total":	1.5407218100424913,
			"remote_user":	0.43405555443341559,
			"remote_system":	1.1064536396137616
		},
		"sender_tcp_congestion":	"dctcp",
		"receiver_tcp_congestion":	"dctcp"
	}
}
