{
	"start":	{
		"connected":	[{
				"socket":	6,
				"local_host":	"10.0.0.3",
				"local_port":	40980,
				"remote_host":	"10.0.0.1",
				"remote_port":	5002
			}],
		"version":	"iperf 3.12",
		"system_info":	"Linux cs244c-vm 6.1.0-43-cloud-amd64 #1 SMP PREEMPT_DYNAMIC Debian 6.1.162-1 (2026-02-08) x86_64",
		"timestamp":	{
			"time":	"Wed, 11 Mar 2026 17:01:50 GMT",
			"timesecs":	1773248510
		},
		"connecting_to":	{
			"host":	"10.0.0.1",
			"port":	5002
		},
		"cookie":	"v4udqwve25sa6hgpwqgsxvqfc6y2335gezbo",
		"tcp_mss_default":	1448,
		"target_bitrate":	0,
		"sock_bufsize":	0,
		"sndbuf_actual":	87380,
		"rcvbuf_actual":	87380,
		"test_start":	{
			"protocol":	"TCP",
			"num_streams":	1,
			"blksize":	131072,
			"omit":	0,
			"duration":	0,
			"bytes":	20971520,
			"blocks":	0,
			"reverse":	0,
			"tos":	0,
			"target_bitrate":	0
		}
	},
	"intervals":	[{
			"streams":	[{
					"socket":	6,
					"start":	0,
					"end":	0.100095,
					"seconds":	0.1000949963927269,
					"bytes":	1443656,
					"bits_per_second":	115382870.43526176,
					"retransmits":	0,
					"snd_cwnd":	44888,
					"snd_wnd":	103936,
					"rtt":	1546,
					"rttvar":	55,
					"pmtu":	1500,
					"omitted":	false,
					"sender":	true
				}],
			"sum":	{
				"start":	0,
				"end":	0.100095,
				"seconds":	0.1000949963927269,
				"bytes":	1443656,
				"bits_per_second":	115382870.43526176,
				"retransmits":	0,
				"omitted":	false,
				"sender":	true
			}
		}, {
			"streams":	[{
					"socket":	6,
					"start":	0.100095,
					"end":	0.200097,
					"seconds":	0.10000199824571609,
					"bytes":	3546152,
					"bits_per_second":	283686491.24684149,
					"retransmits":	0,
					"snd_cwnd":	60816,
					"snd_wnd":	260608,
					"rtt":	1301,
					"rttvar":	96,
					"pmtu":	1500,
					"omitted":	false,
					"sender":	true
				}],
			"sum":	{
				"start":	0.100095,
				"end":	0.200097,
				"seconds":	0.10000199824571609,
				"bytes":	3546152,
				"bits_per_second":	283686491.24684149,
				"retransmits":	0,
				"omitted":	false,
				"sender":	true
			}
		}, {
			"streams":	[{
					"socket":	6,
					"start":	0.200097,
					"end":	0.300057,
					"seconds":	0.099959999322891235,
					"bytes":	4110872,
					"bits_per_second":	329001362.77280617,
					"retransmits":	0,
					"snd_cwnd":	59368,
					"snd_wnd":	266752,
					"rtt":	1395,
					"rttvar":	104,
					"pmtu":	1500,
					"omitted":	false,
					"sender":	true
				}],
			"sum":	{
				"start":	0.200097,
				"end":	0.300057,
				"seconds":	0.099959999322891235,
				"bytes":	4110872,
				"bits_per_second":	329001362.77280617,
				"retransmits":	0,
				"omitted":	false,
				"sender":	true
			}
		}, {
			"streams":	[{
					"socket":	6,
					"start":	0.300057,
					"end":	0.400063,
					"seconds":	0.10000599920749664,
					"bytes":	4483008,
					"bits_per_second":	358619125.694527,
					"retransmits":	0,
					"snd_cwnd":	79640,
					"snd_wnd":	256000,
					"rtt":	1193,
					"rttvar":	106,
					"pmtu":	1500,
					"omitted":	false,
					"sender":	true
				}],
			"sum":	{
				"start":	0.300057,
				"end":	0.400063,
				"seconds":	0.10000599920749664,
				"bytes":	4483008,
				"bits_per_second":	358619125.694527,
				"retransmits":	0,
				"omitted":	false,
				"sender":	true
			}
		}, {
			"streams":	[{
					"socket":	6,
					"start":	0.400063,
					"end":	0.500096,
					"seconds":	0.1000330001115799,
					"bytes":	6906960,
					"bits_per_second":	552374515.79344928,
					"retransmits":	0,
					"snd_cwnd":	101360,
					"snd_wnd":	377856,
					"rtt":	1331,
					"rttvar":	175,
					"pmtu":	1500,
					"omitted":	false,
					"sender":	true
				}],
			"sum":	{
				"start":	0.400063,
				"end":	0.500096,
				"seconds":	0.1000330001115799,
				"bytes":	6906960,
				"bits_per_second":	552374515.79344928,
				"retransmits":	0,
				"omitted":	false,
				"sender":	true
			}
		}, {
			"streams":	[{
					"socket":	6,
					"start":	0.500096,
					"end":	0.506925,
					"seconds":	0.00682900007814169,
					"bytes":	480872,
					"bits_per_second":	563329324.349172,
					"retransmits":	0,
					"snd_cwnd":	108600,
					"snd_wnd":	386560,
					"rtt":	1421,
					"rttvar":	160,
					"pmtu":	1500,
					"omitted":	false,
					"sender":	true
				}],
			"sum":	{
				"start":	0.500096,
				"end":	0.506925,
				"seconds":	0.00682900007814169,
				"bytes":	480872,
				"bits_per_second":	563329324.349172,
				"retransmits":	0,
				"omitted":	false,
				"sender":	true
			}
		}],
	"end":	{
		"streams":	[{
				"sender":	{
					"socket":	6,
					"start":	0,
					"end":	0.506925,
					"seconds":	0.506925,
					"bytes":	20971520,
					"bits_per_second":	330960516.841742,
					"retransmits":	0,
					"max_snd_cwnd":	108600,
					"max_snd_wnd":	386560,
					"max_rtt":	1546,
					"min_rtt":	1193,
					"mean_rtt":	1364,
					"sender":	true
				},
				"receiver":	{
					"socket":	6,
					"start":	0,
					"end":	0.508884,
					"seconds":	0.506925,
					"bytes":	20746944,
					"bits_per_second":	326155964.81712925,
					"sender":	true
				}
			}],
		"sum_sent":	{
			"start":	0,
			"end":	0.506925,
			"seconds":	0.506925,
			"bytes":	20971520,
			"bits_per_second":	330960516.841742,
			"retransmits":	0,
			"sender":	true
		},
		"sum_received":	{
			"start":	0,
			"end":	0.508884,
			"seconds":	0.508884,
			"bytes":	20746944,
			"bits_per_second":	326155964.81712925,
			"sender":	true
		},
		"cpu_utilization_percent":	{
			"host_total":	4.6631853886857826,
			"host_user":	0.974976945072239,
			"host_system":	3.6882084436135436,
			"remote_total":	5.8756027493623728,
			"remote_user":	0,
			"remote_system":	5.8756027493623728
		},
		"sender_tcp_congestion":	"dctcp",
		"receiver_tcp_congestion":	"dctcp"
	}
}
