{
	"start":	{
		"connected":	[{
				"socket":	6,
				"local_host":	"10.0.0.5",
				"local_port":	58328,
				"remote_host":	"10.0.0.1",
				"remote_port":	5004
			}],
		"version":	"iperf 3.12",
		"system_info":	"Linux cs244c-vm 6.1.0-43-cloud-amd64 #1 SMP PREEMPT_DYNAMIC Debian 6.1.162-1 (2026-02-08) x86_64",
		"timestamp":	{
			"time":	"Wed, 11 Mar 2026 17:01:54 GMT",
			"timesecs":	1773248514
		},
		"connecting_to":	{
			"host":	"10.0.0.1",
			"port":	5004
		},
		"cookie":	"tnbz2ruozieeoiq7o3vqhm53nm7bktitvd3r",
		"tcp_mss_default":	1448,
		"target_bitrate":	0,
		"sock_bufsize":	0,
		"sndbuf_actual":	87380,
		"rcvbuf_actual":	87380,
		"test_start":	{
			"protocol":	"TCP",
			"num_streams":	1,
			"blksize":	131072,
			"omit":	0,
			"duration":	0,
			"bytes":	20971520,
			"blocks":	0,
			"reverse":	0,
			"tos":	0,
			"target_bitrate":	0
		}
	},
	"intervals":	[{
			"streams":	[{
					"socket":	6,
					"start":	0,
					"end":	0.100084,
					"seconds":	0.10008399933576584,
					"bytes":	2832288,
					"bits_per_second":	226392871.49172574,
					"retransmits":	0,
					"snd_cwnd":	59368,
					"snd_wnd":	273408,
					"rtt":	1479,
					"rttvar":	82,
					"pmtu":	1500,
					"omitted":	false,
					"sender":	true
				}],
			"sum":	{
				"start":	0,
				"end":	0.100084,
				"seconds":	0.10008399933576584,
				"bytes":	2832288,
				"bits_per_second":	226392871.49172574,
				"retransmits":	0,
				"omitted":	false,
				"sender":	true
			}
		}, {
			"streams":	[{
					"socket":	6,
					"start":	0.100084,
					"end":	0.200099,
					"seconds":	0.10001499950885773,
					"bytes":	4816048,
					"bits_per_second":	385226057.98331052,
					"retransmits":	0,
					"snd_cwnd":	89776,
					"snd_wnd":	343040,
					"rtt":	1228,
					"rttvar":	179,
					"pmtu":	1500,
					"omitted":	false,
					"sender":	true
				}],
			"sum":	{
				"start":	0.100084,
				"end":	0.200099,
				"seconds":	0.10001499950885773,
				"bytes":	4816048,
				"bits_per_second":	385226057.98331052,
				"retransmits":	0,
				"omitted":	false,
				"sender":	true
			}
		}, {
			"streams":	[{
					"socket":	6,
					"start":	0.200099,
					"end":	0.300124,
					"seconds":	0.1000249981880188,
					"bytes":	6516000,
					"bits_per_second":	521149722.01263183,
					"retransmits":	34,
					"snd_cwnd":	83984,
					"snd_wnd":	354304,
					"rtt":	1536,
					"rttvar":	181,
					"pmtu":	1500,
					"omitted":	false,
					"sender":	true
				}],
			"sum":	{
				"start":	0.200099,
				"end":	0.300124,
				"seconds":	0.1000249981880188,
				"bytes":	6516000,
				"bits_per_second":	521149722.01263183,
				"retransmits":	34,
				"omitted":	false,
				"sender":	true
			}
		}, {
			"streams":	[{
					"socket":	6,
					"start":	0.300124,
					"end":	0.400093,
					"seconds":	0.0999689996242523,
					"bytes":	5668920,
					"bits_per_second":	453654234.5172956,
					"retransmits":	0,
					"snd_cwnd":	97016,
					"snd_wnd":	355840,
					"rtt":	1532,
					"rttvar":	242,
					"pmtu":	1500,
					"omitted":	false,
					"sender":	true
				}],
			"sum":	{
				"start":	0.300124,
				"end":	0.400093,
				"seconds":	0.0999689996242523,
				"bytes":	5668920,
				"bits_per_second":	453654234.5172956,
				"retransmits":	0,
				"omitted":	false,
				"sender":	true
			}
		}, {
			"streams":	[{
					"socket":	6,
					"start":	0.400093,
					"end":	0.417443,
					"seconds":	0.017349999397993088,
					"bytes":	1138264,
					"bits_per_second":	524847972.10156238,
					"retransmits":	0,
					"snd_cwnd":	92672,
					"snd_wnd":	360448,
					"rtt":	1514,
					"rttvar":	301,
					"pmtu":	1500,
					"omitted":	false,
					"sender":	true
				}],
			"sum":	{
				"start":	0.400093,
				"end":	0.417443,
				"seconds":	0.017349999397993088,
				"bytes":	1138264,
				"bits_per_second":	524847972.10156238,
				"retransmits":	0,
				"omitted":	false,
				"sender":	true
			}
		}],
	"end":	{
		"streams":	[{
				"sender":	{
					"socket":	6,
					"start":	0,
					"end":	0.417443,
					"seconds":	0.417443,
					"bytes":	20971520,
					"bits_per_second":	401904355.8042655,
					"retransmits":	34,
					"max_snd_cwnd":	97016,
					"max_snd_wnd":	360448,
					"max_rtt":	1536,
					"min_rtt":	1228,
					"mean_rtt":	1457,
					"sender":	true
				},
				"receiver":	{
					"socket":	6,
					"start":	0,
					"end":	0.419304,
					"seconds":	0.417443,
					"bytes":	20651376,
					"bits_per_second":	394012477.820388,
					"sender":	true
				}
			}],
		"sum_sent":	{
			"start":	0,
			"end":	0.417443,
			"seconds":	0.417443,
			"bytes":	20971520,
			"bits_per_second":	401904355.8042655,
			"retransmits":	34,
			"sender":	true
		},
		"sum_received":	{
			"start":	0,
			"end":	0.419304,
			"seconds":	0.419304,
			"bytes":	20651376,
			"bits_per_second":	394012477.820388,
			"sender":	true
		},
		"cpu_utilization_percent":	{
			"host_total":	4.6285937175196139,
			"host_user":	1.8792786522260085,
			"host_system":	2.7490814984713055,
			"remote_total":	7.41345759445976,
			"remote_user":	2.25549206833726,
			"remote_system":	5.1579655261225
		},
		"sender_tcp_congestion":	"dctcp",
		"receiver_tcp_congestion":	"dctcp"
	}
}
