{
	"start":	{
		"connected":	[{
				"socket":	6,
				"local_host":	"10.0.0.4",
				"local_port":	56232,
				"remote_host":	"10.0.0.1",
				"remote_port":	5003
			}],
		"version":	"iperf 3.12",
		"system_info":	"Linux cs244c-vm 6.1.0-43-cloud-amd64 #1 SMP PREEMPT_DYNAMIC Debian 6.1.162-1 (2026-02-08) x86_64",
		"timestamp":	{
			"time":	"Wed, 11 Mar 2026 17:01:52 GMT",
			"timesecs":	1773248512
		},
		"connecting_to":	{
			"host":	"10.0.0.1",
			"port":	5003
		},
		"cookie":	"hozrdjadbr7zbekkmwjsnstknfnxphxn4pns",
		"tcp_mss_default":	1448,
		"target_bitrate":	0,
		"sock_bufsize":	0,
		"sndbuf_actual":	87380,
		"rcvbuf_actual":	87380,
		"test_start":	{
			"protocol":	"TCP",
			"num_streams":	1,
			"blksize":	131072,
			"omit":	0,
			"duration":	0,
			"bytes":	20971520,
			"blocks":	0,
			"reverse":	0,
			"tos":	0,
			"target_bitrate":	0
		}
	},
	"intervals":	[{
			"streams":	[{
					"socket":	6,
					"start":	0,
					"end":	0.100123,
					"seconds":	0.10012300312519073,
					"bytes":	1938872,
					"bits_per_second":	154919204.536899,
					"retransmits":	0,
					"snd_cwnd":	40544,
					"snd_wnd":	258048,
					"rtt":	1499,
					"rttvar":	50,
					"pmtu":	1500,
					"omitted":	false,
					"sender":	true
				}],
			"sum":	{
				"start":	0,
				"end":	0.100123,
				"seconds":	0.10012300312519073,
				"bytes":	1938872,
				"bits_per_second":	154919204.536899,
				"retransmits":	0,
				"omitted":	false,
				"sender":	true
			}
		}, {
			"streams":	[{
					"socket":	6,
					"start":	0.100123,
					"end":	0.200052,
					"seconds":	0.099928997457027435,
					"bytes":	4548168,
					"bits_per_second":	364111968.757085,
					"retransmits":	0,
					"snd_cwnd":	85432,
					"snd_wnd":	270336,
					"rtt":	1470,
					"rttvar":	120,
					"pmtu":	1500,
					"omitted":	false,
					"sender":	true
				}],
			"sum":	{
				"start":	0.100123,
				"end":	0.200052,
				"seconds":	0.099928997457027435,
				"bytes":	4548168,
				"bits_per_second":	364111968.757085,
				"retransmits":	0,
				"omitted":	false,
				"sender":	true
			}
		}, {
			"streams":	[{
					"socket":	6,
					"start":	0.200052,
					"end":	0.300081,
					"seconds":	0.10002899914979935,
					"bytes":	4496040,
					"bits_per_second":	359578925.16884339,
					"retransmits":	0,
					"snd_cwnd":	76744,
					"snd_wnd":	329728,
					"rtt":	1208,
					"rttvar":	109,
					"pmtu":	1500,
					"omitted":	false,
					"sender":	true
				}],
			"sum":	{
				"start":	0.200052,
				"end":	0.300081,
				"seconds":	0.10002899914979935,
				"bytes":	4496040,
				"bits_per_second":	359578925.16884339,
				"retransmits":	0,
				"omitted":	false,
				"sender":	true
			}
		}, {
			"streams":	[{
					"socket":	6,
					"start":	0.300081,
					"end":	0.400105,
					"seconds":	0.10002399981021881,
					"bytes":	5017320,
					"bits_per_second":	401289291.331652,
					"retransmits":	28,
					"snd_cwnd":	88328,
					"snd_wnd":	321024,
					"rtt":	1418,
					"rttvar":	187,
					"pmtu":	1500,
					"omitted":	false,
					"sender":	true
				}],
			"sum":	{
				"start":	0.300081,
				"end":	0.400105,
				"seconds":	0.10002399981021881,
				"bytes":	5017320,
				"bits_per_second":	401289291.331652,
				"retransmits":	28,
				"omitted":	false,
				"sender":	true
			}
		}, {
			"streams":	[{
					"socket":	6,
					"start":	0.400105,
					"end":	0.482807,
					"seconds":	0.082702003419399261,
					"bytes":	4971120,
					"bits_per_second":	480870575.75042331,
					"retransmits":	0,
					"snd_cwnd":	92672,
					"snd_wnd":	332800,
					"rtt":	1445,
					"rttvar":	177,
					"pmtu":	1500,
					"omitted":	false,
					"sender":	true
				}],
			"sum":	{
				"start":	0.400105,
				"end":	0.482807,
				"seconds":	0.082702003419399261,
				"bytes":	4971120,
				"bits_per_second":	480870575.75042331,
				"retransmits":	0,
				"omitted":	false,
				"sender":	true
			}
		}],
	"end":	{
		"streams":	[{
				"sender":	{
					"socket":	6,
					"start":	0,
					"end":	0.482807,
					"seconds":	0.482807,
					"bytes":	20971520,
					"bits_per_second":	347493221.92925954,
					"retransmits":	28,
					"max_snd_cwnd":	92672,
					"max_snd_wnd":	332800,
					"max_rtt":	1499,
					"min_rtt":	1208,
					"mean_rtt":	1408,
					"sender":	true
				},
				"receiver":	{
					"socket":	6,
					"start":	0,
					"end":	0.484907,
					"seconds":	0.482807,
					"bytes":	20784592,
					"bits_per_second":	342904383.727189,
					"sender":	true
				}
			}],
		"sum_sent":	{
			"start":	0,
			"end":	0.482807,
			"seconds":	0.482807,
			"bytes":	20971520,
			"bits_per_second":	347493221.92925954,
			"retransmits":	28,
			"sender":	true
		},
		"sum_received":	{
			"start":	0,
			"end":	0.484907,
			"seconds":	0.484907,
			"bytes":	20784592,
			"bits_per_second":	342904383.727189,
			"sender":	true
		},
		"cpu_utilization_percent":	{
			"host_total":	4.1982804278435131,
			"host_user":	0.07041438969798923,
			"host_system":	4.1276631148322735,
			"remote_total":	6.7200204561810857,
			"remote_user":	1.4482233847968506,
			"remote_system":	5.2720032828871259
		},
		"sender_tcp_congestion":	"dctcp",
		"receiver_tcp_congestion":	"dctcp"
	}
}
