{
	"start":	{
		"connected":	[{
				"socket":	6,
				"local_host":	"10.0.0.3",
				"local_port":	48970,
				"remote_host":	"10.0.0.1",
				"remote_port":	5002
			}],
		"version":	"iperf 3.12",
		"system_info":	"Linux cs244c-vm 6.1.0-43-cloud-amd64 #1 SMP PREEMPT_DYNAMIC Debian 6.1.162-1 (2026-02-08) x86_64",
		"timestamp":	{
			"time":	"Tue, 10 Mar 2026 04:58:22 GMT",
			"timesecs":	1773118702
		},
		"connecting_to":	{
			"host":	"10.0.0.1",
			"port":	5002
		},
		"cookie":	"ww7agwyzevrnqjawewtu2lkcxumzrzowvxrj",
		"tcp_mss_default":	1448,
		"target_bitrate":	0,
		"sock_bufsize":	0,
		"sndbuf_actual":	87380,
		"rcvbuf_actual":	87380,
		"test_start":	{
			"protocol":	"TCP",
			"num_streams":	1,
			"blksize":	131072,
			"omit":	0,
			"duration":	0,
			"bytes":	20971520,
			"blocks":	0,
			"reverse":	0,
			"tos":	0,
			"target_bitrate":	0
		}
	},
	"intervals":	[{
			"streams":	[{
					"socket":	6,
					"start":	0,
					"end":	0.100143,
					"seconds":	0.10014300048351288,
					"bytes":	2270464,
					"bits_per_second":	181377748.94202814,
					"retransmits":	0,
					"snd_cwnd":	253400,
					"snd_wnd":	1051136,
					"rtt":	18344,
					"rttvar":	1603,
					"pmtu":	1500,
					"omitted":	false,
					"sender":	true
				}],
			"sum":	{
				"start":	0,
				"end":	0.100143,
				"seconds":	0.10014300048351288,
				"bytes":	2270464,
				"bits_per_second":	181377748.94202814,
				"retransmits":	0,
				"omitted":	false,
				"sender":	true
			}
		}, {
			"streams":	[{
					"socket":	6,
					"start":	0.100143,
					"end":	0.200194,
					"seconds":	0.10005100071430206,
					"bytes":	977400,
					"bits_per_second":	78152141.849414438,
					"retransmits":	0,
					"snd_cwnd":	302632,
					"snd_wnd":	1048064,
					"rtt":	30827,
					"rttvar":	1329,
					"pmtu":	1500,
					"omitted":	false,
					"sender":	true
				}],
			"sum":	{
				"start":	0.100143,
				"end":	0.200194,
				"seconds":	0.10005100071430206,
				"bytes":	977400,
				"bits_per_second":	78152141.849414438,
				"retransmits":	0,
				"omitted":	false,
				"sender":	true
			}
		}, {
			"streams":	[{
					"socket":	6,
					"start":	0.200194,
					"end":	0.30013,
					"seconds":	0.099936001002788544,
					"bytes":	1172880,
					"bits_per_second":	93890488.971418634,
					"retransmits":	0,
					"snd_cwnd":	348968,
					"snd_wnd":	1051648,
					"rtt":	34315,
					"rttvar":	36,
					"pmtu":	1500,
					"omitted":	false,
					"sender":	true
				}],
			"sum":	{
				"start":	0.200194,
				"end":	0.30013,
				"seconds":	0.099936001002788544,
				"bytes":	1172880,
				"bits_per_second":	93890488.971418634,
				"retransmits":	0,
				"omitted":	false,
				"sender":	true
			}
		}, {
			"streams":	[{
					"socket":	6,
					"start":	0.30013,
					"end":	0.400137,
					"seconds":	0.10000699758529663,
					"bytes":	912240,
					"bits_per_second":	72974093.5755576,
					"retransmits":	0,
					"snd_cwnd":	401096,
					"snd_wnd":	1047552,
					"rtt":	34653,
					"rttvar":	230,
					"pmtu":	1500,
					"omitted":	false,
					"sender":	true
				}],
			"sum":	{
				"start":	0.30013,
				"end":	0.400137,
				"seconds":	0.10000699758529663,
				"bytes":	912240,
				"bits_per_second":	72974093.5755576,
				"retransmits":	0,
				"omitted":	false,
				"sender":	true
			}
		}, {
			"streams":	[{
					"socket":	6,
					"start":	0.400137,
					"end":	0.5001,
					"seconds":	0.0999630019068718,
					"bytes":	1433520,
					"bits_per_second":	114724045.70927197,
					"retransmits":	0,
					"snd_cwnd":	459016,
					"snd_wnd":	1047040,
					"rtt":	35670,
					"rttvar":	45,
					"pmtu":	1500,
					"omitted":	false,
					"sender":	true
				}],
			"sum":	{
				"start":	0.400137,
				"end":	0.5001,
				"seconds":	0.0999630019068718,
				"bytes":	1433520,
				"bits_per_second":	114724045.70927197,
				"retransmits":	0,
				"omitted":	false,
				"sender":	true
			}
		}, {
			"streams":	[{
					"socket":	6,
					"start":	0.5001,
					"end":	0.600135,
					"seconds":	0.10003499686717987,
					"bytes":	1694160,
					"bits_per_second":	135485384.35998741,
					"retransmits":	0,
					"snd_cwnd":	528520,
					"snd_wnd":	1078784,
					"rtt":	36456,
					"rttvar":	197,
					"pmtu":	1500,
					"omitted":	false,
					"sender":	true
				}],
			"sum":	{
				"start":	0.5001,
				"end":	0.600135,
				"seconds":	0.10003499686717987,
				"bytes":	1694160,
				"bits_per_second":	135485384.35998741,
				"retransmits":	0,
				"omitted":	false,
				"sender":	true
			}
		}, {
			"streams":	[{
					"socket":	6,
					"start":	0.600135,
					"end":	0.700101,
					"seconds":	0.099965997040271759,
					"bytes":	1238040,
					"bits_per_second":	99076889.074692056,
					"retransmits":	0,
					"snd_cwnd":	599472,
					"snd_wnd":	1299968,
					"rtt":	36836,
					"rttvar":	139,
					"pmtu":	1500,
					"omitted":	false,
					"sender":	true
				}],
			"sum":	{
				"start":	0.600135,
				"end":	0.700101,
				"seconds":	0.099965997040271759,
				"bytes":	1238040,
				"bits_per_second":	99076889.074692056,
				"retransmits":	0,
				"omitted":	false,
				"sender":	true
			}
		}, {
			"streams":	[{
					"socket":	6,
					"start":	0.700101,
					"end":	0.800097,
					"seconds":	0.099996000528335571,
					"bytes":	2085120,
					"bits_per_second":	166816271.76952109,
					"retransmits":	41,
					"snd_cwnd":	574856,
					"snd_wnd":	1438720,
					"rtt":	32811,
					"rttvar":	792,
					"pmtu":	1500,
					"omitted":	false,
					"sender":	true
				}],
			"sum":	{
				"start":	0.700101,
				"end":	0.800097,
				"seconds":	0.099996000528335571,
				"bytes":	2085120,
				"bits_per_second":	166816271.76952109,
				"retransmits":	41,
				"omitted":	false,
				"sender":	true
			}
		}, {
			"streams":	[{
					"socket":	6,
					"start":	0.800097,
					"end":	0.900165,
					"seconds":	0.10006800293922424,
					"bytes":	2541240,
					"bits_per_second":	203161044.51836884,
					"retransmits":	279,
					"snd_cwnd":	334488,
					"snd_wnd":	3535360,
					"rtt":	15458,
					"rttvar":	2136,
					"pmtu":	1500,
					"omitted":	false,
					"sender":	true
				}],
			"sum":	{
				"start":	0.800097,
				"end":	0.900165,
				"seconds":	0.10006800293922424,
				"bytes":	2541240,
				"bits_per_second":	203161044.51836884,
				"retransmits":	279,
				"omitted":	false,
				"sender":	true
			}
		}, {
			"streams":	[{
					"socket":	6,
					"start":	0.900165,
					"end":	1.000128,
					"seconds":	0.0999630019068718,
					"bytes":	1563840,
					"bits_per_second":	125153504.41011487,
					"retransmits":	0,
					"snd_cwnd":	338832,
					"snd_wnd":	6190080,
					"rtt":	19291,
					"rttvar":	131,
					"pmtu":	1500,
					"omitted":	false,
					"sender":	true
				}],
			"sum":	{
				"start":	0.900165,
				"end":	1.000128,
				"seconds":	0.0999630019068718,
				"bytes":	1563840,
				"bits_per_second":	125153504.41011487,
				"retransmits":	0,
				"omitted":	false,
				"sender":	true
			}
		}, {
			"streams":	[{
					"socket":	6,
					"start":	1.000128,
					"end":	1.10011,
					"seconds":	0.099982000887393951,
					"bytes":	1563840,
					"bits_per_second":	125129722.23960954,
					"retransmits":	0,
					"snd_cwnd":	343176,
					"snd_wnd":	6193152,
					"rtt":	19177,
					"rttvar":	86,
					"pmtu":	1500,
					"omitted":	false,
					"sender":	true
				}],
			"sum":	{
				"start":	1.000128,
				"end":	1.10011,
				"seconds":	0.099982000887393951,
				"bytes":	1563840,
				"bits_per_second":	125129722.23960954,
				"retransmits":	0,
				"omitted":	false,
				"sender":	true
			}
		}, {
			"streams":	[{
					"socket":	6,
					"start":	1.10011,
					"end":	1.200134,
					"seconds":	0.10002399981021881,
					"bytes":	2280600,
					"bits_per_second":	182404223.33256909,
					"retransmits":	0,
					"snd_cwnd":	347520,
					"snd_wnd":	6184448,
					"rtt":	19228,
					"rttvar":	161,
					"pmtu":	1500,
					"omitted":	false,
					"sender":	true
				}],
			"sum":	{
				"start":	1.10011,
				"end":	1.200134,
				"seconds":	0.10002399981021881,
				"bytes":	2280600,
				"bits_per_second":	182404223.33256909,
				"retransmits":	0,