{
	"start":	{
		"connected":	[{
				"socket":	6,
				"local_host":	"10.0.0.4",
				"local_port":	50552,
				"remote_host":	"10.0.0.1",
				"remote_port":	5003
			}],
		"version":	"iperf 3.12",
		"system_info":	"Linux cs244c-vm 6.1.0-43-cloud-amd64 #1 SMP PREEMPT_DYNAMIC Debian 6.1.162-1 (2026-02-08) x86_64",
		"timestamp":	{
			"time":	"Tue, 10 Mar 2026 04:58:24 GMT",
			"timesecs":	1773118704
		},
		"connecting_to":	{
			"host":	"10.0.0.1",
			"port":	5003
		},
		"cookie":	"77m3tpndacox27mzftqtbmx7oomo5i7yus6d",
		"tcp_mss_default":	1448,
		"target_bitrate":	0,
		"sock_bufsize":	0,
		"sndbuf_actual":	87380,
		"rcvbuf_actual":	87380,
		"test_start":	{
			"protocol":	"TCP",
			"num_streams":	1,
			"blksize":	131072,
			"omit":	0,
			"duration":	0,
			"bytes":	20971520,
			"blocks":	0,
			"reverse":	0,
			"tos":	0,
			"target_bitrate":	0
		}
	},
	"intervals":	[{
			"streams":	[{
					"socket":	6,
					"start":	0,
					"end":	0.100222,
					"seconds":	0.10022199898958206,
					"bytes":	1125096,
					"bits_per_second":	89808306.4670823,
					"retransmits":	0,
					"snd_cwnd":	364896,
					"snd_wnd":	590336,
					"rtt":	18078,
					"rttvar":	476,
					"pmtu":	1500,
					"omitted":	false,
					"sender":	true
				}],
			"sum":	{
				"start":	0,
				"end":	0.100222,
				"seconds":	0.10022199898958206,
				"bytes":	1125096,
				"bits_per_second":	89808306.4670823,
				"retransmits":	0,
				"omitted":	false,
				"sender":	true
			}
		}, {
			"streams":	[{
					"socket":	6,
					"start":	0.100222,
					"end":	0.200146,
					"seconds":	0.0999239981174469,
					"bytes":	7394584,
					"bits_per_second":	592016663.80952334,
					"retransmits":	0,
					"snd_cwnd":	1547912,
					"snd_wnd":	7185408,
					"rtt":	29727,
					"rttvar":	648,
					"pmtu":	1500,
					"omitted":	false,
					"sender":	true
				}],
			"sum":	{
				"start":	0.100222,
				"end":	0.200146,
				"seconds":	0.0999239981174469,
				"bytes":	7394584,
				"bits_per_second":	592016663.80952334,
				"retransmits":	0,
				"omitted":	false,
				"sender":	true
			}
		}, {
			"streams":	[{
					"socket":	6,
					"start":	0.200146,
					"end":	0.300141,
					"seconds":	0.0999950021505356,
					"bytes":	5242880,
					"bits_per_second":	419451363.54772657,
					"retransmits":	0,
					"snd_cwnd":	1791176,
					"snd_wnd":	8304128,
					"rtt":	32779,
					"rttvar":	334,
					"pmtu":	1500,
					"omitted":	false,
					"sender":	true
				}],
			"sum":	{
				"start":	0.200146,
				"end":	0.300141,
				"seconds":	0.0999950021505356,
				"bytes":	5242880,
				"bits_per_second":	419451363.54772657,
				"retransmits":	0,
				"omitted":	false,
				"sender":	true
			}
		}, {
			"streams":	[{
					"socket":	6,
					"start":	0.300141,
					"end":	0.400143,
					"seconds":	0.10000199824571609,
					"bytes":	6553600,
					"bits_per_second":	524277523.64684325,
					"retransmits":	0,
					"snd_cwnd":	2073536,
					"snd_wnd":	8315392,
					"rtt":	35021,
					"rttvar":	286,
					"pmtu":	1500,
					"omitted":	false,
					"sender":	true
				}],
			"sum":	{
				"start":	0.300141,
				"end":	0.400143,
				"seconds":	0.10000199824571609,
				"bytes":	6553600,
				"bits_per_second":	524277523.64684325,
				"retransmits":	0,
				"omitted":	false,
				"sender":	true
			}
		}, {
			"streams":	[{
					"socket":	6,
					"start":	0.400143,
					"end":	0.418132,
					"seconds":	0.017989000305533409,
					"bytes":	655360,
					"bits_per_second":	291449214.01703978,
					"retransmits":	0,
					"snd_cwnd":	2127112,
					"snd_wnd":	8302080,
					"rtt":	35090,
					"rttvar":	188,
					"pmtu":	1500,
					"omitted":	false,
					"sender":	true
				}],
			"sum":	{
				"start":	0.400143,
				"end":	0.418132,
				"seconds":	0.017989000305533409,
				"bytes":	655360,
				"bits_per_second":	291449214.01703978,
				"retransmits":	0,
				"omitted":	false,
				"sender":	true
			}
		}],
	"end":	{
		"streams":	[{
				"sender":	{
					"socket":	6,
					"start":	0,
					"end":	0.418132,
					"seconds":	0.418132,
					"bytes":	20971520,
					"bits_per_second":	401242095.79749936,
					"retransmits":	0,
					"max_snd_cwnd":	2127112,
					"max_snd_wnd":	8315392,
					"max_rtt":	35090,
					"min_rtt":	18078,
					"mean_rtt":	30139,
					"sender":	true
				},
				"receiver":	{
					"socket":	6,
					"start":	0,
					"end":	0.454162,
					"seconds":	0.418132,
					"bytes":	18001536,
					"bits_per_second":	317094534.54934579,
					"sender":	true
				}
			}],
		"sum_sent":	{
			"start":	0,
			"end":	0.418132,
			"seconds":	0.418132,
			"bytes":	20971520,
			"bits_per_second":	401242095.79749936,
			"retransmits":	0,
			"sender":	true
		},
		"sum_received":	{
			"start":	0,
			"end":	0.454162,
			"seconds":	0.454162,
			"bytes":	18001536,
			"bits_per_second":	317094534.54934579,
			"sender":	true
		},
		"cpu_utilization_percent":	{
			"host_total":	6.448953101305996,
			"host_user":	1.1586400011429248,
			"host_system":	5.2901090064514023,
			"remote_total":	4.2496703335410029,
			"remote_user":	0,
			"remote_system":	4.2492300444471836
		},
		"sender_tcp_congestion":	"cubic",
		"receiver_tcp_congestion":	"cubic"
	}
}
