{
	"start":	{
		"connected":	[{
				"socket":	6,
				"local_host":	"10.0.0.5",
				"local_port":	38958,
				"remote_host":	"10.0.0.1",
				"remote_port":	5004
			}],
		"version":	"iperf 3.12",
		"system_info":	"Linux cs244c-vm 6.1.0-43-cloud-amd64 #1 SMP PREEMPT_DYNAMIC Debian 6.1.162-1 (2026-02-08) x86_64",
		"timestamp":	{
			"time":	"Tue, 10 Mar 2026 04:58:26 GMT",
			"timesecs":	1773118706
		},
		"connecting_to":	{
			"host":	"10.0.0.1",
			"port":	5004
		},
		"cookie":	"v5strkxfglg6so7cajibyll6p6r35npcafa5",
		"tcp_mss_default":	1448,
		"target_bitrate":	0,
		"sock_bufsize":	0,
		"sndbuf_actual":	87380,
		"rcvbuf_actual":	87380,
		"test_start":	{
			"protocol":	"TCP",
			"num_streams":	1,
			"blksize":	131072,
			"omit":	0,
			"duration":	0,
			"bytes":	20971520,
			"blocks":	0,
			"reverse":	0,
			"tos":	0,
			"target_bitrate":	0
		}
	},
	"intervals":	[{
			"streams":	[{
					"socket":	6,
					"start":	0,
					"end":	0.100258,
					"seconds":	0.1002580001950264,
					"bytes":	1643480,
					"bits_per_second":	131140058.39358681,
					"retransmits":	0,
					"snd_cwnd":	405440,
					"snd_wnd":	643072,
					"rtt":	20059,
					"rttvar":	570,
					"pmtu":	1500,
					"omitted":	false,
					"sender":	true
				}],
			"sum":	{
				"start":	0,
				"end":	0.100258,
				"seconds":	0.1002580001950264,
				"bytes":	1643480,
				"bits_per_second":	131140058.39358681,
				"retransmits":	0,
				"omitted":	false,
				"sender":	true
			}
		}, {
			"streams":	[{
					"socket":	6,
					"start":	0.100258,
					"end":	0.200252,
					"seconds":	0.099993996322155,
					"bytes":	5434408,
					"bits_per_second":	434778742.71505117,
					"retransmits":	0,
					"snd_cwnd":	1636240,
					"snd_wnd":	6084608,
					"rtt":	31695,
					"rttvar":	778,
					"pmtu":	1500,
					"omitted":	false,
					"sender":	true
				}],
			"sum":	{
				"start":	0.100258,
				"end":	0.200252,
				"seconds":	0.099993996322155,
				"bytes":	5434408,
				"bits_per_second":	434778742.71505117,
				"retransmits":	0,
				"omitted":	false,
				"sender":	true
			}
		}, {
			"streams":	[{
					"socket":	6,
					"start":	0.200252,
					"end":	0.300426,
					"seconds":	0.10017400234937668,
					"bytes":	6553600,
					"bits_per_second":	523377311.182438,
					"retransmits":	0,
					"snd_cwnd":	1879504,
					"snd_wnd":	8357888,
					"rtt":	34669,
					"rttvar":	226,
					"pmtu":	1500,
					"omitted":	false,
					"sender":	true
				}],
			"sum":	{
				"start":	0.200252,
				"end":	0.300426,
				"seconds":	0.10017400234937668,
				"bytes":	6553600,
				"bits_per_second":	523377311.182438,
				"retransmits":	0,
				"omitted":	false,
				"sender":	true
			}
		}, {
			"streams":	[{
					"socket":	6,
					"start":	0.300426,
					"end":	0.400112,
					"seconds":	0.099685996770858765,
					"bytes":	5242880,
					"bits_per_second":	420751573.527539,
					"retransmits":	185,
					"snd_cwnd":	1070072,
					"snd_wnd":	8386048,
					"rtt":	25832,
					"rttvar":	1410,
					"pmtu":	1500,
					"omitted":	false,
					"sender":	true
				}],
			"sum":	{
				"start":	0.300426,
				"end":	0.400112,
				"seconds":	0.099685996770858765,
				"bytes":	5242880,
				"bits_per_second":	420751573.527539,
				"retransmits":	185,
				"omitted":	false,
				"sender":	true
			}
		}, {
			"streams":	[{
					"socket":	6,
					"start":	0.400112,
					"end":	0.458194,
					"seconds":	0.0580819994211197,
					"bytes":	2097152,
					"bits_per_second":	288853967.96274018,
					"retransmits":	746,
					"snd_cwnd":	196928,
					"snd_wnd":	8151552,
					"rtt":	4352,
					"rttvar":	59,
					"pmtu":	1500,
					"omitted":	false,
					"sender":	true
				}],
			"sum":	{
				"start":	0.400112,
				"end":	0.458194,
				"seconds":	0.0580819994211197,
				"bytes":	2097152,
				"bits_per_second":	288853967.96274018,
				"retransmits":	746,
				"omitted":	false,
				"sender":	true
			}
		}],
	"end":	{
		"streams":	[{
				"sender":	{
					"socket":	6,
					"start":	0,
					"end":	0.458194,
					"seconds":	0.458194,
					"bytes":	20971520,
					"bits_per_second":	366159661.628044,
					"retransmits":	931,
					"max_snd_cwnd":	1879504,
					"max_snd_wnd":	8386048,
					"max_rtt":	34669,
					"min_rtt":	4352,
					"mean_rtt":	23321,
					"sender":	true
				},
				"receiver":	{
					"socket":	6,
					"start":	0,
					"end":	0.462114,
					"seconds":	0.458194,
					"bytes":	16759152,
					"bits_per_second":	290130175.67093831,
					"sender":	true
				}
			}],
		"sum_sent":	{
			"start":	0,
			"end":	0.458194,
			"seconds":	0.458194,
			"bytes":	20971520,
			"bits_per_second":	366159661.628044,
			"retransmits":	931,
			"sender":	true
		},
		"sum_received":	{
			"start":	0,
			"end":	0.462114,
			"seconds":	0.462114,
			"bytes":	16759152,
			"bits_per_second":	290130175.67093831,
			"sender":	true
		},
		"cpu_utilization_percent":	{
			"host_total":	6.2920161971211366,
			"host_user":	1.5813347461196738,
			"host_system":	4.71086865767201,
			"remote_total":	3.31494820934374,
			"remote_user":	0.93000309424016925,
			"remote_system":	2.38494511510357
		},
		"sender_tcp_congestion":	"cubic",
		"receiver_tcp_congestion":	"cubic"
	}
}
