{
	"start":	{
		"connected":	[{
				"socket":	6,
				"local_host":	"10.0.0.3",
				"local_port":	44136,
				"remote_host":	"10.0.0.1",
				"remote_port":	5002
			}],
		"version":	"iperf 3.12",
		"system_info":	"Linux cs244c-vm 6.1.0-43-cloud-amd64 #1 SMP PREEMPT_DYNAMIC Debian 6.1.162-1 (2026-02-08) x86_64",
		"timestamp":	{
			"time":	"Wed, 11 Mar 2026 00:06:13 GMT",
			"timesecs":	1773187573
		},
		"connecting_to":	{
			"host":	"10.0.0.1",
			"port":	5002
		},
		"cookie":	"7a66u6sep4vdqnhtpbxiep645h6hzzipyirm",
		"tcp_mss_default":	1448,
		"target_bitrate":	0,
		"sock_bufsize":	0,
		"sndbuf_actual":	87380,
		"rcvbuf_actual":	87380,
		"test_start":	{
			"protocol":	"TCP",
			"num_streams":	1,
			"blksize":	131072,
			"omit":	0,
			"duration":	0,
			"bytes":	20971520,
			"blocks":	0,
			"reverse":	0,
			"tos":	0,
			"target_bitrate":	0
		}
	},
	"intervals":	[{
			"streams":	[{
					"socket":	6,
					"start":	0,
					"end":	0.100075,
					"seconds":	0.10007499903440475,
					"bytes":	2073536,
					"bits_per_second":	165758562.67854789,
					"retransmits":	0,
					"snd_cwnd":	57920,
					"snd_wnd":	201216,
					"rtt":	1407,
					"rttvar":	141,
					"pmtu":	1500,
					"omitted":	false,
					"sender":	true
				}],
			"sum":	{
				"start":	0,
				"end":	0.100075,
				"seconds":	0.10007499903440475,
				"bytes":	2073536,
				"bits_per_second":	165758562.67854789,
				"retransmits":	0,
				"omitted":	false,
				"sender":	true
			}
		}, {
			"streams":	[{
					"socket":	6,
					"start":	0.100075,
					"end":	0.20014,
					"seconds":	0.10006500035524368,
					"bytes":	5073792,
					"bits_per_second":	405639692.75869745,
					"retransmits":	0,
					"snd_cwnd":	85432,
					"snd_wnd":	364544,
					"rtt":	1555,
					"rttvar":	117,
					"pmtu":	1500,
					"omitted":	false,
					"sender":	true
				}],
			"sum":	{
				"start":	0.100075,
				"end":	0.20014,
				"seconds":	0.10006500035524368,
				"bytes":	5073792,
				"bits_per_second":	405639692.75869745,
				"retransmits":	0,
				"omitted":	false,
				"sender":	true
			}
		}, {
			"streams":	[{
					"socket":	6,
					"start":	0.20014,
					"end":	0.300086,
					"seconds":	0.0999459996819496,
					"bytes":	5994720,
					"bits_per_second":	479836713.35133225,
					"retransmits":	0,
					"snd_cwnd":	94120,
					"snd_wnd":	369664,
					"rtt":	1429,
					"rttvar":	135,
					"pmtu":	1500,
					"omitted":	false,
					"sender":	true
				}],
			"sum":	{
				"start":	0.20014,
				"end":	0.300086,
				"seconds":	0.0999459996819496,
				"bytes":	5994720,
				"bits_per_second":	479836713.35133225,
				"retransmits":	0,
				"omitted":	false,
				"sender":	true
			}
		}, {
			"streams":	[{
					"socket":	6,
					"start":	0.300086,
					"end":	0.400147,
					"seconds":	0.10006099939346313,
					"bytes":	5603760,
					"bits_per_second":	448027505.9388293,
					"retransmits":	0,
					"snd_cwnd":	72400,
					"snd_wnd":	376320,
					"rtt":	1584,
					"rttvar":	219,
					"pmtu":	1500,
					"omitted":	false,
					"sender":	true
				}],
			"sum":	{
				"start":	0.300086,
				"end":	0.400147,
				"seconds":	0.10006099939346313,
				"bytes":	5603760,
				"bits_per_second":	448027505.9388293,
				"retransmits":	0,
				"omitted":	false,
				"sender":	true
			}
		}, {
			"streams":	[{
					"socket":	6,
					"start":	0.400147,
					"end":	0.439629,
					"seconds":	0.0394820012152195,
					"bytes":	2225712,
					"bits_per_second":	450982611.1128397,
					"retransmits":	0,
					"snd_cwnd":	95568,
					"snd_wnd":	375808,
					"rtt":	1410,
					"rttvar":	153,
					"pmtu":	1500,
					"omitted":	false,
					"sender":	true
				}],
			"sum":	{
				"start":	0.400147,
				"end":	0.439629,
				"seconds":	0.0394820012152195,
				"bytes":	2225712,
				"bits_per_second":	450982611.1128397,
				"retransmits":	0,
				"omitted":	false,
				"sender":	true
			}
		}],
	"end":	{
		"streams":	[{
				"sender":	{
					"socket":	6,
					"start":	0,
					"end":	0.439629,
					"seconds":	0.439629,
					"bytes":	20971520,
					"bits_per_second":	381622140.48663759,
					"retransmits":	0,
					"max_snd_cwnd":	95568,
					"max_snd_wnd":	376320,
					"max_rtt":	1584,
					"min_rtt":	1407,
					"mean_rtt":	1477,
					"sender":	true
				},
				"receiver":	{
					"socket":	6,
					"start":	0,
					"end":	0.441028,
					"seconds":	0.439629,
					"bytes":	20830928,
					"bits_per_second":	377861323.99756932,
					"sender":	true
				}
			}],
		"sum_sent":	{
			"start":	0,
			"end":	0.439629,
			"seconds":	0.439629,
			"bytes":	20971520,
			"bits_per_second":	381622140.48663759,
			"retransmits":	0,
			"sender":	true
		},
		"sum_received":	{
			"start":	0,
			"end":	0.441028,
			"seconds":	0.441028,
			"bytes":	20830928,
			"bits_per_second":	377861323.99756932,
			"sender":	true
		},
		"cpu_utilization_percent":	{
			"host_total":	4.5986949138981,
			"host_user":	1.3997670759136935,
			"host_system":	3.1989278379844062,
			"remote_total":	6.3604745018727957,
			"remote_user":	0,
			"remote_system":	6.3604745018727957
		},
		"sender_tcp_congestion":	"dctcp",
		"receiver_tcp_congestion":	"dctcp"
	}
}
