{
	"start":	{
		"connected":	[{
				"socket":	6,
				"local_host":	"10.0.0.4",
				"local_port":	46006,
				"remote_host":	"10.0.0.1",
				"remote_port":	5003
			}],
		"version":	"iperf 3.12",
		"system_info":	"Linux cs244c-vm 6.1.0-43-cloud-amd64 #1 SMP PREEMPT_DYNAMIC Debian 6.1.162-1 (2026-02-08) x86_64",
		"timestamp":	{
			"time":	"Fri, 27 Feb 2026 05:23:44 GMT",
			"timesecs":	1772169824
		},
		"connecting_to":	{
			"host":	"10.0.0.1",
			"port":	5003
		},
		"cookie":	"x7qftiubxyroca3jnu4ca7bvszllntdabmnl",
		"tcp_mss_default":	1448,
		"target_bitrate":	5000000,
		"sock_bufsize":	0,
		"sndbuf_actual":	87380,
		"rcvbuf_actual":	87380,
		"test_start":	{
			"protocol":	"TCP",
			"num_streams":	1,
			"blksize":	131072,
			"omit":	0,
			"duration":	15,
			"bytes":	0,
			"blocks":	0,
			"reverse":	0,
			"tos":	0,
			"target_bitrate":	5000000
		}
	},
	"intervals":	[{
			"streams":	[{
					"socket":	6,
					"start":	0,
					"end":	1.000081,
					"seconds":	1.000080943107605,
					"bytes":	655360,
					"bits_per_second":	5242455.65934745,
					"retransmits":	9,
					"snd_cwnd":	133216,
					"snd_wnd":	916992,
					"rtt":	47,
					"rttvar":	26,
					"pmtu":	1500,
					"omitted":	false,
					"sender":	true
				}],
			"sum":	{
				"start":	0,
				"end":	1.000081,
				"seconds":	1.000080943107605,
				"bytes":	655360,
				"bits_per_second":	5242455.65934745,
				"retransmits":	9,
				"omitted":	false,
				"sender":	true
			}
		}, {
			"streams":	[{
					"socket":	6,
					"start":	1.000081,
					"end":	2.000076,
					"seconds":	0.999994993209839,
					"bytes":	655360,
					"bits_per_second":	5242906.25013143,
					"retransmits":	0,
					"snd_cwnd":	133216,
					"snd_wnd":	916992,
					"rtt":	55,
					"rttvar":	36,
					"pmtu":	1500,
					"omitted":	false,
					"sender":	true
				}],
			"sum":	{
				"start":	1.000081,
				"end":	2.000076,
				"seconds":	0.999994993209839,
				"bytes":	655360,
				"bits_per_second":	5242906.25013143,
				"retransmits":	0,
				"omitted":	false,
				"sender":	true
			}
		}, {
			"streams":	[{
					"socket":	6,
					"start":	2.000076,
					"end":	3.000075,
					"seconds":	0.99999898672103882,
					"bytes":	655360,
					"bits_per_second":	5242885.312505383,
					"retransmits":	0,
					"snd_cwnd":	133216,
					"snd_wnd":	915968,
					"rtt":	45,
					"rttvar":	27,
					"pmtu":	1500,
					"omitted":	false,
					"sender":	true
				}],
			"sum":	{
				"start":	2.000076,
				"end":	3.000075,
				"seconds":	0.99999898672103882,
				"bytes":	655360,
				"bits_per_second":	5242885.312505383,
				"retransmits":	0,
				"omitted":	false,
				"sender":	true
			}
		}, {
			"streams":	[{
					"socket":	6,
					"start":	3.000075,
					"end":	4.000077,
					"seconds":	1.0000020265579224,
					"bytes":	655360,
					"bits_per_second":	5242869.3750215322,
					"retransmits":	0,
					"snd_cwnd":	230232,
					"snd_wnd":	899072,
					"rtt":	42,
					"rttvar":	24,
					"pmtu":	1500,
					"omitted":	false,
					"sender":	true
				}],
			"sum":	{
				"start":	3.000075,
				"end":	4.000077,
				"seconds":	1.0000020265579224,
				"bytes":	655360,
				"bits_per_second":	5242869.3750215322,
				"retransmits":	0,
				"omitted":	false,
				"sender":	true
			}
		}, {
			"streams":	[{
					"socket":	6,
					"start":	4.000077,
					"end":	5.000079,
					"seconds":	1.0000020265579224,
					"bytes":	524288,
					"bits_per_second":	4194295.5000172257,
					"retransmits":	0,
					"snd_cwnd":	254848,
					"snd_wnd":	915968,
					"rtt":	35,
					"rttvar":	23,
					"pmtu":	1500,
					"omitted":	false,
					"sender":	true
				}],
			"sum":	{
				"start":	4.000077,
				"end":	5.000079,
				"seconds":	1.0000020265579224,
				"bytes":	524288,
				"bits_per_second":	4194295.5000172257,
				"retransmits":	0,
				"omitted":	false,
				"sender":	true
			}
		}, {
			"streams":	[{
					"socket":	6,
					"start":	5.000079,
					"end":	6.000081,
					"seconds":	1.0000020265579224,
					"bytes":	655360,
					"bits_per_second":	5242869.3750215322,
					"retransmits":	0,
					"snd_cwnd":	260640,
					"snd_wnd":	949248,
					"rtt":	44,
					"rttvar":	25,
					"pmtu":	1500,
					"omitted":	false,
					"sender":	true
				}],
			"sum":	{
				"start":	5.000079,
				"end":	6.000081,
				"seconds":	1.0000020265579224,
				"bytes":	655360,
				"bits_per_second":	5242869.3750215322,
				"retransmits":	0,
				"omitted":	false,
				"sender":	true
			}
		}, {
			"streams":	[{
					"socket":	6,
					"start":	6.000081,
					"end":	7.000076,
					"seconds":	0.999994993209839,
					"bytes":	655360,
					"bits_per_second":	5242906.25013143,
					"retransmits":	0,
					"snd_cwnd":	260640,
					"snd_wnd":	915968,
					"rtt":	38,
					"rttvar":	24,
					"pmtu":	1500,
					"omitted":	false,
					"sender":	true
				}],
			"sum":	{
				"start":	6.000081,
				"end":	7.000076,
				"seconds":	0.999994993209839,
				"bytes":	655360,
				"bits_per_second":	5242906.25013143,
				"retransmits":	0,
				"omitted":	false,
				"sender":	true
			}
		}, {
			"streams":	[{
					"socket":	6,
					"start":	7.000076,
					"end":	8.000117,
					"seconds":	1.0000410079956055,
					"bytes":	655360,
					"bits_per_second":	5242665.0088163577,
					"retransmits":	0,
					"snd_cwnd":	260640,
					"snd_wnd":	915968,
					"rtt":	40,
					"rttvar":	21,
					"pmtu":	1500,
					"omitted":	false,
					"sender":	true
				}],
			"sum":	{
				"start":	7.000076,
				"end":	8.000117,
				"seconds":	1.0000410079956055,
				"bytes":	655360,
				"bits_per_second":	5242665.0088163577,
				"retransmits":	0,
				"omitted":	false,
				"sender":	true
			}
		}, {
			"streams":	[{
					"socket":	6,
					"start":	8.000117,
					"end":	9.000078,
					"seconds":	0.999961018562317,
					"bytes":	524288,
					"bits_per_second":	4194467.5063737137,
					"retransmits":	0,
					"snd_cwnd":	262088,
					"snd_wnd":	914944,
					"rtt":	42,
					"rttvar":	26,
					"pmtu":	1500,
					"omitted":	false,
					"sender":	true
				}],
			"sum":	{
				"start":	8.000117,
				"end":	9.000078,
				"seconds":	0.999961018562317,
				"bytes":	524288,
				"bits_per_second":	4194467.5063737137,
				"retransmits":	0,
				"omitted":	false,
				"sender":	true
			}
		}, {
			"streams":	[{
					"socket":	6,
					"start":	9.000078,
					"end":	10.00008,
					"seconds":	1.0000020265579224,
					"bytes":	655360,
					"bits_per_second":	5242869.3750215322,
					"retransmits":	0,
					"snd_cwnd":	262088,
					"snd_wnd":	914944,
					"rtt":	43,
					"rttvar":	17,
					"pmtu":	1500,
					"omitted":	false,
					"sender":	true
				}],
			"sum":	{
				"start":	9.000078,
				"end":	10.00008,
				"seconds":	1.0000020265579224,
				"bytes":	655360,
				"bits_per_second":	5242869.3750215322,
				"retransmits":	0,
				"omitted":	false,
				"sender":	true
			}
		}, {
			"streams":	[{
					"socket":	6,
					"start":	10.00008,
					"end":	11.00008,
					"seconds":	1,
					"bytes":	655360,
					"bits_per_second":	5242880,
					"retransmits":	0,
					"snd_cwnd":	262088,
					"snd_wnd":	915968,
					"rtt":	40,
					"rttvar":	27,
					"pmtu":	1500,
					"omitted":	false,
					"sender":	true
				}],
			"sum":	{
				"start":	10.00008,
				"end":	11.00008,
				"seconds":	1,
				"bytes":	655360,
				"bits_per_second":	5242880,
				"retransmits":	0,
				"omitted":	false,
				"sender":	true
			}
		}, {
			"streams":	[{
					"socket":	6,
					"start":	11.00008,
					"end":	12.000112,
					"seconds":	1.0000319480895996,
					"bytes":	655360,
					"bits_per_second":	5242712.5053511336,
					"retransmits":	0,
					"snd_cwnd":	260640,
					"snd_wnd":	980992,
					"rtt":	46,
					"rttvar":	19,
					"pmtu":	1500,
					"omitted":	false,
					"sender":	true
				}],
			"sum":	{
				"start":	11.00008,
				"end":	12.000112,
				"seconds":	1.0000319480895996,
				"bytes":	655360,
				"bits_per_second":	5242712.5053511336,
				"retransmits":	0,
				"omitted":	false,
				"sender":	true
			}
		}, {
			"streams":	[{
					"socket":	6,
					"start":	12.000112,
					"end":	13.000111,
					"seconds":	0.99999898672103882,