{
	"start":	{
		"connected":	[{
				"socket":	6,
				"local_host":	"10.0.0.2",
				"local_port":	50294,
				"remote_host":	"10.0.0.1",
				"remote_port":	5001
			}],
		"version":	"iperf 3.12",
		"system_info":	"Linux cs244c-vm 6.1.0-43-cloud-amd64 #1 SMP PREEMPT_DYNAMIC Debian 6.1.162-1 (2026-02-08) x86_64",
		"timestamp":	{
			"time":	"Fri, 27 Feb 2026 05:23:44 GMT",
			"timesecs":	1772169824
		},
		"connecting_to":	{
			"host":	"10.0.0.1",
			"port":	5001
		},
		"cookie":	"itm46japxytdngyezc3np2zop4msa6xxxit6",
		"tcp_mss_default":	1448,
		"target_bitrate":	5000000,
		"sock_bufsize":	0,
		"sndbuf_actual":	87380,
		"rcvbuf_actual":	87380,
		"test_start":	{
			"protocol":	"TCP",
			"num_streams":	1,
			"blksize":	131072,
			"omit":	0,
			"duration":	15,
			"bytes":	0,
			"blocks":	0,
			"reverse":	0,
			"tos":	0,
			"target_bitrate":	5000000
		}
	},
	"intervals":	[{
			"streams":	[{
					"socket":	6,
					"start":	0,
					"end":	1.000079,
					"seconds":	1.0000790357589722,
					"bytes":	655360,
					"bits_per_second":	5242465.6577478545,
					"retransmits":	0,
					"snd_cwnd":	259192,
					"snd_wnd":	1169408,
					"rtt":	312,
					"rttvar":	484,
					"pmtu":	1500,
					"omitted":	false,
					"sender":	true
				}],
			"sum":	{
				"start":	0,
				"end":	1.000079,
				"seconds":	1.0000790357589722,
				"bytes":	655360,
				"bits_per_second":	5242465.6577478545,
				"retransmits":	0,
				"omitted":	false,
				"sender":	true
			}
		}, {
			"streams":	[{
					"socket":	6,
					"start":	1.000079,
					"end":	2.000072,
					"seconds":	0.99999302625656128,
					"bytes":	655360,
					"bits_per_second":	5242916.56275498,
					"retransmits":	0,
					"snd_cwnd":	260640,
					"snd_wnd":	1892352,
					"rtt":	117,
					"rttvar":	127,
					"pmtu":	1500,
					"omitted":	false,
					"sender":	true
				}],
			"sum":	{
				"start":	1.000079,
				"end":	2.000072,
				"seconds":	0.99999302625656128,
				"bytes":	655360,
				"bits_per_second":	5242916.56275498,
				"retransmits":	0,
				"omitted":	false,
				"sender":	true
			}
		}, {
			"streams":	[{
					"socket":	6,
					"start":	2.000072,
					"end":	3.000073,
					"seconds":	1.0000009536743164,
					"bytes":	655360,
					"bits_per_second":	5242875.0000047684,
					"retransmits":	0,
					"snd_cwnd":	260640,
					"snd_wnd":	1901568,
					"rtt":	77,
					"rttvar":	38,
					"pmtu":	1500,
					"omitted":	false,
					"sender":	true
				}],
			"sum":	{
				"start":	2.000072,
				"end":	3.000073,
				"seconds":	1.0000009536743164,
				"bytes":	655360,
				"bits_per_second":	5242875.0000047684,
				"retransmits":	0,
				"omitted":	false,
				"sender":	true
			}
		}, {
			"streams":	[{
					"socket":	6,
					"start":	3.000073,
					"end":	4.000084,
					"seconds":	1.0000109672546387,
					"bytes":	655360,
					"bits_per_second":	5242822.50063061,
					"retransmits":	0,
					"snd_cwnd":	262088,
					"snd_wnd":	1858048,
					"rtt":	65,
					"rttvar":	26,
					"pmtu":	1500,
					"omitted":	false,
					"sender":	true
				}],
			"sum":	{
				"start":	3.000073,
				"end":	4.000084,
				"seconds":	1.0000109672546387,
				"bytes":	655360,
				"bits_per_second":	5242822.50063061,
				"retransmits":	0,
				"omitted":	false,
				"sender":	true
			}
		}, {
			"streams":	[{
					"socket":	6,
					"start":	4.000084,
					"end":	5.000088,
					"seconds":	1.0000040531158447,
					"bytes":	524288,
					"bits_per_second":	4194287.0000689025,
					"retransmits":	0,
					"snd_cwnd":	262088,
					"snd_wnd":	1859072,
					"rtt":	76,
					"rttvar":	29,
					"pmtu":	1500,
					"omitted":	false,
					"sender":	true
				}],
			"sum":	{
				"start":	4.000084,
				"end":	5.000088,
				"seconds":	1.0000040531158447,
				"bytes":	524288,
				"bits_per_second":	4194287.0000689025,
				"retransmits":	0,
				"omitted":	false,
				"sender":	true
			}
		}, {
			"streams":	[{
					"socket":	6,
					"start":	5.000088,
					"end":	6.00009,
					"seconds":	1.0000020265579224,
					"bytes":	655360,
					"bits_per_second":	5242869.3750215322,
					"retransmits":	0,
					"snd_cwnd":	260640,
					"snd_wnd":	1892352,
					"rtt":	66,
					"rttvar":	53,
					"pmtu":	1500,
					"omitted":	false,
					"sender":	true
				}],
			"sum":	{
				"start":	5.000088,
				"end":	6.00009,
				"seconds":	1.0000020265579224,
				"bytes":	655360,
				"bits_per_second":	5242869.3750215322,
				"retransmits":	0,
				"omitted":	false,
				"sender":	true
			}
		}, {
			"streams":	[{
					"socket":	6,
					"start":	6.00009,
					"end":	7.000088,
					"seconds":	0.99999797344207764,
					"bytes":	655360,
					"bits_per_second":	5242890.6250215322,
					"retransmits":	0,
					"snd_cwnd":	260640,
					"snd_wnd":	1859072,
					"rtt":	66,
					"rttvar":	19,
					"pmtu":	1500,
					"omitted":	false,
					"sender":	true
				}],
			"sum":	{
				"start":	6.00009,
				"end":	7.000088,
				"seconds":	0.99999797344207764,
				"bytes":	655360,
				"bits_per_second":	5242890.6250215322,
				"retransmits":	0,
				"omitted":	false,
				"sender":	true
			}
		}, {
			"streams":	[{
					"socket":	6,
					"start":	7.000088,
					"end":	8.000107,
					"seconds":	1.0000189542770386,
					"bytes":	655360,
					"bits_per_second":	5242780.6268835459,
					"retransmits":	0,
					"snd_cwnd":	260640,
					"snd_wnd":	1921536,
					"rtt":	68,
					"rttvar":	24,
					"pmtu":	1500,
					"omitted":	false,
					"sender":	true
				}],
			"sum":	{
				"start":	7.000088,
				"end":	8.000107,
				"seconds":	1.0000189542770386,
				"bytes":	655360,
				"bits_per_second":	5242780.6268835459,
				"retransmits":	0,
				"omitted":	false,
				"sender":	true
			}
		}, {
			"streams":	[{
					"socket":	6,
					"start":	8.000107,
					"end":	9.00008,
					"seconds":	0.99997299909591675,
					"bytes":	524288,
					"bits_per_second":	4194417.2530579353,
					"retransmits":	0,
					"snd_cwnd":	262088,
					"snd_wnd":	1859072,
					"rtt":	59,
					"rttvar":	19,
					"pmtu":	1500,
					"omitted":	false,
					"sender":	true
				}],
			"sum":	{
				"start":	8.000107,
				"end":	9.00008,
				"seconds":	0.99997299909591675,
				"bytes":	524288,
				"bits_per_second":	4194417.2530579353,
				"retransmits":	0,
				"omitted":	false,
				"sender":	true
			}
		}, {
			"streams":	[{
					"socket":	6,
					"start":	9.00008,
					"end":	10.000076,
					"seconds":	0.9999960064888,
					"bytes":	655360,
					"bits_per_second":	5242900.9375836141,
					"retransmits":	0,
					"snd_cwnd":	260640,
					"snd_wnd":	1924096,
					"rtt":	64,
					"rttvar":	15,
					"pmtu":	1500,
					"omitted":	false,
					"sender":	true
				}],
			"sum":	{
				"start":	9.00008,
				"end":	10.000076,
				"seconds":	0.9999960064888,
				"bytes":	655360,
				"bits_per_second":	5242900.9375836141,
				"retransmits":	0,
				"omitted":	false,
				"sender":	true
			}
		}, {
			"streams":	[{
					"socket":	6,
					"start":	10.000076,
					"end":	11.000073,
					"seconds":	0.99999701976776123,
					"bytes":	655360,
					"bits_per_second":	5242895.6250465661,
					"retransmits":	0,
					"snd_cwnd":	260640,
					"snd_wnd":	1859072,
					"rtt":	57,
					"rttvar":	32,
					"pmtu":	1500,
					"omitted":	false,
					"sender":	true
				}],
			"sum":	{
				"start":	10.000076,
				"end":	11.000073,
				"seconds":	0.99999701976776123,
				"bytes":	655360,
				"bits_per_second":	5242895.6250465661,
				"retransmits":	0,
				"omitted":	false,
				"sender":	true
			}
		}, {
			"streams":	[{
					"socket":	6,
					"start":	11.000073,
					"end":	12.000102,
					"seconds":	1.0000289678573608,
					"bytes":	655360,
					"bits_per_second":	5242728.1293993657,
					"retransmits":	0,
					"snd_cwnd":	262088,
					"snd_wnd":	1859072,
					"rtt":	57,
					"rttvar":	25,
					"pmtu":	1500,
					"omitted":	false,
					"sender":	true
				}],
			"sum":	{
				"start":	11.000073,
				"end":	12.000102,
				"seconds":	1.0000289678573608,
				"bytes":	655360,
				"bits_per_second":	5242728.1293993657,
				"retransmits":	0,
				"omitted":	false,
				"sender":	true
			}
		}, {
			"streams":	[{
					"socket":	6,