{
	"start":	{
		"connected":	[{
				"socket":	6,
				"local_host":	"10.0.0.3",
				"local_port":	54932,
				"remote_host":	"10.0.0.1",
				"remote_port":	5002
			}],
		"version":	"iperf 3.12",
		"system_info":	"Linux cs244c-vm 6.1.0-43-cloud-amd64 #1 SMP PREEMPT_DYNAMIC Debian 6.1.162-1 (2026-02-08) x86_64",
		"timestamp":	{
			"time":	"Fri, 27 Feb 2026 05:23:44 GMT",
			"timesecs":	1772169824
		},
		"connecting_to":	{
			"host":	"10.0.0.1",
			"port":	5002
		},
		"cookie":	"3bx7tbknz7glwbxb5ajhpzne35y2bnc6tq4w",
		"tcp_mss_default":	1448,
		"target_bitrate":	5000000,
		"sock_bufsize":	0,
		"sndbuf_actual":	87380,
		"rcvbuf_actual":	87380,
		"test_start":	{
			"protocol":	"TCP",
			"num_streams":	1,
			"blksize":	131072,
			"omit":	0,
			"duration":	15,
			"bytes":	0,
			"blocks":	0,
			"reverse":	0,
			"tos":	0,
			"target_bitrate":	5000000
		}
	},
	"intervals":	[{
			"streams":	[{
					"socket":	6,
					"start":	0,
					"end":	1.000098,
					"seconds":	1.0000979900360107,
					"bytes":	655360,
					"bits_per_second":	5242366.30033745,
					"retransmits":	9,
					"snd_cwnd":	196928,
					"snd_wnd":	1082880,
					"rtt":	64,
					"rttvar":	54,
					"pmtu":	1500,
					"omitted":	false,
					"sender":	true
				}],
			"sum":	{
				"start":	0,
				"end":	1.000098,
				"seconds":	1.0000979900360107,
				"bytes":	655360,
				"bits_per_second":	5242366.30033745,
				"retransmits":	9,
				"omitted":	false,
				"sender":	true
			}
		}, {
			"streams":	[{
					"socket":	6,
					"start":	1.000098,
					"end":	2.000083,
					"seconds":	0.9999849796295166,
					"bytes":	655360,
					"bits_per_second":	5242958.7511828719,
					"retransmits":	0,
					"snd_cwnd":	225888,
					"snd_wnd":	1169920,
					"rtt":	72,
					"rttvar":	60,
					"pmtu":	1500,
					"omitted":	false,
					"sender":	true
				}],
			"sum":	{
				"start":	1.000098,
				"end":	2.000083,
				"seconds":	0.9999849796295166,
				"bytes":	655360,
				"bits_per_second":	5242958.7511828719,
				"retransmits":	0,
				"omitted":	false,
				"sender":	true
			}
		}, {
			"streams":	[{
					"socket":	6,
					"start":	2.000083,
					"end":	3.000075,
					"seconds":	0.9999920129776,
					"bytes":	655360,
					"bits_per_second":	5242921.87533446,
					"retransmits":	0,
					"snd_cwnd":	225888,
					"snd_wnd":	1169920,
					"rtt":	64,
					"rttvar":	47,
					"pmtu":	1500,
					"omitted":	false,
					"sender":	true
				}],
			"sum":	{
				"start":	2.000083,
				"end":	3.000075,
				"seconds":	0.9999920129776,
				"bytes":	655360,
				"bits_per_second":	5242921.87533446,
				"retransmits":	0,
				"omitted":	false,
				"sender":	true
			}
		}, {
			"streams":	[{
					"socket":	6,
					"start":	3.000075,
					"end":	4.000091,
					"seconds":	1.0000159740448,
					"bytes":	655360,
					"bits_per_second":	5242796.2513378048,
					"retransmits":	0,
					"snd_cwnd":	243264,
					"snd_wnd":	1231360,
					"rtt":	78,
					"rttvar":	49,
					"pmtu":	1500,
					"omitted":	false,
					"sender":	true
				}],
			"sum":	{
				"start":	3.000075,
				"end":	4.000091,
				"seconds":	1.0000159740448,
				"bytes":	655360,
				"bits_per_second":	5242796.2513378048,
				"retransmits":	0,
				"omitted":	false,
				"sender":	true
			}
		}, {
			"streams":	[{
					"socket":	6,
					"start":	4.000091,
					"end":	5.000109,
					"seconds":	1.0000180006027222,
					"bytes":	524288,
					"bits_per_second":	4194228.5013590208,
					"retransmits":	0,
					"snd_cwnd":	243264,
					"snd_wnd":	1231360,
					"rtt":	79,
					"rttvar":	60,
					"pmtu":	1500,
					"omitted":	false,
					"sender":	true
				}],
			"sum":	{
				"start":	4.000091,
				"end":	5.000109,
				"seconds":	1.0000180006027222,
				"bytes":	524288,
				"bits_per_second":	4194228.5013590208,
				"retransmits":	0,
				"omitted":	false,
				"sender":	true
			}
		}, {
			"streams":	[{
					"socket":	6,
					"start":	5.000109,
					"end":	6.000097,
					"seconds":	0.9999880194664,
					"bytes":	655360,
					"bits_per_second":	5242942.8132525366,
					"retransmits":	0,
					"snd_cwnd":	256296,
					"snd_wnd":	1167360,
					"rtt":	63,
					"rttvar":	42,
					"pmtu":	1500,
					"omitted":	false,
					"sender":	true
				}],
			"sum":	{
				"start":	5.000109,
				"end":	6.000097,
				"seconds":	0.9999880194664,
				"bytes":	655360,
				"bits_per_second":	5242942.8132525366,
				"retransmits":	0,
				"omitted":	false,
				"sender":	true
			}
		}, {
			"streams":	[{
					"socket":	6,
					"start":	6.000097,
					"end":	7.000093,
					"seconds":	0.9999960064888,
					"bytes":	655360,
					"bits_per_second":	5242900.9375836141,
					"retransmits":	0,
					"snd_cwnd":	254848,
					"snd_wnd":	1169920,
					"rtt":	75,
					"rttvar":	43,
					"pmtu":	1500,
					"omitted":	false,
					"sender":	true
				}],
			"sum":	{
				"start":	6.000097,
				"end":	7.000093,
				"seconds":	0.9999960064888,
				"bytes":	655360,
				"bits_per_second":	5242900.9375836141,
				"retransmits":	0,
				"omitted":	false,
				"sender":	true
			}
		}, {
			"streams":	[{
					"socket":	6,
					"start":	7.000093,
					"end":	8.0001,
					"seconds":	1.0000070333480835,
					"bytes":	655360,
					"bits_per_second":	5242843.1252593528,
					"retransmits":	0,
					"snd_cwnd":	254848,
					"snd_wnd":	1169920,
					"rtt":	76,
					"rttvar":	45,
					"pmtu":	1500,
					"omitted":	false,
					"sender":	true
				}],
			"sum":	{
				"start":	7.000093,
				"end":	8.0001,
				"seconds":	1.0000070333480835,
				"bytes":	655360,
				"bits_per_second":	5242843.1252593528,
				"retransmits":	0,
				"omitted":	false,
				"sender":	true
			}
		}, {
			"streams":	[{
					"socket":	6,
					"start":	8.0001,
					"end":	9.000101,
					"seconds":	1.0000009536743164,
					"bytes":	524288,
					"bits_per_second":	4194300.0000038147,
					"retransmits":	0,
					"snd_cwnd":	260640,
					"snd_wnd":	1169920,
					"rtt":	72,
					"rttvar":	26,
					"pmtu":	1500,
					"omitted":	false,
					"sender":	true
				}],
			"sum":	{
				"start":	8.0001,
				"end":	9.000101,
				"seconds":	1.0000009536743164,
				"bytes":	524288,
				"bits_per_second":	4194300.0000038147,
				"retransmits":	0,
				"omitted":	false,
				"sender":	true
			}
		}, {
			"streams":	[{
					"socket":	6,
					"start":	9.000101,
					"end":	10.000122,
					"seconds":	1.0000209808349609,
					"bytes":	655360,
					"bits_per_second":	5242770.0023078434,
					"retransmits":	0,
					"snd_cwnd":	260640,
					"snd_wnd":	1169920,
					"rtt":	75,
					"rttvar":	43,
					"pmtu":	1500,
					"omitted":	false,
					"sender":	true
				}],
			"sum":	{
				"start":	9.000101,
				"end":	10.000122,
				"seconds":	1.0000209808349609,
				"bytes":	655360,
				"bits_per_second":	5242770.0023078434,
				"retransmits":	0,
				"omitted":	false,
				"sender":	true
			}
		}, {
			"streams":	[{
					"socket":	6,
					"start":	10.000122,
					"end":	11.000089,
					"seconds":	0.99996697902679443,
					"bytes":	655360,
					"bits_per_second":	5243053.130716945,
					"retransmits":	0,
					"snd_cwnd":	260640,
					"snd_wnd":	1235968,
					"rtt":	66,
					"rttvar":	54,
					"pmtu":	1500,
					"omitted":	false,
					"sender":	true
				}],
			"sum":	{
				"start":	10.000122,
				"end":	11.000089,
				"seconds":	0.99996697902679443,
				"bytes":	655360,
				"bits_per_second":	5243053.130716945,
				"retransmits":	0,
				"omitted":	false,
				"sender":	true
			}
		}, {
			"streams":	[{
					"socket":	6,
					"start":	11.000089,
					"end":	12.00009,
					"seconds":	1.0000009536743164,
					"bytes":	655360,
					"bits_per_second":	5242875.0000047684,
					"retransmits":	0,
					"snd_cwnd":	260640,
					"snd_wnd":	1234944,
					"rtt":	70,
					"rttvar":	33,
					"pmtu":	1500,
					"omitted":	false,
					"sender":	true
				}],
			"sum":	{
				"start":	11.000089,
				"end":	12.00009,
				"seconds":	1.0000009536743164,
				"bytes":	655360,
				"bits_per_second":	5242875.0000047684,
				"retransmits":	0,
				"omitted":	false,
				"sender":	true
			}
		}, {
			"streams":	[{
					"socket":	6,
					"start":	12.00009,