{
	"start":	{
		"connected":	[{
				"socket":	6,
				"local_host":	"10.0.0.5",
				"local_port":	52166,
				"remote_host":	"10.0.0.1",
				"remote_port":	5004
			}],
		"version":	"iperf 3.12",
		"system_info":	"Linux cs244c-vm 6.1.0-43-cloud-amd64 #1 SMP PREEMPT_DYNAMIC Debian 6.1.162-1 (2026-02-08) x86_64",
		"timestamp":	{
			"time":	"Fri, 27 Feb 2026 05:23:44 GMT",
			"timesecs":	1772169824
		},
		"connecting_to":	{
			"host":	"10.0.0.1",
			"port":	5004
		},
		"cookie":	"zh2jm4mdtleo43lv2ukcszwpjrwwhfqi55u3",
		"tcp_mss_default":	1448,
		"target_bitrate":	5000000,
		"sock_bufsize":	0,
		"sndbuf_actual":	87380,
		"rcvbuf_actual":	87380,
		"test_start":	{
			"protocol":	"TCP",
			"num_streams":	1,
			"blksize":	131072,
			"omit":	0,
			"duration":	15,
			"bytes":	0,
			"blocks":	0,
			"reverse":	0,
			"tos":	0,
			"target_bitrate":	5000000
		}
	},
	"intervals":	[{
			"streams":	[{
					"socket":	6,
					"start":	0,
					"end":	1.000083,
					"seconds":	1.0000829696655273,
					"bytes":	655360,
					"bits_per_second":	5242445.03608881,
					"retransmits":	0,
					"snd_cwnd":	259192,
					"snd_wnd":	905216,
					"rtt":	301,
					"rttvar":	467,
					"pmtu":	1500,
					"omitted":	false,
					"sender":	true
				}],
			"sum":	{
				"start":	0,
				"end":	1.000083,
				"seconds":	1.0000829696655273,
				"bytes":	655360,
				"bits_per_second":	5242445.03608881,
				"retransmits":	0,
				"omitted":	false,
				"sender":	true
			}
		}, {
			"streams":	[{
					"socket":	6,
					"start":	1.000083,
					"end":	2.000086,
					"seconds":	1.0000029802322388,
					"bytes":	655360,
					"bits_per_second":	5242864.3750465661,
					"retransmits":	0,
					"snd_cwnd":	262088,
					"snd_wnd":	863232,
					"rtt":	81,
					"rttvar":	79,
					"pmtu":	1500,
					"omitted":	false,
					"sender":	true
				}],
			"sum":	{
				"start":	1.000083,
				"end":	2.000086,
				"seconds":	1.0000029802322388,
				"bytes":	655360,
				"bits_per_second":	5242864.3750465661,
				"retransmits":	0,
				"omitted":	false,
				"sender":	true
			}
		}, {
			"streams":	[{
					"socket":	6,
					"start":	2.000086,
					"end":	3.000072,
					"seconds":	0.99998599290847778,
					"bytes":	655360,
					"bits_per_second":	5242953.43852866,
					"retransmits":	0,
					"snd_cwnd":	262088,
					"snd_wnd":	924160,
					"rtt":	55,
					"rttvar":	35,
					"pmtu":	1500,
					"omitted":	false,
					"sender":	true
				}],
			"sum":	{
				"start":	2.000086,
				"end":	3.000072,
				"seconds":	0.99998599290847778,
				"bytes":	655360,
				"bits_per_second":	5242953.43852866,
				"retransmits":	0,
				"omitted":	false,
				"sender":	true
			}
		}, {
			"streams":	[{
					"socket":	6,
					"start":	3.000072,
					"end":	4.000093,
					"seconds":	1.0000209808349609,
					"bytes":	655360,
					"bits_per_second":	5242770.0023078434,
					"retransmits":	0,
					"snd_cwnd":	262088,
					"snd_wnd":	863232,
					"rtt":	51,
					"rttvar":	24,
					"pmtu":	1500,
					"omitted":	false,
					"sender":	true
				}],
			"sum":	{
				"start":	3.000072,
				"end":	4.000093,
				"seconds":	1.0000209808349609,
				"bytes":	655360,
				"bits_per_second":	5242770.0023078434,
				"retransmits":	0,
				"omitted":	false,
				"sender":	true
			}
		}, {
			"streams":	[{
					"socket":	6,
					"start":	4.000093,
					"end":	5.000081,
					"seconds":	0.9999880194664,
					"bytes":	524288,
					"bits_per_second":	4194354.25060203,
					"retransmits":	0,
					"snd_cwnd":	262088,
					"snd_wnd":	863232,
					"rtt":	46,
					"rttvar":	26,
					"pmtu":	1500,
					"omitted":	false,
					"sender":	true
				}],
			"sum":	{
				"start":	4.000093,
				"end":	5.000081,
				"seconds":	0.9999880194664,
				"bytes":	524288,
				"bits_per_second":	4194354.25060203,
				"retransmits":	0,
				"omitted":	false,
				"sender":	true
			}
		}, {
			"streams":	[{
					"socket":	6,
					"start":	5.000081,
					"end":	6.000098,
					"seconds":	1.0000170469284058,
					"bytes":	655360,
					"bits_per_second":	5242790.6265235431,
					"retransmits":	0,
					"snd_cwnd":	262088,
					"snd_wnd":	928256,
					"rtt":	49,
					"rttvar":	21,
					"pmtu":	1500,
					"omitted":	false,
					"sender":	true
				}],
			"sum":	{
				"start":	5.000081,
				"end":	6.000098,
				"seconds":	1.0000170469284058,
				"bytes":	655360,
				"bits_per_second":	5242790.6265235431,
				"retransmits":	0,
				"omitted":	false,
				"sender":	true
			}
		}, {
			"streams":	[{
					"socket":	6,
					"start":	6.000098,
					"end":	7.000086,
					"seconds":	0.9999880194664,
					"bytes":	655360,
					"bits_per_second":	5242942.8132525366,
					"retransmits":	0,
					"snd_cwnd":	262088,
					"snd_wnd":	928256,
					"rtt":	53,
					"rttvar":	28,
					"pmtu":	1500,
					"omitted":	false,
					"sender":	true
				}],
			"sum":	{
				"start":	6.000098,
				"end":	7.000086,
				"seconds":	0.9999880194664,
				"bytes":	655360,
				"bits_per_second":	5242942.8132525366,
				"retransmits":	0,
				"omitted":	false,
				"sender":	true
			}
		}, {
			"streams":	[{
					"socket":	6,
					"start":	7.000086,
					"end":	8.000102,
					"seconds":	1.0000159740448,
					"bytes":	655360,
					"bits_per_second":	5242796.2513378048,
					"retransmits":	0,
					"snd_cwnd":	262088,
					"snd_wnd":	896512,
					"rtt":	58,
					"rttvar":	40,
					"pmtu":	1500,
					"omitted":	false,
					"sender":	true
				}],
			"sum":	{
				"start":	7.000086,
				"end":	8.000102,
				"seconds":	1.0000159740448,
				"bytes":	655360,
				"bits_per_second":	5242796.2513378048,
				"retransmits":	0,
				"omitted":	false,
				"sender":	true
			}
		}, {
			"streams":	[{
					"socket":	6,
					"start":	8.000102,
					"end":	9.000092,
					"seconds":	0.99998998641967773,
					"bytes":	524288,
					"bits_per_second":	4194346.000420575,
					"retransmits":	0,
					"snd_cwnd":	262088,
					"snd_wnd":	928256,
					"rtt":	54,
					"rttvar":	26,
					"pmtu":	1500,
					"omitted":	false,
					"sender":	true
				}],
			"sum":	{
				"start":	8.000102,
				"end":	9.000092,
				"seconds":	0.99998998641967773,
				"bytes":	524288,
				"bits_per_second":	4194346.000420575,
				"retransmits":	0,
				"omitted":	false,
				"sender":	true
			}
		}, {
			"streams":	[{
					"socket":	6,
					"start":	9.000092,
					"end":	10.000079,
					"seconds":	0.999987006187439,
					"bytes":	655360,
					"bits_per_second":	5242948.1258852147,
					"retransmits":	0,
					"snd_cwnd":	260640,
					"snd_wnd":	928256,
					"rtt":	56,
					"rttvar":	30,
					"pmtu":	1500,
					"omitted":	false,
					"sender":	true
				}],
			"sum":	{
				"start":	9.000092,
				"end":	10.000079,
				"seconds":	0.999987006187439,
				"bytes":	655360,
				"bits_per_second":	5242948.1258852147,
				"retransmits":	0,
				"omitted":	false,
				"sender":	true
			}
		}, {
			"streams":	[{
					"socket":	6,
					"start":	10.000079,
					"end":	11.000157,
					"seconds":	1.0000779628753662,
					"bytes":	655360,
					"bits_per_second":	5242471.2818648415,
					"retransmits":	0,
					"snd_cwnd":	262088,
					"snd_wnd":	863232,
					"rtt":	52,
					"rttvar":	25,
					"pmtu":	1500,
					"omitted":	false,
					"sender":	true
				}],
			"sum":	{
				"start":	10.000079,
				"end":	11.000157,
				"seconds":	1.0000779628753662,
				"bytes":	655360,
				"bits_per_second":	5242471.2818648415,
				"retransmits":	0,
				"omitted":	false,
				"sender":	true
			}
		}, {
			"streams":	[{
					"socket":	6,
					"start":	11.000157,
					"end":	12.000103,
					"seconds":	0.9999459981918335,
					"bytes":	655360,
					"bits_per_second":	5243163.140290088,
					"retransmits":	0,
					"snd_cwnd":	262088,
					"snd_wnd":	896512,
					"rtt":	43,
					"rttvar":	33,
					"pmtu":	1500,
					"omitted":	false,
					"sender":	true
				}],
			"sum":	{
				"start":	11.000157,
				"end":	12.000103,
				"seconds":	0.9999459981918335,
				"bytes":	655360,
				"bits_per_second":	5243163.140290088,
				"retransmits":	0,
				"omitted":	false,
				"sender":	true
			}
		}, {
			"streams":	[{
					"socket":	6,
					"start":	12.000103,