{
	"start":	{
		"connected":	[{
				"socket":	6,
				"local_host":	"10.0.0.3",
				"local_port":	36212,
				"remote_host":	"10.0.0.1",
				"remote_port":	5002
			}],
		"version":	"iperf 3.12",
		"system_info":	"Linux cs244c-vm 6.1.0-43-cloud-amd64 #1 SMP PREEMPT_DYNAMIC Debian 6.1.162-1 (2026-02-08) x86_64",
		"timestamp":	{
			"time":	"Thu, 12 Mar 2026 04:34:04 GMT",
			"timesecs":	1773290044
		},
		"connecting_to":	{
			"host":	"10.0.0.1",
			"port":	5002
		},
		"cookie":	"sw52f4bwdldjg22p3xhigy7ejayfrp5ejfb5",
		"tcp_mss_default":	1448,
		"target_bitrate":	0,
		"sock_bufsize":	0,
		"sndbuf_actual":	87380,
		"rcvbuf_actual":	87380,
		"test_start":	{
			"protocol":	"TCP",
			"num_streams":	1,
			"blksize":	131072,
			"omit":	0,
			"duration":	0,
			"bytes":	20971520,
			"blocks":	0,
			"reverse":	0,
			"tos":	0,
			"target_bitrate":	0
		}
	},
	"intervals":	[{
			"streams":	[{
					"socket":	6,
					"start":	0,
					"end":	0.100132,
					"seconds":	0.10013200342655182,
					"bytes":	883280,
					"bits_per_second":	70569246.176954627,
					"retransmits":	4,
					"snd_cwnd":	218648,
					"snd_wnd":	336384,
					"rtt":	20148,
					"rttvar":	1144,
					"pmtu":	1500,
					"omitted":	false,
					"sender":	true
				}],
			"sum":	{
				"start":	0,
				"end":	0.100132,
				"seconds":	0.10013200342655182,
				"bytes":	883280,
				"bits_per_second":	70569246.176954627,
				"retransmits":	4,
				"omitted":	false,
				"sender":	true
			}
		}, {
			"streams":	[{
					"socket":	6,
					"start":	0.100132,
					"end":	0.200096,
					"seconds":	0.0999640002846718,
					"bytes":	14845360,
					"bits_per_second":	1188056496.9568429,
					"retransmits":	0,
					"snd_cwnd":	4729168,
					"snd_wnd":	7305728,
					"rtt":	21539,
					"rttvar":	1052,
					"pmtu":	1500,
					"omitted":	false,
					"sender":	true
				}],
			"sum":	{
				"start":	0.100132,
				"end":	0.200096,
				"seconds":	0.0999640002846718,
				"bytes":	14845360,
				"bits_per_second":	1188056496.9568429,
				"retransmits":	0,
				"omitted":	false,
				"sender":	true
			}
		}, {
			"streams":	[{
					"socket":	6,
					"start":	0.200096,
					"end":	0.23379,
					"seconds":	0.033693999052047729,
					"bytes":	5242880,
					"bits_per_second":	1244822258.5633075,
					"retransmits":	0,
					"snd_cwnd":	6879448,
					"snd_wnd":	8289280,
					"rtt":	25231,
					"rttvar":	1395,
					"pmtu":	1500,
					"omitted":	false,
					"sender":	true
				}],
			"sum":	{
				"start":	0.200096,
				"end":	0.23379,
				"seconds":	0.033693999052047729,
				"bytes":	5242880,
				"bits_per_second":	1244822258.5633075,
				"retransmits":	0,
				"omitted":	false,
				"sender":	true
			}
		}],
	"end":	{
		"streams":	[{
				"sender":	{
					"socket":	6,
					"start":	0,
					"end":	0.23379,
					"seconds":	0.23379,
					"bytes":	20971520,
					"bits_per_second":	717619059.84002733,
					"retransmits":	4,
					"max_snd_cwnd":	6879448,
					"max_snd_wnd":	8289280,
					"max_rtt":	25231,
					"min_rtt":	20148,
					"mean_rtt":	22306,
					"sender":	true
				},
				"receiver":	{
					"socket":	6,
					"start":	0,
					"end":	0.261378,
					"seconds":	0.23379,
					"bytes":	9810200,
					"bits_per_second":	300260924.79091585,
					"sender":	true
				}
			}],
		"sum_sent":	{
			"start":	0,
			"end":	0.23379,
			"seconds":	0.23379,
			"bytes":	20971520,
			"bits_per_second":	717619059.84002733,
			"retransmits":	4,
			"sender":	true
		},
		"sum_received":	{
			"start":	0,
			"end":	0.261378,
			"seconds":	0.261378,
			"bytes":	9810200,
			"bits_per_second":	300260924.79091585,
			"sender":	true
		},
		"cpu_utilization_percent":	{
			"host_total":	9.68126050552178,
			"host_user":	2.09152174937556,
			"host_system":	7.59005293997518,
			"remote_total":	2.5604241742603349,
			"remote_user":	0,
			"remote_system":	2.5600416217167425
		},
		"sender_tcp_congestion":	"dctcp-reno",
		"receiver_tcp_congestion":	"dctcp-reno"
	}
}
