{
	"start":	{
		"connected":	[{
				"socket":	6,
				"local_host":	"10.0.0.4",
				"local_port":	54218,
				"remote_host":	"10.0.0.1",
				"remote_port":	5003
			}],
		"version":	"iperf 3.12",
		"system_info":	"Linux cs244c-vm 6.1.0-43-cloud-amd64 #1 SMP PREEMPT_DYNAMIC Debian 6.1.162-1 (2026-02-08) x86_64",
		"timestamp":	{
			"time":	"Thu, 12 Mar 2026 04:34:06 GMT",
			"timesecs":	1773290046
		},
		"connecting_to":	{
			"host":	"10.0.0.1",
			"port":	5003
		},
		"cookie":	"qv2d6mz5g3tckvjktxsjn4swiyimvakm7ob7",
		"tcp_mss_default":	1448,
		"target_bitrate":	0,
		"sock_bufsize":	0,
		"sndbuf_actual":	87380,
		"rcvbuf_actual":	87380,
		"test_start":	{
			"protocol":	"TCP",
			"num_streams":	1,
			"blksize":	131072,
			"omit":	0,
			"duration":	0,
			"bytes":	20971520,
			"blocks":	0,
			"reverse":	0,
			"tos":	0,
			"target_bitrate":	0
		}
	},
	"intervals":	[{
			"streams":	[{
					"socket":	6,
					"start":	0,
					"end":	0.100238,
					"seconds":	0.10023800283670425,
					"bytes":	1178672,
					"bits_per_second":	94069871.038444474,
					"retransmits":	0,
					"snd_cwnd":	306976,
					"snd_wnd":	459776,
					"rtt":	19702,
					"rttvar":	1222,
					"pmtu":	1500,
					"omitted":	false,
					"sender":	true
				}],
			"sum":	{
				"start":	0,
				"end":	0.100238,
				"seconds":	0.10023800283670425,
				"bytes":	1178672,
				"bits_per_second":	94069871.038444474,
				"retransmits":	0,
				"omitted":	false,
				"sender":	true
			}
		}, {
			"streams":	[{
					"socket":	6,
					"start":	0.100238,
					"end":	0.200114,
					"seconds":	0.0998760014772415,
					"bytes":	15860688,
					"bits_per_second":	1270430354.8727176,
					"retransmits":	0,
					"snd_cwnd":	5818064,
					"snd_wnd":	8322560,
					"rtt":	23623,
					"rttvar":	784,
					"pmtu":	1500,
					"omitted":	false,
					"sender":	true
				}],
			"sum":	{
				"start":	0.100238,
				"end":	0.200114,
				"seconds":	0.0998760014772415,
				"bytes":	15860688,
				"bits_per_second":	1270430354.8727176,
				"retransmits":	0,
				"omitted":	false,
				"sender":	true
			}
		}, {
			"streams":	[{
					"socket":	6,
					"start":	0.200114,
					"end":	0.24057,
					"seconds":	0.040456000715494156,
					"bytes":	3932160,
					"bits_per_second":	777567714.15006042,
					"retransmits":	45,
					"snd_cwnd":	3299992,
					"snd_wnd":	6615552,
					"rtt":	26567,
					"rttvar":	2097,
					"pmtu":	1500,
					"omitted":	false,
					"sender":	true
				}],
			"sum":	{
				"start":	0.200114,
				"end":	0.24057,
				"seconds":	0.040456000715494156,
				"bytes":	3932160,
				"bits_per_second":	777567714.15006042,
				"retransmits":	45,
				"omitted":	false,
				"sender":	true
			}
		}],
	"end":	{
		"streams":	[{
				"sender":	{
					"socket":	6,
					"start":	0,
					"end":	0.24057,
					"seconds":	0.24057,
					"bytes":	20971520,
					"bits_per_second":	697394355.07336736,
					"retransmits":	45,
					"max_snd_cwnd":	5818064,
					"max_snd_wnd":	8322560,
					"max_rtt":	26567,
					"min_rtt":	19702,
					"mean_rtt":	23297,
					"sender":	true
				},
				"receiver":	{
					"socket":	6,
					"start":	0,
					"end":	0.261589,
					"seconds":	0.24057,
					"bytes":	10431392,
					"bits_per_second":	319016227.74657953,
					"sender":	true
				}
			}],
		"sum_sent":	{
			"start":	0,
			"end":	0.24057,
			"seconds":	0.24057,
			"bytes":	20971520,
			"bits_per_second":	697394355.07336736,
			"retransmits":	45,
			"sender":	true
		},
		"sum_received":	{
			"start":	0,
			"end":	0.261589,
			"seconds":	0.261589,
			"bytes":	10431392,
			"bits_per_second":	319016227.74657953,
			"sender":	true
		},
		"cpu_utilization_percent":	{
			"host_total":	9.5306717421187,
			"host_user":	3.5721514780743493,
			"host_system":	5.9588223742843764,
			"remote_total":	2.28356930980704,
			"remote_user":	2.28356930980704,
			"remote_system":	0
		},
		"sender_tcp_congestion":	"dctcp-reno",
		"receiver_tcp_congestion":	"dctcp-reno"
	}
}
