{
	"start":	{
		"connected":	[{
				"socket":	6,
				"local_host":	"10.0.0.3",
				"local_port":	58072,
				"remote_host":	"10.0.0.1",
				"remote_port":	5002
			}],
		"version":	"iperf 3.12",
		"system_info":	"Linux cs244c-vm 6.1.0-43-cloud-amd64 #1 SMP PREEMPT_DYNAMIC Debian 6.1.162-1 (2026-02-08) x86_64",
		"timestamp":	{
			"time":	"Wed, 11 Mar 2026 17:20:31 GMT",
			"timesecs":	1773249631
		},
		"connecting_to":	{
			"host":	"10.0.0.1",
			"port":	5002
		},
		"cookie":	"xkrewsy3luw34osmbz6xvi2dx6645q26xnc7",
		"tcp_mss_default":	1448,
		"target_bitrate":	0,
		"sock_bufsize":	0,
		"sndbuf_actual":	87380,
		"rcvbuf_actual":	87380,
		"test_start":	{
			"protocol":	"TCP",
			"num_streams":	1,
			"blksize":	131072,
			"omit":	0,
			"duration":	0,
			"bytes":	20971520,
			"blocks":	0,
			"reverse":	0,
			"tos":	0,
			"target_bitrate":	0
		}
	},
	"intervals":	[{
			"streams":	[{
					"socket":	6,
					"start":	0,
					"end":	0.100123,
					"seconds":	0.10012300312519073,
					"bytes":	1615968,
					"bits_per_second":	129118620.06212044,
					"retransmits":	1,
					"snd_cwnd":	40544,
					"snd_wnd":	145408,
					"rtt":	1442,
					"rttvar":	162,
					"pmtu":	1500,
					"omitted":	false,
					"sender":	true
				}],
			"sum":	{
				"start":	0,
				"end":	0.100123,
				"seconds":	0.10012300312519073,
				"bytes":	1615968,
				"bits_per_second":	129118620.06212044,
				"retransmits":	1,
				"omitted":	false,
				"sender":	true
			}
		}, {
			"streams":	[{
					"socket":	6,
					"start":	0.100123,
					"end":	0.200087,
					"seconds":	0.0999640002846718,
					"bytes":	3452032,
					"bits_per_second":	276262013.53843385,
					"retransmits":	0,
					"snd_cwnd":	53576,
					"snd_wnd":	312320,
					"rtt":	1332,
					"rttvar":	182,
					"pmtu":	1500,
					"omitted":	false,
					"sender":	true
				}],
			"sum":	{
				"start":	0.100123,
				"end":	0.200087,
				"seconds":	0.0999640002846718,
				"bytes":	3452032,
				"bits_per_second":	276262013.53843385,
				"retransmits":	0,
				"omitted":	false,
				"sender":	true
			}
		}, {
			"streams":	[{
					"socket":	6,
					"start":	0.200087,
					"end":	0.300111,
					"seconds":	0.10002399981021881,
					"bytes":	4086256,
					"bits_per_second":	326822043.32984757,
					"retransmits":	0,
					"snd_cwnd":	47784,
					"snd_wnd":	321536,
					"rtt":	1503,
					"rttvar":	210,
					"pmtu":	1500,
					"omitted":	false,
					"sender":	true
				}],
			"sum":	{
				"start":	0.200087,
				"end":	0.300111,
				"seconds":	0.10002399981021881,
				"bytes":	4086256,
				"bits_per_second":	326822043.32984757,
				"retransmits":	0,
				"omitted":	false,
				"sender":	true
			}
		}, {
			"streams":	[{
					"socket":	6,
					"start":	0.300111,
					"end":	0.400115,
					"seconds":	0.10000400245189667,
					"bytes":	4849352,
					"bits_per_second":	387932633.1829654,
					"retransmits":	0,
					"snd_cwnd":	63712,
					"snd_wnd":	361984,
					"rtt":	1294,
					"rttvar":	160,
					"pmtu":	1500,
					"omitted":	false,
					"sender":	true
				}],
			"sum":	{
				"start":	0.300111,
				"end":	0.400115,
				"seconds":	0.10000400245189667,
				"bytes":	4849352,
				"bits_per_second":	387932633.1829654,
				"retransmits":	0,
				"omitted":	false,
				"sender":	true
			}
		}, {
			"streams":	[{
					"socket":	6,
					"start":	0.400115,
					"end":	0.500112,
					"seconds":	0.099996998906135559,
					"bytes":	5096960,
					"bits_per_second":	407769037.53156644,
					"retransmits":	0,
					"snd_cwnd":	83984,
					"snd_wnd":	358912,
					"rtt":	1419,
					"rttvar":	188,
					"pmtu":	1500,
					"omitted":	false,
					"sender":	true
				}],
			"sum":	{
				"start":	0.400115,
				"end":	0.500112,
				"seconds":	0.099996998906135559,
				"bytes":	5096960,
				"bits_per_second":	407769037.53156644,
				"retransmits":	0,
				"omitted":	false,
				"sender":	true
			}
		}, {
			"streams":	[{
					"socket":	6,
					"start":	0.500112,
					"end":	0.538023,
					"seconds":	0.037911001592874527,
					"bytes":	1870952,
					"bits_per_second":	394809299.96883023,
					"retransmits":	0,
					"snd_cwnd":	70952,
					"snd_wnd":	370688,
					"rtt":	1482,
					"rttvar":	164,
					"pmtu":	1500,
					"omitted":	false,
					"sender":	true
				}],
			"sum":	{
				"start":	0.500112,
				"end":	0.538023,
				"seconds":	0.037911001592874527,
				"bytes":	1870952,
				"bits_per_second":	394809299.96883023,
				"retransmits":	0,
				"omitted":	false,
				"sender":	true
			}
		}],
	"end":	{
		"streams":	[{
				"sender":	{
					"socket":	6,
					"start":	0,
					"end":	0.538023,
					"seconds":	0.538023,
					"bytes":	20971520,
					"bits_per_second":	311830832.51087779,
					"retransmits":	1,
					"max_snd_cwnd":	83984,
					"max_snd_wnd":	370688,
					"max_rtt":	1503,
					"min_rtt":	1294,
					"mean_rtt":	1412,
					"sender":	true
				},
				"receiver":	{
					"socket":	6,
					"start":	0,
					"end":	0.54008,
					"seconds":	0.538023,
					"bytes":	20859888,
					"bits_per_second":	308989601.5405125,
					"sender":	true
				}
			}],
		"sum_sent":	{
			"start":	0,
			"end":	0.538023,
			"seconds":	0.538023,
			"bytes":	20971520,
			"bits_per_second":	311830832.51087779,
			"retransmits":	1,
			"sender":	true
		},
		"sum_received":	{
			"start":	0,
			"end":	0.54008,
			"seconds":	0.54008,
			"bytes":	20859888,
			"bits_per_second":	308989601.5405125,
			"sender":	true
		},
		"cpu_utilization_percent":	{
			"host_total":	4.1198413103563949,
			"host_user":	0,
			"host_system":	4.1161949490603327,
			"remote_total":	5.9633180399257917,
			"remote_user":	0,
			"remote_system":	5.9631328897134246
		},
		"sender_tcp_congestion":	"dctcp",
		"receiver_tcp_congestion":	"dctcp"
	}
}
