{
	"start":	{
		"connected":	[{
				"socket":	6,
				"local_host":	"10.0.0.3",
				"local_port":	53908,
				"remote_host":	"10.0.0.1",
				"remote_port":	5002
			}],
		"version":	"iperf 3.12",
		"system_info":	"Linux cs244c-vm 6.1.0-43-cloud-amd64 #1 SMP PREEMPT_DYNAMIC Debian 6.1.162-1 (2026-02-08) x86_64",
		"timestamp":	{
			"time":	"Thu, 12 Mar 2026 01:49:45 GMT",
			"timesecs":	1773280185
		},
		"connecting_to":	{
			"host":	"10.0.0.1",
			"port":	5002
		},
		"cookie":	"s5guafvmfcxbcdkwxozi2nxnof5vc3mncpey",
		"tcp_mss_default":	1448,
		"target_bitrate":	0,
		"sock_bufsize":	0,
		"sndbuf_actual":	87380,
		"rcvbuf_actual":	87380,
		"test_start":	{
			"protocol":	"TCP",
			"num_streams":	1,
			"blksize":	131072,
			"omit":	0,
			"duration":	0,
			"bytes":	20971520,
			"blocks":	0,
			"reverse":	0,
			"tos":	0,
			"target_bitrate":	0
		}
	},
	"intervals":	[{
			"streams":	[{
					"socket":	6,
					"start":	0,
					"end":	0.100126,
					"seconds":	0.1001259982585907,
					"bytes":	8987736,
					"bits_per_second":	718114068.778644,
					"retransmits":	436,
					"snd_cwnd":	183896,
					"snd_wnd":	1975808,
					"rtt":	1989,
					"rttvar":	391,
					"pmtu":	1500,
					"omitted":	false,
					"sender":	true
				}],
			"sum":	{
				"start":	0,
				"end":	0.100126,
				"seconds":	0.1001259982585907,
				"bytes":	8987736,
				"bits_per_second":	718114068.778644,
				"retransmits":	436,
				"omitted":	false,
				"sender":	true
			}
		}, {
			"streams":	[{
					"socket":	6,
					"start":	0.100126,
					"end":	0.200116,
					"seconds":	0.099990002810955048,
					"bytes":	6776640,
					"bits_per_second":	542185403.299742,
					"retransmits":	9,
					"snd_cwnd":	169416,
					"snd_wnd":	1975808,
					"rtt":	1720,
					"rttvar":	296,
					"pmtu":	1500,
					"omitted":	false,
					"sender":	true
				}],
			"sum":	{
				"start":	0.100126,
				"end":	0.200116,
				"seconds":	0.099990002810955048,
				"bytes":	6776640,
				"bits_per_second":	542185403.299742,
				"retransmits":	9,
				"omitted":	false,
				"sender":	true
			}
		}, {
			"streams":	[{
					"socket":	6,
					"start":	0.200116,
					"end":	0.269107,
					"seconds":	0.0689909979701042,
					"bytes":	5207144,
					"bits_per_second":	603805615.5971427,
					"retransmits":	12,
					"snd_cwnd":	136112,
					"snd_wnd":	1975808,
					"rtt":	1796,
					"rttvar":	166,
					"pmtu":	1500,
					"omitted":	false,
					"sender":	true
				}],
			"sum":	{
				"start":	0.200116,
				"end":	0.269107,
				"seconds":	0.0689909979701042,
				"bytes":	5207144,
				"bits_per_second":	603805615.5971427,
				"retransmits":	12,
				"omitted":	false,
				"sender":	true
			}
		}],
	"end":	{
		"streams":	[{
				"sender":	{
					"socket":	6,
					"start":	0,
					"end":	0.269107,
					"seconds":	0.269107,
					"bytes":	20971520,
					"bits_per_second":	623440341.5741694,
					"retransmits":	457,
					"max_snd_cwnd":	183896,
					"max_snd_wnd":	1975808,
					"max_rtt":	1989,
					"min_rtt":	1720,
					"mean_rtt":	1835,
					"sender":	true
				},
				"receiver":	{
					"socket":	6,
					"start":	0,
					"end":	0.271183,
					"seconds":	0.269107,
					"bytes":	19731896,
					"bits_per_second":	582098317.3724016,
					"sender":	true
				}
			}],
		"sum_sent":	{
			"start":	0,
			"end":	0.269107,
			"seconds":	0.269107,
			"bytes":	20971520,
			"bits_per_second":	623440341.5741694,
			"retransmits":	457,
			"sender":	true
		},
		"sum_received":	{
			"start":	0,
			"end":	0.271183,
			"seconds":	0.271183,
			"bytes":	19731896,
			"bits_per_second":	582098317.3724016,
			"sender":	true
		},
		"cpu_utilization_percent":	{
			"host_total":	4.80772672924229,
			"host_user":	1.1562887070329562,
			"host_system":	3.65108003808951,
			"remote_total":	7.3746617212214165,
			"remote_user":	1.6292685804458276,
			"remote_system":	5.74539314077559
		},
		"sender_tcp_congestion":	"dctcp-reno",
		"receiver_tcp_congestion":	"dctcp-reno"
	}
}
