{
	"start":	{
		"connected":	[{
				"socket":	6,
				"local_host":	"10.0.0.4",
				"local_port":	51792,
				"remote_host":	"10.0.0.1",
				"remote_port":	5003
			}],
		"version":	"iperf 3.12",
		"system_info":	"Linux cs244c-vm 6.1.0-43-cloud-amd64 #1 SMP PREEMPT_DYNAMIC Debian 6.1.162-1 (2026-02-08) x86_64",
		"timestamp":	{
			"time":	"Thu, 12 Mar 2026 01:49:47 GMT",
			"timesecs":	1773280187
		},
		"connecting_to":	{
			"host":	"10.0.0.1",
			"port":	5003
		},
		"cookie":	"yuh4sr5wzla7yfzc6gubfbtpuvk5y3ib7hfl",
		"tcp_mss_default":	1448,
		"target_bitrate":	0,
		"sock_bufsize":	0,
		"sndbuf_actual":	87380,
		"rcvbuf_actual":	87380,
		"test_start":	{
			"protocol":	"TCP",
			"num_streams":	1,
			"blksize":	131072,
			"omit":	0,
			"duration":	0,
			"bytes":	20971520,
			"blocks":	0,
			"reverse":	0,
			"tos":	0,
			"target_bitrate":	0
		}
	},
	"intervals":	[{
			"streams":	[{
					"socket":	6,
					"start":	0,
					"end":	0.100093,
					"seconds":	0.10009299963712692,
					"bytes":	11511600,
					"bits_per_second":	920072336.06615329,
					"retransmits":	423,
					"snd_cwnd":	234576,
					"snd_wnd":	8355840,
					"rtt":	1768,
					"rttvar":	101,
					"pmtu":	1500,
					"omitted":	false,
					"sender":	true
				}],
			"sum":	{
				"start":	0,
				"end":	0.100093,
				"seconds":	0.10009299963712692,
				"bytes":	11511600,
				"bits_per_second":	920072336.06615329,
				"retransmits":	423,
				"omitted":	false,
				"sender":	true
			}
		}, {
			"streams":	[{
					"socket":	6,
					"start":	0.100093,
					"end":	0.200123,
					"seconds":	0.10002999752759933,
					"bytes":	9317880,
					"bits_per_second":	745206856.367589,
					"retransmits":	46,
					"snd_cwnd":	107152,
					"snd_wnd":	8388608,
					"rtt":	1238,
					"rttvar":	94,
					"pmtu":	1500,
					"omitted":	false,
					"sender":	true
				}],
			"sum":	{
				"start":	0.100093,
				"end":	0.200123,
				"seconds":	0.10002999752759933,
				"bytes":	9317880,
				"bits_per_second":	745206856.367589,
				"retransmits":	46,
				"omitted":	false,
				"sender":	true
			}
		}, {
			"streams":	[{
					"socket":	6,
					"start":	0.200123,
					"end":	0.202283,
					"seconds":	0.00215999991632998,
					"bytes":	142040,
					"bits_per_second":	526074094.45214355,
					"retransmits":	0,
					"snd_cwnd":	108600,
					"snd_wnd":	8388608,
					"rtt":	1334,
					"rttvar":	144,
					"pmtu":	1500,
					"omitted":	false,
					"sender":	true
				}],
			"sum":	{
				"start":	0.200123,
				"end":	0.202283,
				"seconds":	0.00215999991632998,
				"bytes":	142040,
				"bits_per_second":	526074094.45214355,
				"retransmits":	0,
				"omitted":	false,
				"sender":	true
			}
		}],
	"end":	{
		"streams":	[{
				"sender":	{
					"socket":	6,
					"start":	0,
					"end":	0.202283,
					"seconds":	0.202283,
					"bytes":	20971520,
					"bits_per_second":	829393275.75723124,
					"retransmits":	469,
					"max_snd_cwnd":	234576,
					"max_snd_wnd":	8388608,
					"max_rtt":	1768,
					"min_rtt":	1238,
					"mean_rtt":	1446,
					"sender":	true
				},
				"receiver":	{
					"socket":	6,
					"start":	0,
					"end":	0.203367,
					"seconds":	0.202283,
					"bytes":	19330800,
					"bits_per_second":	760430158.28526759,
					"sender":	true
				}
			}],
		"sum_sent":	{
			"start":	0,
			"end":	0.202283,
			"seconds":	0.202283,
			"bytes":	20971520,
			"bits_per_second":	829393275.75723124,
			"retransmits":	469,
			"sender":	true
		},
		"sum_received":	{
			"start":	0,
			"end":	0.203367,
			"seconds":	0.203367,
			"bytes":	19330800,
			"bits_per_second":	760430158.28526759,
			"sender":	true
		},
		"cpu_utilization_percent":	{
			"host_total":	5.56935584034325,
			"host_user":	0.8167259451626866,
			"host_system":	4.77427125087036,
			"remote_total":	7.5280130981822833,
			"remote_user":	3.3551800262553653,
			"remote_system":	4.1718497249086717
		},
		"sender_tcp_congestion":	"dctcp-reno",
		"receiver_tcp_congestion":	"dctcp-reno"
	}
}
