{
	"start":	{
		"connected":	[{
				"socket":	6,
				"local_host":	"10.0.0.4",
				"local_port":	58044,
				"remote_host":	"10.0.0.1",
				"remote_port":	5003
			}],
		"version":	"iperf 3.12",
		"system_info":	"Linux cs244c-vm 6.1.0-43-cloud-amd64 #1 SMP PREEMPT_DYNAMIC Debian 6.1.162-1 (2026-02-08) x86_64",
		"timestamp":	{
			"time":	"Mon, 09 Mar 2026 01:23:24 GMT",
			"timesecs":	1773019404
		},
		"connecting_to":	{
			"host":	"10.0.0.1",
			"port":	5003
		},
		"cookie":	"uy3csymtsshf2bmuo6hieihp7upzwfc4vuwe",
		"tcp_mss_default":	1448,
		"target_bitrate":	0,
		"sock_bufsize":	0,
		"sndbuf_actual":	87380,
		"rcvbuf_actual":	87380,
		"test_start":	{
			"protocol":	"TCP",
			"num_streams":	1,
			"blksize":	131072,
			"omit":	0,
			"duration":	0,
			"bytes":	20971520,
			"blocks":	0,
			"reverse":	0,
			"tos":	0,
			"target_bitrate":	0
		}
	},
	"intervals":	[{
			"streams":	[{
					"socket":	6,
					"start":	0,
					"end":	0.100122,
					"seconds":	0.10012199729681015,
					"bytes":	2229920,
					"bits_per_second":	178176229.81606615,
					"retransmits":	1,
					"snd_cwnd":	13032,
					"snd_wnd":	178688,
					"rtt":	521,
					"rttvar":	101,
					"pmtu":	1500,
					"omitted":	false,
					"sender":	true
				}],
			"sum":	{
				"start":	0,
				"end":	0.100122,
				"seconds":	0.10012199729681015,
				"bytes":	2229920,
				"bits_per_second":	178176229.81606615,
				"retransmits":	1,
				"omitted":	false,
				"sender":	true
			}
		}, {
			"streams":	[{
					"socket":	6,
					"start":	0.100122,
					"end":	0.200134,
					"seconds":	0.10001199692487717,
					"bytes":	1970728,
					"bits_per_second":	157639328.12822759,
					"retransmits":	0,
					"snd_cwnd":	8688,
					"snd_wnd":	178688,
					"rtt":	450,
					"rttvar":	54,
					"pmtu":	1500,
					"omitted":	false,
					"sender":	true
				}],
			"sum":	{
				"start":	0.100122,
				"end":	0.200134,
				"seconds":	0.10001199692487717,
				"bytes":	1970728,
				"bits_per_second":	157639328.12822759,
				"retransmits":	0,
				"omitted":	false,
				"sender":	true
			}
		}, {
			"streams":	[{
					"socket":	6,
					"start":	0.200134,
					"end":	0.300129,
					"seconds":	0.0999950021505356,
					"bytes":	2703416,
					"bits_per_second":	216284089.55321136,
					"retransmits":	0,
					"snd_cwnd":	5792,
					"snd_wnd":	178688,
					"rtt":	519,
					"rttvar":	111,
					"pmtu":	1500,
					"omitted":	false,
					"sender":	true
				}],
			"sum":	{
				"start":	0.200134,
				"end":	0.300129,
				"seconds":	0.0999950021505356,
				"bytes":	2703416,
				"bits_per_second":	216284089.55321136,
				"retransmits":	0,
				"omitted":	false,
				"sender":	true
			}
		}, {
			"streams":	[{
					"socket":	6,
					"start":	0.300129,
					"end":	0.400079,
					"seconds":	0.099950000643730164,
					"bytes":	2069192,
					"bits_per_second":	165618168.01787484,
					"retransmits":	0,
					"snd_cwnd":	15928,
					"snd_wnd":	175616,
					"rtt":	409,
					"rttvar":	41,
					"pmtu":	1500,
					"omitted":	false,
					"sender":	true
				}],
			"sum":	{
				"start":	0.300129,
				"end":	0.400079,
				"seconds":	0.099950000643730164,
				"bytes":	2069192,
				"bits_per_second":	165618168.01787484,
				"retransmits":	0,
				"omitted":	false,
				"sender":	true
			}
		}, {
			"streams":	[{
					"socket":	6,
					"start":	0.400079,
					"end":	0.500102,
					"seconds":	0.10002300143241882,
					"bytes":	2477528,
					"bits_per_second":	198156661.12950689,
					"retransmits":	0,
					"snd_cwnd":	17376,
					"snd_wnd":	175104,
					"rtt":	441,
					"rttvar":	40,
					"pmtu":	1500,
					"omitted":	false,
					"sender":	true
				}],
			"sum":	{
				"start":	0.400079,
				"end":	0.500102,
				"seconds":	0.10002300143241882,
				"bytes":	2477528,
				"bits_per_second":	198156661.12950689,
				"retransmits":	0,
				"omitted":	false,
				"sender":	true
			}
		}, {
			"streams":	[{
					"socket":	6,
					"start":	0.500102,
					"end":	0.600146,
					"seconds":	0.10004399716854095,
					"bytes":	3078448,
					"bits_per_second":	246167533.25550047,
					"retransmits":	0,
					"snd_cwnd":	18824,
					"snd_wnd":	175104,
					"rtt":	410,
					"rttvar":	47,
					"pmtu":	1500,
					"omitted":	false,
					"sender":	true
				}],
			"sum":	{
				"start":	0.500102,
				"end":	0.600146,
				"seconds":	0.10004399716854095,
				"bytes":	3078448,
				"bits_per_second":	246167533.25550047,
				"retransmits":	0,
				"omitted":	false,
				"sender":	true
			}
		}, {
			"streams":	[{
					"socket":	6,
					"start":	0.600146,
					"end":	0.700093,
					"seconds":	0.0999469980597496,
					"bytes":	3200080,
					"bits_per_second":	256142160.31476611,
					"retransmits":	0,
					"snd_cwnd":	10136,
					"snd_wnd":	238592,
					"rtt":	377,
					"rttvar":	48,
					"pmtu":	1500,
					"omitted":	false,
					"sender":	true
				}],
			"sum":	{
				"start":	0.600146,
				"end":	0.700093,
				"seconds":	0.0999469980597496,
				"bytes":	3200080,
				"bits_per_second":	256142160.31476611,
				"retransmits":	0,
				"omitted":	false,
				"sender":	true
			}
		}, {
			"streams":	[{
					"socket":	6,
					"start":	0.700093,
					"end":	0.779517,
					"seconds":	0.079424001276493073,
					"bytes":	3242208,
					"bits_per_second":	326572114.0100342,
					"retransmits":	0,
					"snd_cwnd":	7240,
					"snd_wnd":	294400,
					"rtt":	427,
					"rttvar":	36,
					"pmtu":	1500,
					"omitted":	false,
					"sender":	true
				}],
			"sum":	{
				"start":	0.700093,
				"end":	0.779517,
				"seconds":	0.079424001276493073,
				"bytes":	3242208,
				"bits_per_second":	326572114.0100342,
				"retransmits":	0,
				"omitted":	false,
				"sender":	true
			}
		}],
	"end":	{
		"streams":	[{
				"sender":	{
					"socket":	6,
					"start":	0,
					"end":	0.779517,
					"seconds":	0.779517,
					"bytes":	20971520,
					"bits_per_second":	215225787.25031012,
					"retransmits":	1,
					"max_snd_cwnd":	18824,
					"max_snd_wnd":	294400,
					"max_rtt":	521,
					"min_rtt":	377,
					"mean_rtt":	444,
					"sender":	true
				},
				"receiver":	{
					"socket":	6,
					"start":	0,
					"end":	0.780128,
					"seconds":	0.779517,
					"bytes":	20874368,
					"bits_per_second":	214060954.09984,
					"sender":	true
				}
			}],
		"sum_sent":	{
			"start":	0,
			"end":	0.779517,
			"seconds":	0.779517,
			"bytes":	20971520,
			"bits_per_second":	215225787.25031012,
			"retransmits":	1,
			"sender":	true
		},
		"sum_received":	{
			"start":	0,
			"end":	0.780128,
			"seconds":	0.780128,
			"bytes":	20874368,
			"bits_per_second":	214060954.09984,
			"sender":	true
		},
		"cpu_utilization_percent":	{
			"host_total":	3.8528230015939378,
			"host_user":	0.87004567930783383,
			"host_system":	2.982522699611446,
			"remote_total":	16.996078330855589,
			"remote_user":	1.441790126621213,
			"remote_system":	15.554288204234377
		},
		"sender_tcp_congestion":	"dctcp",
		"receiver_tcp_congestion":	"dctcp"
	}
}
