{
	"start":	{
		"connected":	[{
				"socket":	6,
				"local_host":	"10.0.0.5",
				"local_port":	40910,
				"remote_host":	"10.0.0.1",
				"remote_port":	5004
			}],
		"version":	"iperf 3.12",
		"system_info":	"Linux cs244c-vm 6.1.0-43-cloud-amd64 #1 SMP PREEMPT_DYNAMIC Debian 6.1.162-1 (2026-02-08) x86_64",
		"timestamp":	{
			"time":	"Wed, 11 Mar 2026 04:36:32 GMT",
			"timesecs":	1773203792
		},
		"connecting_to":	{
			"host":	"10.0.0.1",
			"port":	5004
		},
		"cookie":	"nc3pw3mioxfrrqjpqs727lzdqihvypdoxshy",
		"tcp_mss_default":	1448,
		"target_bitrate":	0,
		"sock_bufsize":	0,
		"sndbuf_actual":	87380,
		"rcvbuf_actual":	87380,
		"test_start":	{
			"protocol":	"TCP",
			"num_streams":	1,
			"blksize":	131072,
			"omit":	0,
			"duration":	0,
			"bytes":	20971520,
			"blocks":	0,
			"reverse":	0,
			"tos":	0,
			"target_bitrate":	0
		}
	},
	"intervals":	[{
			"streams":	[{
					"socket":	6,
					"start":	0,
					"end":	0.100125,
					"seconds":	0.10012499988079071,
					"bytes":	5867296,
					"bits_per_second":	468797683.45453221,
					"retransmits":	4,
					"snd_cwnd":	94120,
					"snd_wnd":	1289216,
					"rtt":	2001,
					"rttvar":	331,
					"pmtu":	1500,
					"omitted":	false,
					"sender":	true
				}],
			"sum":	{
				"start":	0,
				"end":	0.100125,
				"seconds":	0.10012499988079071,
				"bytes":	5867296,
				"bits_per_second":	468797683.45453221,
				"retransmits":	4,
				"omitted":	false,
				"sender":	true
			}
		}, {
			"streams":	[{
					"socket":	6,
					"start":	0.100125,
					"end":	0.200137,
					"seconds":	0.10001199692487717,
					"bytes":	4300560,
					"bits_per_second":	344003530.15491253,
					"retransmits":	25,
					"snd_cwnd":	81088,
					"snd_wnd":	1289216,
					"rtt":	1965,
					"rttvar":	128,
					"pmtu":	1500,
					"omitted":	false,
					"sender":	true
				}],
			"sum":	{
				"start":	0.100125,
				"end":	0.200137,
				"seconds":	0.10001199692487717,
				"bytes":	4300560,
				"bits_per_second":	344003530.15491253,
				"retransmits":	25,
				"omitted":	false,
				"sender":	true
			}
		}, {
			"streams":	[{
					"socket":	6,
					"start":	0.200137,
					"end":	0.300249,
					"seconds":	0.10011199861764908,
					"bytes":	4300560,
					"bits_per_second":	343659905.65625089,
					"retransmits":	15,
					"snd_cwnd":	91224,
					"snd_wnd":	1289216,
					"rtt":	1898,
					"rttvar":	352,
					"pmtu":	1500,
					"omitted":	false,
					"sender":	true
				}],
			"sum":	{
				"start":	0.200137,
				"end":	0.300249,
				"seconds":	0.10011199861764908,
				"bytes":	4300560,
				"bits_per_second":	343659905.65625089,
				"retransmits":	15,
				"omitted":	false,
				"sender":	true
			}
		}, {
			"streams":	[{
					"socket":	6,
					"start":	0.300249,
					"end":	0.400127,
					"seconds":	0.0998779982328415,
					"bytes":	4756680,
					"bits_per_second":	380999225.788322,
					"retransmits":	0,
					"snd_cwnd":	102808,
					"snd_wnd":	1289216,
					"rtt":	1775,
					"rttvar":	279,
					"pmtu":	1500,
					"omitted":	false,
					"sender":	true
				}],
			"sum":	{
				"start":	0.300249,
				"end":	0.400127,
				"seconds":	0.0998779982328415,
				"bytes":	4756680,
				"bits_per_second":	380999225.788322,
				"retransmits":	0,
				"omitted":	false,
				"sender":	true
			}
		}, {
			"streams":	[{
					"socket":	6,
					"start":	0.400127,
					"end":	0.441089,
					"seconds":	0.040961999446153641,
					"bytes":	1746424,
					"bits_per_second":	341081787.72781861,
					"retransmits":	12,
					"snd_cwnd":	62264,
					"snd_wnd":	1289216,
					"rtt":	1395,
					"rttvar":	187,
					"pmtu":	1500,
					"omitted":	false,
					"sender":	true
				}],
			"sum":	{
				"start":	0.400127,
				"end":	0.441089,
				"seconds":	0.040961999446153641,
				"bytes":	1746424,
				"bits_per_second":	341081787.72781861,
				"retransmits":	12,
				"omitted":	false,
				"sender":	true
			}
		}],
	"end":	{
		"streams":	[{
				"sender":	{
					"socket":	6,
					"start":	0,
					"end":	0.441089,
					"seconds":	0.441089,
					"bytes":	20971520,
					"bits_per_second":	380358975.172811,
					"retransmits":	56,
					"max_snd_cwnd":	102808,
					"max_snd_wnd":	1289216,
					"max_rtt":	2001,
					"min_rtt":	1395,
					"mean_rtt":	1806,
					"sender":	true
				},
				"receiver":	{
					"socket":	6,
					"start":	0,
					"end":	0.442084,
					"seconds":	0.441089,
					"bytes":	19991088,
					"bits_per_second":	361760896.11928958,
					"sender":	true
				}
			}],
		"sum_sent":	{
			"start":	0,
			"end":	0.441089,
			"seconds":	0.441089,
			"bytes":	20971520,
			"bits_per_second":	380358975.172811,
			"retransmits":	56,
			"sender":	true
		},
		"sum_received":	{
			"start":	0,
			"end":	0.442084,
			"seconds":	0.442084,
			"bytes":	19991088,
			"bits_per_second":	361760896.11928958,
			"sender":	true
		},
		"cpu_utilization_percent":	{
			"host_total":	2.8253886732011351,
			"host_user":	0,
			"host_system":	2.8253886732011351,
			"remote_total":	7.1025471094232424,
			"remote_user":	1.4903564505585727,
			"remote_system":	5.61219065886467
		},
		"sender_tcp_congestion":	"dctcp",
		"receiver_tcp_congestion":	"dctcp"
	}
}
