{
	"start":	{
		"connected":	[{
				"socket":	6,
				"local_host":	"10.0.0.4",
				"local_port":	44510,
				"remote_host":	"10.0.0.1",
				"remote_port":	5003
			}],
		"version":	"iperf 3.12",
		"system_info":	"Linux cs244c-vm 6.1.0-43-cloud-amd64 #1 SMP PREEMPT_DYNAMIC Debian 6.1.162-1 (2026-02-08) x86_64",
		"timestamp":	{
			"time":	"Wed, 11 Mar 2026 04:36:30 GMT",
			"timesecs":	1773203790
		},
		"connecting_to":	{
			"host":	"10.0.0.1",
			"port":	5003
		},
		"cookie":	"6zeqwat6d3n27ez3osytknjwezelqu24wejr",
		"tcp_mss_default":	1448,
		"target_bitrate":	0,
		"sock_bufsize":	0,
		"sndbuf_actual":	87380,
		"rcvbuf_actual":	87380,
		"test_start":	{
			"protocol":	"TCP",
			"num_streams":	1,
			"blksize":	131072,
			"omit":	0,
			"duration":	0,
			"bytes":	20971520,
			"blocks":	0,
			"reverse":	0,
			"tos":	0,
			"target_bitrate":	0
		}
	},
	"intervals":	[{
			"streams":	[{
					"socket":	6,
					"start":	0,
					"end":	0.100116,
					"seconds":	0.10011599957942963,
					"bytes":	1607280,
					"bits_per_second":	128433417.77553329,
					"retransmits":	0,
					"snd_cwnd":	36200,
					"snd_wnd":	194560,
					"rtt":	1941,
					"rttvar":	428,
					"pmtu":	1500,
					"omitted":	false,
					"sender":	true
				}],
			"sum":	{
				"start":	0,
				"end":	0.100116,
				"seconds":	0.10011599957942963,
				"bytes":	1607280,
				"bits_per_second":	128433417.77553329,
				"retransmits":	0,
				"omitted":	false,
				"sender":	true
			}
		}, {
			"streams":	[{
					"socket":	6,
					"start":	0.100116,
					"end":	0.200136,
					"seconds":	0.10001999884843826,
					"bytes":	2746856,
					"bits_per_second":	219704541.62170911,
					"retransmits":	2,
					"snd_cwnd":	43440,
					"snd_wnd":	314368,
					"rtt":	2119,
					"rttvar":	417,
					"pmtu":	1500,
					"omitted":	false,
					"sender":	true
				}],
			"sum":	{
				"start":	0.100116,
				"end":	0.200136,
				"seconds":	0.10001999884843826,
				"bytes":	2746856,
				"bits_per_second":	219704541.62170911,
				"retransmits":	2,
				"omitted":	false,
				"sender":	true
			}
		}, {
			"streams":	[{
					"socket":	6,
					"start":	0.200136,
					"end":	0.300127,
					"seconds":	0.099991001188755035,
					"bytes":	2768576,
					"bits_per_second":	221506012.90799785,
					"retransmits":	0,
					"snd_cwnd":	59368,
					"snd_wnd":	314368,
					"rtt":	1921,
					"rttvar":	155,
					"pmtu":	1500,
					"omitted":	false,
					"sender":	true
				}],
			"sum":	{
				"start":	0.200136,
				"end":	0.300127,
				"seconds":	0.099991001188755035,
				"bytes":	2768576,
				"bits_per_second":	221506012.90799785,
				"retransmits":	0,
				"omitted":	false,
				"sender":	true
			}
		}, {
			"streams":	[{
					"socket":	6,
					"start":	0.300127,
					"end":	0.400164,
					"seconds":	0.10003700107336044,
					"bytes":	2606400,
					"bits_per_second":	208434876.85830492,
					"retransmits":	11,
					"snd_cwnd":	60816,
					"snd_wnd":	314368,
					"rtt":	2046,
					"rttvar":	151,
					"pmtu":	1500,
					"omitted":	false,
					"sender":	true
				}],
			"sum":	{
				"start":	0.300127,
				"end":	0.400164,
				"seconds":	0.10003700107336044,
				"bytes":	2606400,
				"bits_per_second":	208434876.85830492,
				"retransmits":	11,
				"omitted":	false,
				"sender":	true
			}
		}, {
			"streams":	[{
					"socket":	6,
					"start":	0.400164,
					"end":	0.500211,
					"seconds":	0.10004699975252151,
					"bytes":	3437552,
					"bits_per_second":	274874969.44461745,
					"retransmits":	0,
					"snd_cwnd":	59368,
					"snd_wnd":	293888,
					"rtt":	2106,
					"rttvar":	278,
					"pmtu":	1500,
					"omitted":	false,
					"sender":	true
				}],
			"sum":	{
				"start":	0.400164,
				"end":	0.500211,
				"seconds":	0.10004699975252151,
				"bytes":	3437552,
				"bits_per_second":	274874969.44461745,
				"retransmits":	0,
				"omitted":	false,
				"sender":	true
			}
		}, {
			"streams":	[{
					"socket":	6,
					"start":	0.500211,
					"end":	0.600155,
					"seconds":	0.09994400292634964,
					"bytes":	3459272,
					"bits_per_second":	276896814.11293429,
					"retransmits":	0,
					"snd_cwnd":	83984,
					"snd_wnd":	314368,
					"rtt":	2070,
					"rttvar":	287,
					"pmtu":	1500,
					"omitted":	false,
					"sender":	true
				}],
			"sum":	{
				"start":	0.500211,
				"end":	0.600155,
				"seconds":	0.09994400292634964,
				"bytes":	3459272,
				"bits_per_second":	276896814.11293429,
				"retransmits":	0,
				"omitted":	false,
				"sender":	true
			}
		}, {
			"streams":	[{
					"socket":	6,
					"start":	0.600155,
					"end":	0.700187,
					"seconds":	0.10003200173377991,
					"bytes":	3522984,
					"bits_per_second":	281748555.57731539,
					"retransmits":	0,
					"snd_cwnd":	86880,
					"snd_wnd":	314368,
					"rtt":	1605,
					"rttvar":	337,
					"pmtu":	1500,
					"omitted":	false,
					"sender":	true
				}],
			"sum":	{
				"start":	0.600155,
				"end":	0.700187,
				"seconds":	0.10003200173377991,
				"bytes":	3522984,
				"bits_per_second":	281748555.57731539,
				"retransmits":	0,
				"omitted":	false,
				"sender":	true
			}
		}, {
			"streams":	[{
					"socket":	6,
					"start":	0.700187,
					"end":	0.714861,
					"seconds":	0.014674000442028046,
					"bytes":	822600,
					"bits_per_second":	448466662.24377525,
					"retransmits":	0,
					"snd_cwnd":	98464,
					"snd_wnd":	314368,
					"rtt":	1719,
					"rttvar":	272,
					"pmtu":	1500,
					"omitted":	false,
					"sender":	true
				}],
			"sum":	{
				"start":	0.700187,
				"end":	0.714861,
				"seconds":	0.014674000442028046,
				"bytes":	822600,
				"bits_per_second":	448466662.24377525,
				"retransmits":	0,
				"omitted":	false,
				"sender":	true
			}
		}],
	"end":	{
		"streams":	[{
				"sender":	{
					"socket":	6,
					"start":	0,
					"end":	0.714861,
					"seconds":	0.714861,
					"bytes":	20971520,
					"bits_per_second":	234692003.0607349,
					"retransmits":	13,
					"max_snd_cwnd":	98464,
					"max_snd_wnd":	314368,
					"max_rtt":	2119,
					"min_rtt":	1605,
					"mean_rtt":	1940,
					"sender":	true
				},
				"receiver":	{
					"socket":	6,
					"start":	0,
					"end":	0.716535,
					"seconds":	0.714861,
					"bytes":	20770112,
					"bits_per_second":	231895016.99149376,
					"sender":	true
				}
			}],
		"sum_sent":	{
			"start":	0,
			"end":	0.714861,
			"seconds":	0.714861,
			"bytes":	20971520,
			"bits_per_second":	234692003.0607349,
			"retransmits":	13,
			"sender":	true
		},
		"sum_received":	{
			"start":	0,
			"end":	0.716535,
			"seconds":	0.716535,
			"bytes":	20770112,
			"bits_per_second":	231895016.99149376,
			"sender":	true
		},
		"cpu_utilization_percent":	{
			"host_total":	3.3363488230667122,
			"host_user":	0.14070760136781515,
			"host_system":	3.1956412216988963,
			"remote_total":	5.8693825830418964,
			"remote_user":	1.8091843598496162,
			"remote_system":	4.0600586687060227
		},
		"sender_tcp_congestion":	"dctcp",
		"receiver_tcp_congestion":	"dctcp"
	}
}
