{
	"start":	{
		"connected":	[{
				"socket":	6,
				"local_host":	"10.0.0.4",
				"local_port":	41672,
				"remote_host":	"10.0.0.1",
				"remote_port":	5003
			}],
		"version":	"iperf 3.12",
		"system_info":	"Linux cs244c-vm 6.1.0-43-cloud-amd64 #1 SMP PREEMPT_DYNAMIC Debian 6.1.162-1 (2026-02-08) x86_64",
		"timestamp":	{
			"time":	"Wed, 11 Mar 2026 04:38:27 GMT",
			"timesecs":	1773203907
		},
		"connecting_to":	{
			"host":	"10.0.0.1",
			"port":	5003
		},
		"cookie":	"hkukbgon3vecygr7armjxcbfbiuivmr6vhcj",
		"tcp_mss_default":	1448,
		"target_bitrate":	0,
		"sock_bufsize":	0,
		"sndbuf_actual":	87380,
		"rcvbuf_actual":	87380,
		"test_start":	{
			"protocol":	"TCP",
			"num_streams":	1,
			"blksize":	131072,
			"omit":	0,
			"duration":	0,
			"bytes":	20971520,
			"blocks":	0,
			"reverse":	0,
			"tos":	0,
			"target_bitrate":	0
		}
	},
	"intervals":	[{
			"streams":	[{
					"socket":	6,
					"start":	0,
					"end":	0.100116,
					"seconds":	0.10011599957942963,
					"bytes":	2051816,
					"bits_per_second":	163955092.78191951,
					"retransmits":	0,
					"snd_cwnd":	40544,
					"snd_wnd":	320000,
					"rtt":	1854,
					"rttvar":	224,
					"pmtu":	1500,
					"omitted":	false,
					"sender":	true
				}],
			"sum":	{
				"start":	0,
				"end":	0.100116,
				"seconds":	0.10011599957942963,
				"bytes":	2051816,
				"bits_per_second":	163955092.78191951,
				"retransmits":	0,
				"omitted":	false,
				"sender":	true
			}
		}, {
			"streams":	[{
					"socket":	6,
					"start":	0.100116,
					"end":	0.200207,
					"seconds":	0.10009100288152695,
					"bytes":	3072656,
					"bits_per_second":	245588986.94516706,
					"retransmits":	23,
					"snd_cwnd":	57920,
					"snd_wnd":	327168,
					"rtt":	1378,
					"rttvar":	198,
					"pmtu":	1500,
					"omitted":	false,
					"sender":	true
				}],
			"sum":	{
				"start":	0.100116,
				"end":	0.200207,
				"seconds":	0.10009100288152695,
				"bytes":	3072656,
				"bits_per_second":	245588986.94516706,
				"retransmits":	23,
				"omitted":	false,
				"sender":	true
			}
		}, {
			"streams":	[{
					"socket":	6,
					"start":	0.200207,
					"end":	0.300128,
					"seconds":	0.099921002984046936,
					"bytes":	5133160,
					"bits_per_second":	410977459.929584,
					"retransmits":	7,
					"snd_cwnd":	97016,
					"snd_wnd":	391680,
					"rtt":	1945,
					"rttvar":	266,
					"pmtu":	1500,
					"omitted":	false,
					"sender":	true
				}],
			"sum":	{
				"start":	0.200207,
				"end":	0.300128,
				"seconds":	0.099921002984046936,
				"bytes":	5133160,
				"bits_per_second":	410977459.929584,
				"retransmits":	7,
				"omitted":	false,
				"sender":	true
			}
		}, {
			"streams":	[{
					"socket":	6,
					"start":	0.300128,
					"end":	0.40012,
					"seconds":	0.099991999566555023,
					"bytes":	5212800,
					"bits_per_second":	417057366.397026,
					"retransmits":	0,
					"snd_cwnd":	102808,
					"snd_wnd":	391680,
					"rtt":	1724,
					"rttvar":	285,
					"pmtu":	1500,
					"omitted":	false,
					"sender":	true
				}],
			"sum":	{
				"start":	0.300128,
				"end":	0.40012,
				"seconds":	0.099991999566555023,
				"bytes":	5212800,
				"bits_per_second":	417057366.397026,
				"retransmits":	0,
				"omitted":	false,
				"sender":	true
			}
		}, {
			"streams":	[{
					"socket":	6,
					"start":	0.40012,
					"end":	0.500113,
					"seconds":	0.099992997944355,
					"bytes":	4626360,
					"bits_per_second":	370134717.03884846,
					"retransmits":	8,
					"snd_cwnd":	66608,
					"snd_wnd":	370688,
					"rtt":	2006,
					"rttvar":	457,
					"pmtu":	1500,
					"omitted":	false,
					"sender":	true
				}],
			"sum":	{
				"start":	0.40012,
				"end":	0.500113,
				"seconds":	0.099992997944355,
				"bytes":	4626360,
				"bits_per_second":	370134717.03884846,
				"retransmits":	8,
				"omitted":	false,
				"sender":	true
			}
		}, {
			"streams":	[{
					"socket":	6,
					"start":	0.500113,
					"end":	0.518575,
					"seconds":	0.018462000414729118,
					"bytes":	874728,
					"bits_per_second":	379039315.502186,
					"retransmits":	0,
					"snd_cwnd":	78192,
					"snd_wnd":	391680,
					"rtt":	1538,
					"rttvar":	194,
					"pmtu":	1500,
					"omitted":	false,
					"sender":	true
				}],
			"sum":	{
				"start":	0.500113,
				"end":	0.518575,
				"seconds":	0.018462000414729118,
				"bytes":	874728,
				"bits_per_second":	379039315.502186,
				"retransmits":	0,
				"omitted":	false,
				"sender":	true
			}
		}],
	"end":	{
		"streams":	[{
				"sender":	{
					"socket":	6,
					"start":	0,
					"end":	0.518575,
					"seconds":	0.518575,
					"bytes":	20971520,
					"bits_per_second":	323525353.13117677,
					"retransmits":	38,
					"max_snd_cwnd":	102808,
					"max_snd_wnd":	391680,
					"max_rtt":	2006,
					"min_rtt":	1378,
					"mean_rtt":	1740,
					"sender":	true
				},
				"receiver":	{
					"socket":	6,
					"start":	0,
					"end":	0.520772,
					"seconds":	0.518575,
					"bytes":	20680336,
					"bits_per_second":	317687371.82490611,
					"sender":	true
				}
			}],
		"sum_sent":	{
			"start":	0,
			"end":	0.518575,
			"seconds":	0.518575,
			"bytes":	20971520,
			"bits_per_second":	323525353.13117677,
			"retransmits":	38,
			"sender":	true
		},
		"sum_received":	{
			"start":	0,
			"end":	0.520772,
			"seconds":	0.520772,
			"bytes":	20680336,
			"bits_per_second":	317687371.82490611,
			"sender":	true
		},
		"cpu_utilization_percent":	{
			"host_total":	3.84947027802149,
			"host_user":	1.795865998735837,
			"host_system":	2.0536042792856533,
			"remote_total":	6.49439423352016,
			"remote_user":	1.72349237619599,
			"remote_system":	4.77090185732417
		},
		"sender_tcp_congestion":	"dctcp",
		"receiver_tcp_congestion":	"dctcp"
	}
}
