{
	"start":	{
		"connected":	[{
				"socket":	6,
				"local_host":	"10.0.0.3",
				"local_port":	57476,
				"remote_host":	"10.0.0.1",
				"remote_port":	5002
			}],
		"version":	"iperf 3.12",
		"system_info":	"Linux cs244c-vm 6.1.0-43-cloud-amd64 #1 SMP PREEMPT_DYNAMIC Debian 6.1.162-1 (2026-02-08) x86_64",
		"timestamp":	{
			"time":	"Wed, 11 Mar 2026 04:38:25 GMT",
			"timesecs":	1773203905
		},
		"connecting_to":	{
			"host":	"10.0.0.1",
			"port":	5002
		},
		"cookie":	"5mio2dea34mcaycucbvue7genelhi2kv2axn",
		"tcp_mss_default":	1448,
		"target_bitrate":	0,
		"sock_bufsize":	0,
		"sndbuf_actual":	87380,
		"rcvbuf_actual":	87380,
		"test_start":	{
			"protocol":	"TCP",
			"num_streams":	1,
			"blksize":	131072,
			"omit":	0,
			"duration":	0,
			"bytes":	20971520,
			"blocks":	0,
			"reverse":	0,
			"tos":	0,
			"target_bitrate":	0
		}
	},
	"intervals":	[{
			"streams":	[{
					"socket":	6,
					"start":	0,
					"end":	0.100131,
					"seconds":	0.10013099759817123,
					"bytes":	5266376,
					"bits_per_second":	420758895.95221078,
					"retransmits":	17,
					"snd_cwnd":	98464,
					"snd_wnd":	1245696,
					"rtt":	1651,
					"rttvar":	261,
					"pmtu":	1500,
					"omitted":	false,
					"sender":	true
				}],
			"sum":	{
				"start":	0,
				"end":	0.100131,
				"seconds":	0.10013099759817123,
				"bytes":	5266376,
				"bits_per_second":	420758895.95221078,
				"retransmits":	17,
				"omitted":	false,
				"sender":	true
			}
		}, {
			"streams":	[{
					"socket":	6,
					"start":	0.100131,
					"end":	0.200136,
					"seconds":	0.10000500082969666,
					"bytes":	5538600,
					"bits_per_second":	443065843.031746,
					"retransmits":	8,
					"snd_cwnd":	86880,
					"snd_wnd":	1245696,
					"rtt":	1807,
					"rttvar":	196,
					"pmtu":	1500,
					"omitted":	false,
					"sender":	true
				}],
			"sum":	{
				"start":	0.100131,
				"end":	0.200136,
				"seconds":	0.10000500082969666,
				"bytes":	5538600,
				"bits_per_second":	443065843.031746,
				"retransmits":	8,
				"omitted":	false,
				"sender":	true
			}
		}, {
			"streams":	[{
					"socket":	6,
					"start":	0.200136,
					"end":	0.300125,
					"seconds":	0.099988996982574463,
					"bytes":	5538600,
					"bits_per_second":	443136758.41474736,
					"retransmits":	0,
					"snd_cwnd":	112944,
					"snd_wnd":	1245696,
					"rtt":	1590,
					"rttvar":	88,
					"pmtu":	1500,
					"omitted":	false,
					"sender":	true
				}],
			"sum":	{
				"start":	0.200136,
				"end":	0.300125,
				"seconds":	0.099988996982574463,
				"bytes":	5538600,
				"bits_per_second":	443136758.41474736,
				"retransmits":	0,
				"omitted":	false,
				"sender":	true
			}
		}, {
			"streams":	[{
					"socket":	6,
					"start":	0.300125,
					"end":	0.367277,
					"seconds":	0.0671520009636879,
					"bytes":	4627944,
					"bits_per_second":	551339520.32226562,
					"retransmits":	0,
					"snd_cwnd":	120184,
					"snd_wnd":	1245696,
					"rtt":	1622,
					"rttvar":	174,
					"pmtu":	1500,
					"omitted":	false,
					"sender":	true
				}],
			"sum":	{
				"start":	0.300125,
				"end":	0.367277,
				"seconds":	0.0671520009636879,
				"bytes":	4627944,
				"bits_per_second":	551339520.32226562,
				"retransmits":	0,
				"omitted":	false,
				"sender":	true
			}
		}],
	"end":	{
		"streams":	[{
				"sender":	{
					"socket":	6,
					"start":	0,
					"end":	0.367277,
					"seconds":	0.367277,
					"bytes":	20971520,
					"bits_per_second":	456800071.88035184,
					"retransmits":	25,
					"max_snd_cwnd":	120184,
					"max_snd_wnd":	1245696,
					"max_rtt":	1807,
					"min_rtt":	1590,
					"mean_rtt":	1667,
					"sender":	true
				},
				"receiver":	{
					"socket":	6,
					"start":	0,
					"end":	0.369225,
					"seconds":	0.367277,
					"bytes":	20057696,
					"bits_per_second":	434590203.80526775,
					"sender":	true
				}
			}],
		"sum_sent":	{
			"start":	0,
			"end":	0.367277,
			"seconds":	0.367277,
			"bytes":	20971520,
			"bits_per_second":	456800071.88035184,
			"retransmits":	25,
			"sender":	true
		},
		"sum_received":	{
			"start":	0,
			"end":	0.369225,
			"seconds":	0.369225,
			"bytes":	20057696,
			"bits_per_second":	434590203.80526775,
			"sender":	true
		},
		"cpu_utilization_percent":	{
			"host_total":	3.9749674248122293,
			"host_user":	0,
			"host_system":	3.9749674248122293,
			"remote_total":	7.7830559151549945,
			"remote_user":	0,
			"remote_system":	7.7846808833327
		},
		"sender_tcp_congestion":	"dctcp",
		"receiver_tcp_congestion":	"dctcp"
	}
}
