{
	"start":	{
		"connected":	[{
				"socket":	6,
				"local_host":	"10.0.0.4",
				"local_port":	46562,
				"remote_host":	"10.0.0.1",
				"remote_port":	5003
			}],
		"version":	"iperf 3.12",
		"system_info":	"Linux cs244c-vm 6.1.0-43-cloud-amd64 #1 SMP PREEMPT_DYNAMIC Debian 6.1.162-1 (2026-02-08) x86_64",
		"timestamp":	{
			"time":	"Thu, 12 Mar 2026 01:57:04 GMT",
			"timesecs":	1773280624
		},
		"connecting_to":	{
			"host":	"10.0.0.1",
			"port":	5003
		},
		"cookie":	"zsavj7stlqsjfvccmz6s563nz3p5blkcuwgr",
		"tcp_mss_default":	1448,
		"target_bitrate":	0,
		"sock_bufsize":	0,
		"sndbuf_actual":	87380,
		"rcvbuf_actual":	87380,
		"test_start":	{
			"protocol":	"TCP",
			"num_streams":	1,
			"blksize":	131072,
			"omit":	0,
			"duration":	0,
			"bytes":	20971520,
			"blocks":	0,
			"reverse":	0,
			"tos":	0,
			"target_bitrate":	0
		}
	},
	"intervals":	[{
			"streams":	[{
					"socket":	6,
					"start":	0,
					"end":	0.100109,
					"seconds":	0.10010900348424911,
					"bytes":	2067744,
					"bits_per_second":	165239403.29305813,
					"retransmits":	47,
					"snd_cwnd":	60816,
					"snd_wnd":	257024,
					"rtt":	1687,
					"rttvar":	146,
					"pmtu":	1500,
					"omitted":	false,
					"sender":	true
				}],
			"sum":	{
				"start":	0,
				"end":	0.100109,
				"seconds":	0.10010900348424911,
				"bytes":	2067744,
				"bits_per_second":	165239403.29305813,
				"retransmits":	47,
				"omitted":	false,
				"sender":	true
			}
		}, {
			"streams":	[{
					"socket":	6,
					"start":	0.100109,
					"end":	0.200115,
					"seconds":	0.10000599920749664,
					"bytes":	3706880,
					"bits_per_second":	296532610.39340729,
					"retransmits":	18,
					"snd_cwnd":	39096,
					"snd_wnd":	504320,
					"rtt":	1693,
					"rttvar":	251,
					"pmtu":	1500,
					"omitted":	false,
					"sender":	true
				}],
			"sum":	{
				"start":	0.100109,
				"end":	0.200115,
				"seconds":	0.10000599920749664,
				"bytes":	3706880,
				"bits_per_second":	296532610.39340729,
				"retransmits":	18,
				"omitted":	false,
				"sender":	true
			}
		}, {
			"streams":	[{
					"socket":	6,
					"start":	0.200115,
					"end":	0.300141,
					"seconds":	0.10002599656581879,
					"bytes":	2867040,
					"bits_per_second":	229303588.941576,
					"retransmits":	53,
					"snd_cwnd":	46336,
					"snd_wnd":	515584,
					"rtt":	1677,
					"rttvar":	179,
					"pmtu":	1500,
					"omitted":	false,
					"sender":	true
				}],
			"sum":	{
				"start":	0.200115,
				"end":	0.300141,
				"seconds":	0.10002599656581879,
				"bytes":	2867040,
				"bits_per_second":	229303588.941576,
				"retransmits":	53,
				"omitted":	false,
				"sender":	true
			}
		}, {
			"streams":	[{
					"socket":	6,
					"start":	0.300141,
					"end":	0.400127,
					"seconds":	0.0999860018491745,
					"bytes":	2410920,
					"bits_per_second":	192900602.51728368,
					"retransmits":	73,
					"snd_cwnd":	40544,
					"snd_wnd":	515584,
					"rtt":	1837,
					"rttvar":	319,
					"pmtu":	1500,
					"omitted":	false,
					"sender":	true
				}],
			"sum":	{
				"start":	0.300141,
				"end":	0.400127,
				"seconds":	0.0999860018491745,
				"bytes":	2410920,
				"bits_per_second":	192900602.51728368,
				"retransmits":	73,
				"omitted":	false,
				"sender":	true
			}
		}, {
			"streams":	[{
					"socket":	6,
					"start":	0.400127,
					"end":	0.500086,
					"seconds":	0.099959000945091248,
					"bytes":	3136368,
					"bits_per_second":	251012352.69230807,
					"retransmits":	13,
					"snd_cwnd":	88328,
					"snd_wnd":	515584,
					"rtt":	1513,
					"rttvar":	245,
					"pmtu":	1500,
					"omitted":	false,
					"sender":	true
				}],
			"sum":	{
				"start":	0.400127,
				"end":	0.500086,
				"seconds":	0.099959000945091248,
				"bytes":	3136368,
				"bits_per_second":	251012352.69230807,
				"retransmits":	13,
				"omitted":	false,
				"sender":	true
			}
		}, {
			"streams":	[{
					"socket":	6,
					"start":	0.500086,
					"end":	0.600108,
					"seconds":	0.10002200305461884,
					"bytes":	5343120,
					"bits_per_second":	427355568.72079772,
					"retransmits":	22,
					"snd_cwnd":	120184,
					"snd_wnd":	515584,
					"rtt":	1454,
					"rttvar":	172,
					"pmtu":	1500,
					"omitted":	false,
					"sender":	true
				}],
			"sum":	{
				"start":	0.500086,
				"end":	0.600108,
				"seconds":	0.10002200305461884,
				"bytes":	5343120,
				"bits_per_second":	427355568.72079772,
				"retransmits":	22,
				"omitted":	false,
				"sender":	true
			}
		}, {
			"streams":	[{
					"socket":	6,
					"start":	0.600108,
					"end":	0.621369,
					"seconds":	0.021260999143123627,
					"bytes":	1439448,
					"bits_per_second":	541629484.225084,
					"retransmits":	3,
					"snd_cwnd":	75296,
					"snd_wnd":	792576,
					"rtt":	1248,
					"rttvar":	146,
					"pmtu":	1500,
					"omitted":	false,
					"sender":	true
				}],
			"sum":	{
				"start":	0.600108,
				"end":	0.621369,
				"seconds":	0.021260999143123627,
				"bytes":	1439448,
				"bits_per_second":	541629484.225084,
				"retransmits":	3,
				"omitted":	false,
				"sender":	true
			}
		}],
	"end":	{
		"streams":	[{
				"sender":	{
					"socket":	6,
					"start":	0,
					"end":	0.621369,
					"seconds":	0.621369,
					"bytes":	20971520,
					"bits_per_second":	270004071.654685,
					"retransmits":	229,
					"max_snd_cwnd":	120184,
					"max_snd_wnd":	792576,
					"max_rtt":	1837,
					"min_rtt":	1248,
					"mean_rtt":	1587,
					"sender":	true
				},
				"receiver":	{
					"socket":	6,
					"start":	0,
					"end":	0.623161,
					"seconds":	0.621369,
					"bytes":	20697712,
					"bits_per_second":	265712546.1959269,
					"sender":	true
				}
			}],
		"sum_sent":	{
			"start":	0,
			"end":	0.621369,
			"seconds":	0.621369,
			"bytes":	20971520,
			"bits_per_second":	270004071.654685,
			"retransmits":	229,
			"sender":	true
		},
		"sum_received":	{
			"start":	0,
			"end":	0.623161,
			"seconds":	0.623161,
			"bytes":	20697712,
			"bits_per_second":	265712546.1959269,
			"sender":	true
		},
		"cpu_utilization_percent":	{
			"host_total":	3.502681686424939,
			"host_user":	0,
			"host_system":	3.5028394790948383,
			"remote_total":	6.5640349230342148,
			"remote_user":	0.33167575686097056,
			"remote_system":	6.2321987037848263
		},
		"sender_tcp_congestion":	"dctcp-reno",
		"receiver_tcp_congestion":	"dctcp-reno"
	}
}
