{
	"start":	{
		"connected":	[{
				"socket":	6,
				"local_host":	"10.0.0.4",
				"local_port":	40216,
				"remote_host":	"10.0.0.1",
				"remote_port":	5003
			}],
		"version":	"iperf 3.12",
		"system_info":	"Linux cs244c-vm 6.1.0-43-cloud-amd64 #1 SMP PREEMPT_DYNAMIC Debian 6.1.162-1 (2026-02-08) x86_64",
		"timestamp":	{
			"time":	"Wed, 11 Mar 2026 04:35:12 GMT",
			"timesecs":	1773203712
		},
		"connecting_to":	{
			"host":	"10.0.0.1",
			"port":	5003
		},
		"cookie":	"e5a7mj4falojcvzoshkks5uolsjw6fzehxxy",
		"tcp_mss_default":	1448,
		"target_bitrate":	0,
		"sock_bufsize":	0,
		"sndbuf_actual":	87380,
		"rcvbuf_actual":	87380,
		"test_start":	{
			"protocol":	"TCP",
			"num_streams":	1,
			"blksize":	131072,
			"omit":	0,
			"duration":	0,
			"bytes":	20971520,
			"blocks":	0,
			"reverse":	0,
			"tos":	0,
			"target_bitrate":	0
		}
	},
	"intervals":	[{
			"streams":	[{
					"socket":	6,
					"start":	0,
					"end":	0.100095,
					"seconds":	0.1000949963927269,
					"bytes":	1660856,
					"bits_per_second":	132742379.52782871,
					"retransmits":	2,
					"snd_cwnd":	27512,
					"snd_wnd":	175616,
					"rtt":	1697,
					"rttvar":	208,
					"pmtu":	1500,
					"omitted":	false,
					"sender":	true
				}],
			"sum":	{
				"start":	0,
				"end":	0.100095,
				"seconds":	0.1000949963927269,
				"bytes":	1660856,
				"bits_per_second":	132742379.52782871,
				"retransmits":	2,
				"omitted":	false,
				"sender":	true
			}
		}, {
			"streams":	[{
					"socket":	6,
					"start":	0.100095,
					"end":	0.200077,
					"seconds":	0.099982000887393951,
					"bytes":	2665768,
					"bits_per_second":	213299832.07696405,
					"retransmits":	0,
					"snd_cwnd":	60816,
					"snd_wnd":	276992,
					"rtt":	1666,
					"rttvar":	276,
					"pmtu":	1500,
					"omitted":	false,
					"sender":	true
				}],
			"sum":	{
				"start":	0.100095,
				"end":	0.200077,
				"seconds":	0.099982000887393951,
				"bytes":	2665768,
				"bits_per_second":	213299832.07696405,
				"retransmits":	0,
				"omitted":	false,
				"sender":	true
			}
		}, {
			"streams":	[{
					"socket":	6,
					"start":	0.200077,
					"end":	0.300104,
					"seconds":	0.10002700239419937,
					"bytes":	4986912,
					"bits_per_second":	398845262.23004711,
					"retransmits":	0,
					"snd_cwnd":	107152,
					"snd_wnd":	426496,
					"rtt":	1497,
					"rttvar":	161,
					"pmtu":	1500,
					"omitted":	false,
					"sender":	true
				}],
			"sum":	{
				"start":	0.200077,
				"end":	0.300104,
				"seconds":	0.10002700239419937,
				"bytes":	4986912,
				"bits_per_second":	398845262.23004711,
				"retransmits":	0,
				"omitted":	false,
				"sender":	true
			}
		}, {
			"streams":	[{
					"socket":	6,
					"start":	0.300104,
					"end":	0.400126,
					"seconds":	0.10002200305461884,
					"bytes":	4952160,
					"bits_per_second":	396085649.05830032,
					"retransmits":	3,
					"snd_cwnd":	79640,
					"snd_wnd":	689152,
					"rtt":	1768,
					"rttvar":	254,
					"pmtu":	1500,
					"omitted":	false,
					"sender":	true
				}],
			"sum":	{
				"start":	0.300104,
				"end":	0.400126,
				"seconds":	0.10002200305461884,
				"bytes":	4952160,
				"bits_per_second":	396085649.05830032,
				"retransmits":	3,
				"omitted":	false,
				"sender":	true
			}
		}, {
			"streams":	[{
					"socket":	6,
					"start":	0.400126,
					"end":	0.500155,
					"seconds":	0.10002899914979935,
					"bytes":	4691520,
					"bits_per_second":	375212791.48053223,
					"retransmits":	0,
					"snd_cwnd":	81088,
					"snd_wnd":	669696,
					"rtt":	1705,
					"rttvar":	183,
					"pmtu":	1500,
					"omitted":	false,
					"sender":	true
				}],
			"sum":	{
				"start":	0.400126,
				"end":	0.500155,
				"seconds":	0.10002899914979935,
				"bytes":	4691520,
				"bits_per_second":	375212791.48053223,
				"retransmits":	0,
				"omitted":	false,
				"sender":	true
			}
		}, {
			"streams":	[{
					"socket":	6,
					"start":	0.500155,
					"end":	0.54629,
					"seconds":	0.046135000884532928,
					"bytes":	2014304,
					"bits_per_second":	349288646.16977763,
					"retransmits":	0,
					"snd_cwnd":	89776,
					"snd_wnd":	665600,
					"rtt":	1732,
					"rttvar":	211,
					"pmtu":	1500,
					"omitted":	false,
					"sender":	true
				}],
			"sum":	{
				"start":	0.500155,
				"end":	0.54629,
				"seconds":	0.046135000884532928,
				"bytes":	2014304,
				"bits_per_second":	349288646.16977763,
				"retransmits":	0,
				"omitted":	false,
				"sender":	true
			}
		}],
	"end":	{
		"streams":	[{
				"sender":	{
					"socket":	6,
					"start":	0,
					"end":	0.54629,
					"seconds":	0.54629,
					"bytes":	20971520,
					"bits_per_second":	307111900.27274889,
					"retransmits":	5,
					"max_snd_cwnd":	107152,
					"max_snd_wnd":	689152,
					"max_rtt":	1768,
					"min_rtt":	1497,
					"mean_rtt":	1677,
					"sender":	true
				},
				"receiver":	{
					"socket":	6,
					"start":	0,
					"end":	0.548477,
					"seconds":	0.54629,
					"bytes":	20781696,
					"bits_per_second":	303118577.44262749,
					"sender":	true
				}
			}],
		"sum_sent":	{
			"start":	0,
			"end":	0.54629,
			"seconds":	0.54629,
			"bytes":	20971520,
			"bits_per_second":	307111900.27274889,
			"retransmits":	5,
			"sender":	true
		},
		"sum_received":	{
			"start":	0,
			"end":	0.548477,
			"seconds":	0.548477,
			"bytes":	20781696,
			"bits_per_second":	303118577.44262749,
			"sender":	true
		},
		"cpu_utilization_percent":	{
			"host_total":	4.01611038919082,
			"host_user":	0.84913381530486975,
			"host_system":	3.1666176079948887,
			"remote_total":	6.68374416569428,
			"remote_user":	0,
			"remote_system":	6.6857497082847148
		},
		"sender_tcp_congestion":	"dctcp",
		"receiver_tcp_congestion":	"dctcp"
	}
}
