{
	"start":	{
		"connected":	[{
				"socket":	6,
				"local_host":	"10.0.0.5",
				"local_port":	51380,
				"remote_host":	"10.0.0.1",
				"remote_port":	5004
			}],
		"version":	"iperf 3.12",
		"system_info":	"Linux cs244c-vm 6.1.0-43-cloud-amd64 #1 SMP PREEMPT_DYNAMIC Debian 6.1.162-1 (2026-02-08) x86_64",
		"timestamp":	{
			"time":	"Wed, 11 Mar 2026 04:35:14 GMT",
			"timesecs":	1773203714
		},
		"connecting_to":	{
			"host":	"10.0.0.1",
			"port":	5004
		},
		"cookie":	"qqwz4fruqvmrf2jaemabxe7cqu6iplwt25y2",
		"tcp_mss_default":	1448,
		"target_bitrate":	0,
		"sock_bufsize":	0,
		"sndbuf_actual":	87380,
		"rcvbuf_actual":	87380,
		"test_start":	{
			"protocol":	"TCP",
			"num_streams":	1,
			"blksize":	131072,
			"omit":	0,
			"duration":	0,
			"bytes":	20971520,
			"blocks":	0,
			"reverse":	0,
			"tos":	0,
			"target_bitrate":	0
		}
	},
	"intervals":	[{
			"streams":	[{
					"socket":	6,
					"start":	0,
					"end":	0.100125,
					"seconds":	0.10012499988079071,
					"bytes":	2421056,
					"bits_per_second":	193442676.884496,
					"retransmits":	6,
					"snd_cwnd":	55024,
					"snd_wnd":	305664,
					"rtt":	1617,
					"rttvar":	214,
					"pmtu":	1500,
					"omitted":	false,
					"sender":	true
				}],
			"sum":	{
				"start":	0,
				"end":	0.100125,
				"seconds":	0.10012499988079071,
				"bytes":	2421056,
				"bits_per_second":	193442676.884496,
				"retransmits":	6,
				"omitted":	false,
				"sender":	true
			}
		}, {
			"streams":	[{
					"socket":	6,
					"start":	0.100125,
					"end":	0.200122,
					"seconds":	0.099996998906135559,
					"bytes":	5962864,
					"bits_per_second":	477043436.52130413,
					"retransmits":	5,
					"snd_cwnd":	131768,
					"snd_wnd":	790016,
					"rtt":	1558,
					"rttvar":	139,
					"pmtu":	1500,
					"omitted":	false,
					"sender":	true
				}],
			"sum":	{
				"start":	0.100125,
				"end":	0.200122,
				"seconds":	0.099996998906135559,
				"bytes":	5962864,
				"bits_per_second":	477043436.52130413,
				"retransmits":	5,
				"omitted":	false,
				"sender":	true
			}
		}, {
			"streams":	[{
					"socket":	6,
					"start":	0.200122,
					"end":	0.30011,
					"seconds":	0.099987998604774475,
					"bytes":	6906960,
					"bits_per_second":	552623122.485037,
					"retransmits":	0,
					"snd_cwnd":	91224,
					"snd_wnd":	761344,
					"rtt":	1639,
					"rttvar":	153,
					"pmtu":	1500,
					"omitted":	false,
					"sender":	true
				}],
			"sum":	{
				"start":	0.200122,
				"end":	0.30011,
				"seconds":	0.099987998604774475,
				"bytes":	6906960,
				"bits_per_second":	552623122.485037,
				"retransmits":	0,
				"omitted":	false,
				"sender":	true
			}
		}, {
			"streams":	[{
					"socket":	6,
					"start":	0.30011,
					"end":	0.395709,
					"seconds":	0.095599003136158,
					"bytes":	5680640,
					"bits_per_second":	475372320.93596476,
					"retransmits":	0,
					"snd_cwnd":	111496,
					"snd_wnd":	790016,
					"rtt":	1692,
					"rttvar":	331,
					"pmtu":	1500,
					"omitted":	false,
					"sender":	true
				}],
			"sum":	{
				"start":	0.30011,
				"end":	0.395709,
				"seconds":	0.095599003136158,
				"bytes":	5680640,
				"bits_per_second":	475372320.93596476,
				"retransmits":	0,
				"omitted":	false,
				"sender":	true
			}
		}],
	"end":	{
		"streams":	[{
				"sender":	{
					"socket":	6,
					"start":	0,
					"end":	0.395709,
					"seconds":	0.395709,
					"bytes":	20971520,
					"bits_per_second":	423978630.761494,
					"retransmits":	11,
					"max_snd_cwnd":	131768,
					"max_snd_wnd":	790016,
					"max_rtt":	1692,
					"min_rtt":	1558,
					"mean_rtt":	1626,
					"sender":	true
				},
				"receiver":	{
					"socket":	6,
					"start":	0,
					"end":	0.398054,
					"seconds":	0.395709,
					"bytes":	20719432,
					"bits_per_second":	416414496.525597,
					"sender":	true
				}
			}],
		"sum_sent":	{
			"start":	0,
			"end":	0.395709,
			"seconds":	0.395709,
			"bytes":	20971520,
			"bits_per_second":	423978630.761494,
			"retransmits":	11,
			"sender":	true
		},
		"sum_received":	{
			"start":	0,
			"end":	0.398054,
			"seconds":	0.398054,
			"bytes":	20719432,
			"bits_per_second":	416414496.525597,
			"sender":	true
		},
		"cpu_utilization_percent":	{
			"host_total":	4.7637361291428846,
			"host_user":	1.9165666413541387,
			"host_system":	2.847414447737795,
			"remote_total":	7.2704023955826429,
			"remote_user":	3.4077263569357843,
			"remote_system":	3.864936970251164
		},
		"sender_tcp_congestion":	"dctcp",
		"receiver_tcp_congestion":	"dctcp"
	}
}
