{
	"start":	{
		"connected":	[{
				"socket":	6,
				"local_host":	"10.0.0.5",
				"local_port":	60786,
				"remote_host":	"10.0.0.1",
				"remote_port":	5004
			}],
		"version":	"iperf 3.12",
		"system_info":	"Linux cs244c-vm 6.1.0-43-cloud-amd64 #1 SMP PREEMPT_DYNAMIC Debian 6.1.162-1 (2026-02-08) x86_64",
		"timestamp":	{
			"time":	"Thu, 12 Mar 2026 01:07:41 GMT",
			"timesecs":	1773277661
		},
		"connecting_to":	{
			"host":	"10.0.0.1",
			"port":	5004
		},
		"cookie":	"omo2aaurr6furztufril3a7vj7nfjeeovrry",
		"tcp_mss_default":	1448,
		"target_bitrate":	0,
		"sock_bufsize":	0,
		"sndbuf_actual":	87380,
		"rcvbuf_actual":	87380,
		"test_start":	{
			"protocol":	"TCP",
			"num_streams":	1,
			"blksize":	131072,
			"omit":	0,
			"duration":	0,
			"bytes":	20971520,
			"blocks":	0,
			"reverse":	0,
			"tos":	0,
			"target_bitrate":	0
		}
	},
	"intervals":	[{
			"streams":	[{
					"socket":	6,
					"start":	0,
					"end":	0.100124,
					"seconds":	0.10012400150299072,
					"bytes":	3414384,
					"bits_per_second":	272812428.488329,
					"retransmits":	16,
					"snd_cwnd":	52128,
					"snd_wnd":	357888,
					"rtt":	1565,
					"rttvar":	338,
					"pmtu":	1500,
					"omitted":	false,
					"sender":	true
				}],
			"sum":	{
				"start":	0,
				"end":	0.100124,
				"seconds":	0.10012400150299072,
				"bytes":	3414384,
				"bits_per_second":	272812428.488329,
				"retransmits":	16,
				"omitted":	false,
				"sender":	true
			}
		}, {
			"streams":	[{
					"socket":	6,
					"start":	0.100124,
					"end":	0.200292,
					"seconds":	0.10016799718141556,
					"bytes":	4985464,
					"bits_per_second":	398168208.632205,
					"retransmits":	15,
					"snd_cwnd":	130320,
					"snd_wnd":	318464,
					"rtt":	1874,
					"rttvar":	262,
					"pmtu":	1500,
					"omitted":	false,
					"sender":	true
				}],
			"sum":	{
				"start":	0.100124,
				"end":	0.200292,
				"seconds":	0.10016799718141556,
				"bytes":	4985464,
				"bits_per_second":	398168208.632205,
				"retransmits":	15,
				"omitted":	false,
				"sender":	true
			}
		}, {
			"streams":	[{
					"socket":	6,
					"start":	0.200292,
					"end":	0.300177,
					"seconds":	0.0998850017786026,
					"bytes":	4365720,
					"bits_per_second":	349659702.438748,
					"retransmits":	48,
					"snd_cwnd":	57920,
					"snd_wnd":	887808,
					"rtt":	1497,
					"rttvar":	294,
					"pmtu":	1500,
					"omitted":	false,
					"sender":	true
				}],
			"sum":	{
				"start":	0.200292,
				"end":	0.300177,
				"seconds":	0.0998850017786026,
				"bytes":	4365720,
				"bits_per_second":	349659702.438748,
				"retransmits":	48,
				"omitted":	false,
				"sender":	true
			}
		}, {
			"streams":	[{
					"socket":	6,
					"start":	0.300177,
					"end":	0.400117,
					"seconds":	0.0999400019645691,
					"bytes":	5522672,
					"bits_per_second":	442078998.7142812,
					"retransmits":	4,
					"snd_cwnd":	70952,
					"snd_wnd":	911360,
					"rtt":	1584,
					"rttvar":	165,
					"pmtu":	1500,
					"omitted":	false,
					"sender":	true
				}],
			"sum":	{
				"start":	0.300177,
				"end":	0.400117,
				"seconds":	0.0999400019645691,
				"bytes":	5522672,
				"bits_per_second":	442078998.7142812,
				"retransmits":	4,
				"omitted":	false,
				"sender":	true
			}
		}, {
			"streams":	[{
					"socket":	6,
					"start":	0.400117,
					"end":	0.444923,
					"seconds":	0.044805999845266342,
					"bytes":	2683280,
					"bits_per_second":	479092980.27344126,
					"retransmits":	0,
					"snd_cwnd":	112944,
					"snd_wnd":	911360,
					"rtt":	1674,
					"rttvar":	228,
					"pmtu":	1500,
					"omitted":	false,
					"sender":	true
				}],
			"sum":	{
				"start":	0.400117,
				"end":	0.444923,
				"seconds":	0.044805999845266342,
				"bytes":	2683280,
				"bits_per_second":	479092980.27344126,
				"retransmits":	0,
				"omitted":	false,
				"sender":	true
			}
		}],
	"end":	{
		"streams":	[{
				"sender":	{
					"socket":	6,
					"start":	0,
					"end":	0.444923,
					"seconds":	0.444923,
					"bytes":	20971520,
					"bits_per_second":	377081337.6696642,
					"retransmits":	83,
					"max_snd_cwnd":	130320,
					"max_snd_wnd":	911360,
					"max_rtt":	1874,
					"min_rtt":	1497,
					"mean_rtt":	1638,
					"sender":	true
				},
				"receiver":	{
					"socket":	6,
					"start":	0,
					"end":	0.446893,
					"seconds":	0.444923,
					"bytes":	20728120,
					"bits_per_second":	371061887.29740679,
					"sender":	true
				}
			}],
		"sum_sent":	{
			"start":	0,
			"end":	0.444923,
			"seconds":	0.444923,
			"bytes":	20971520,
			"bits_per_second":	377081337.6696642,
			"retransmits":	83,
			"sender":	true
		},
		"sum_received":	{
			"start":	0,
			"end":	0.446893,
			"seconds":	0.446893,
			"bytes":	20728120,
			"bits_per_second":	371061887.29740679,
			"sender":	true
		},
		"cpu_utilization_percent":	{
			"host_total":	5.11328106210015,
			"host_user":	0,
			"host_system":	5.1128437679017313,
			"remote_total":	9.72053163877204,
			"remote_user":	0.48174169873802919,
			"remote_system":	9.2381186789582035
		},
		"sender_tcp_congestion":	"dctcp-reno",
		"receiver_tcp_congestion":	"dctcp-reno"
	}
}
