{
	"start":	{
		"connected":	[{
				"socket":	6,
				"local_host":	"10.0.0.3",
				"local_port":	41478,
				"remote_host":	"10.0.0.1",
				"remote_port":	5002
			}],
		"version":	"iperf 3.12",
		"system_info":	"Linux cs244c-vm 6.1.0-43-cloud-amd64 #1 SMP PREEMPT_DYNAMIC Debian 6.1.162-1 (2026-02-08) x86_64",
		"timestamp":	{
			"time":	"Wed, 11 Mar 2026 04:36:28 GMT",
			"timesecs":	1773203788
		},
		"connecting_to":	{
			"host":	"10.0.0.1",
			"port":	5002
		},
		"cookie":	"dy5iww2o7vy6vh4pgbh7kgzgnugmgkqed37m",
		"tcp_mss_default":	1448,
		"target_bitrate":	0,
		"sock_bufsize":	0,
		"sndbuf_actual":	87380,
		"rcvbuf_actual":	87380,
		"test_start":	{
			"protocol":	"TCP",
			"num_streams":	1,
			"blksize":	131072,
			"omit":	0,
			"duration":	0,
			"bytes":	20971520,
			"blocks":	0,
			"reverse":	0,
			"tos":	0,
			"target_bitrate":	0
		}
	},
	"intervals":	[{
			"streams":	[{
					"socket":	6,
					"start":	0,
					"end":	0.100095,
					"seconds":	0.1000949963927269,
					"bytes":	2056160,
					"bits_per_second":	164336686.07630059,
					"retransmits":	9,
					"snd_cwnd":	46336,
					"snd_wnd":	753664,
					"rtt":	1782,
					"rttvar":	156,
					"pmtu":	1500,
					"omitted":	false,
					"sender":	true
				}],
			"sum":	{
				"start":	0,
				"end":	0.100095,
				"seconds":	0.1000949963927269,
				"bytes":	2056160,
				"bits_per_second":	164336686.07630059,
				"retransmits":	9,
				"omitted":	false,
				"sender":	true
			}
		}, {
			"streams":	[{
					"socket":	6,
					"start":	0.100095,
					"end":	0.200109,
					"seconds":	0.10001400113105774,
					"bytes":	3388320,
					"bits_per_second":	271027653.063092,
					"retransmits":	1,
					"snd_cwnd":	66608,
					"snd_wnd":	745984,
					"rtt":	2162,
					"rttvar":	378,
					"pmtu":	1500,
					"omitted":	false,
					"sender":	true
				}],
			"sum":	{
				"start":	0.100095,
				"end":	0.200109,
				"seconds":	0.10001400113105774,
				"bytes":	3388320,
				"bits_per_second":	271027653.063092,
				"retransmits":	1,
				"omitted":	false,
				"sender":	true
			}
		}, {
			"streams":	[{
					"socket":	6,
					"start":	0.200109,
					"end":	0.300122,
					"seconds":	0.10001300275325775,
					"bytes":	4238296,
					"bits_per_second":	339019598.11816126,
					"retransmits":	1,
					"snd_cwnd":	102808,
					"snd_wnd":	753664,
					"rtt":	2144,
					"rttvar":	572,
					"pmtu":	1500,
					"omitted":	false,
					"sender":	true
				}],
			"sum":	{
				"start":	0.200109,
				"end":	0.300122,
				"seconds":	0.10001300275325775,
				"bytes":	4238296,
				"bits_per_second":	339019598.11816126,
				"retransmits":	1,
				"omitted":	false,
				"sender":	true
			}
		}, {
			"streams":	[{
					"socket":	6,
					"start":	0.300122,
					"end":	0.400123,
					"seconds":	0.10000099986791611,
					"bytes":	4496040,
					"bits_per_second":	359679603.679042,
					"retransmits":	0,
					"snd_cwnd":	91224,
					"snd_wnd":	753664,
					"rtt":	2055,
					"rttvar":	238,
					"pmtu":	1500,
					"omitted":	false,
					"sender":	true
				}],
			"sum":	{
				"start":	0.300122,
				"end":	0.400123,
				"seconds":	0.10000099986791611,
				"bytes":	4496040,
				"bits_per_second":	359679603.679042,
				"retransmits":	0,
				"omitted":	false,
				"sender":	true
			}
		}, {
			"streams":	[{
					"socket":	6,
					"start":	0.400123,
					"end":	0.500094,
					"seconds":	0.0999709963798523,
					"bytes":	4170240,
					"bits_per_second":	333715989.71803,
					"retransmits":	0,
					"snd_cwnd":	95568,
					"snd_wnd":	753664,
					"rtt":	1900,
					"rttvar":	280,
					"pmtu":	1500,
					"omitted":	false,
					"sender":	true
				}],
			"sum":	{
				"start":	0.400123,
				"end":	0.500094,
				"seconds":	0.0999709963798523,
				"bytes":	4170240,
				"bits_per_second":	333715989.71803,
				"retransmits":	0,
				"omitted":	false,
				"sender":	true
			}
		}, {
			"streams":	[{
					"socket":	6,
					"start":	0.500094,
					"end":	0.552486,
					"seconds":	0.052391998469829559,
					"bytes":	2622464,
					"bits_per_second":	400437330.36985356,
					"retransmits":	0,
					"snd_cwnd":	111496,
					"snd_wnd":	753664,
					"rtt":	1937,
					"rttvar":	239,
					"pmtu":	1500,
					"omitted":	false,
					"sender":	true
				}],
			"sum":	{
				"start":	0.500094,
				"end":	0.552486,
				"seconds":	0.052391998469829559,
				"bytes":	2622464,
				"bits_per_second":	400437330.36985356,
				"retransmits":	0,
				"omitted":	false,
				"sender":	true
			}
		}],
	"end":	{
		"streams":	[{
				"sender":	{
					"socket":	6,
					"start":	0,
					"end":	0.552486,
					"seconds":	0.552486,
					"bytes":	20971520,
					"bits_per_second":	303667712.84702235,
					"retransmits":	11,
					"max_snd_cwnd":	111496,
					"max_snd_wnd":	753664,
					"max_rtt":	2162,
					"min_rtt":	1782,
					"mean_rtt":	1996,
					"sender":	true
				},
				"receiver":	{
					"socket":	6,
					"start":	0,
					"end":	0.555208,
					"seconds":	0.552486,
					"bytes":	20825136,
					"bits_per_second":	300069681.99305481,
					"sender":	true
				}
			}],
		"sum_sent":	{
			"start":	0,
			"end":	0.552486,
			"seconds":	0.552486,
			"bytes":	20971520,
			"bits_per_second":	303667712.84702235,
			"retransmits":	11,
			"sender":	true
		},
		"sum_received":	{
			"start":	0,
			"end":	0.555208,
			"seconds":	0.555208,
			"bytes":	20825136,
			"bits_per_second":	300069681.99305481,
			"sender":	true
		},
		"cpu_utilization_percent":	{
			"host_total":	3.28174582070237,
			"host_user":	1.2833058554485985,
			"host_system":	1.9986172419294794,
			"remote_total":	5.9230041874915571,
			"remote_user":	1.3778198027826558,
			"remote_system":	4.545184384708902
		},
		"sender_tcp_congestion":	"dctcp",
		"receiver_tcp_congestion":	"dctcp"
	}
}
