{
	"start":	{
		"connected":	[{
				"socket":	6,
				"local_host":	"10.0.0.3",
				"local_port":	55026,
				"remote_host":	"10.0.0.1",
				"remote_port":	5002
			}],
		"version":	"iperf 3.12",
		"system_info":	"Linux cs244c-vm 6.1.0-43-cloud-amd64 #1 SMP PREEMPT_DYNAMIC Debian 6.1.162-1 (2026-02-08) x86_64",
		"timestamp":	{
			"time":	"Fri, 13 Mar 2026 17:58:26 GMT",
			"timesecs":	1773424706
		},
		"connecting_to":	{
			"host":	"10.0.0.1",
			"port":	5002
		},
		"cookie":	"6eeu6tvw6fqgxnmq2kc5erxhss7uvio2fhqy",
		"tcp_mss_default":	1448,
		"target_bitrate":	0,
		"sock_bufsize":	0,
		"sndbuf_actual":	87380,
		"rcvbuf_actual":	87380,
		"test_start":	{
			"protocol":	"TCP",
			"num_streams":	1,
			"blksize":	131072,
			"omit":	0,
			"duration":	0,
			"bytes":	20971520,
			"blocks":	0,
			"reverse":	0,
			"tos":	0,
			"target_bitrate":	0
		}
	},
	"intervals":	[{
			"streams":	[{
					"socket":	6,
					"start":	0,
					"end":	0.10016,
					"seconds":	0.10016000270843506,
					"bytes":	79640,
					"bits_per_second":	6361022.1922083115,
					"retransmits":	0,
					"snd_cwnd":	28960,
					"snd_wnd":	41984,
					"rtt":	72980,
					"rttvar":	8629,
					"pmtu":	1500,
					"omitted":	false,
					"sender":	true
				}],
			"sum":	{
				"start":	0,
				"end":	0.10016,
				"seconds":	0.10016000270843506,
				"bytes":	79640,
				"bits_per_second":	6361022.1922083115,
				"retransmits":	0,
				"omitted":	false,
				"sender":	true
			}
		}, {
			"streams":	[{
					"socket":	6,
					"start":	0.10016,
					"end":	0.200108,
					"seconds":	0.0999479964375496,
					"bytes":	111496,
					"bits_per_second":	8924320.96482622,
					"retransmits":	0,
					"snd_cwnd":	57920,
					"snd_wnd":	42496,
					"rtt":	71718,
					"rttvar":	912,
					"pmtu":	1500,
					"omitted":	false,
					"sender":	true
				}],
			"sum":	{
				"start":	0.10016,
				"end":	0.200108,
				"seconds":	0.0999479964375496,
				"bytes":	111496,
				"bits_per_second":	8924320.96482622,
				"retransmits":	0,
				"omitted":	false,
				"sender":	true
			}
		}, {
			"streams":	[{
					"socket":	6,
					"start":	0.200108,
					"end":	0.300094,
					"seconds":	0.0999860018491745,
					"bytes":	249056,
					"bits_per_second":	19927269.449232906,
					"retransmits":	0,
					"snd_cwnd":	130320,
					"snd_wnd":	178688,
					"rtt":	71760,
					"rttvar":	172,
					"pmtu":	1500,
					"omitted":	false,
					"sender":	true
				}],
			"sum":	{
				"start":	0.200108,
				"end":	0.300094,
				"seconds":	0.0999860018491745,
				"bytes":	249056,
				"bits_per_second":	19927269.449232906,
				"retransmits":	0,
				"omitted":	false,
				"sender":	true
			}
		}, {
			"streams":	[{
					"socket":	6,
					"start":	0.300094,
					"end":	0.400116,
					"seconds":	0.10002200305461884,
					"bytes":	847080,
					"bits_per_second":	67751492.6020777,
					"retransmits":	0,
					"snd_cwnd":	364896,
					"snd_wnd":	562688,
					"rtt":	73789,
					"rttvar":	184,
					"pmtu":	1500,
					"omitted":	false,
					"sender":	true
				}],
			"sum":	{
				"start":	0.300094,
				"end":	0.400116,
				"seconds":	0.10002200305461884,
				"bytes":	847080,
				"bits_per_second":	67751492.6020777,
				"retransmits":	0,
				"omitted":	false,
				"sender":	true
			}
		}, {
			"streams":	[{
					"socket":	6,
					"start":	0.400116,
					"end":	0.500069,
					"seconds":	0.099953003227710724,
					"bytes":	1172880,
					"bits_per_second":	93874517.993459046,
					"retransmits":	0,
					"snd_cwnd":	810880,
					"snd_wnd":	1309184,
					"rtt":	74614,
					"rttvar":	206,
					"pmtu":	1500,
					"omitted":	false,
					"sender":	true
				}],
			"sum":	{
				"start":	0.400116,
				"end":	0.500069,
				"seconds":	0.099953003227710724,
				"bytes":	1172880,
				"bits_per_second":	93874517.993459046,
				"retransmits":	0,
				"omitted":	false,
				"sender":	true
			}
		}, {
			"streams":	[{
					"socket":	6,
					"start":	0.500069,
					"end":	0.600089,
					"seconds":	0.10001999884843826,
					"bytes":	3438088,
					"bits_per_second":	274992044.75775164,
					"retransmits":	0,
					"snd_cwnd":	1914256,
					"snd_wnd":	3092480,
					"rtt":	79553,
					"rttvar":	817,
					"pmtu":	1500,
					"omitted":	false,
					"sender":	true
				}],
			"sum":	{
				"start":	0.500069,
				"end":	0.600089,
				"seconds":	0.10001999884843826,
				"bytes":	3438088,
				"bits_per_second":	274992044.75775164,
				"retransmits":	0,
				"omitted":	false,
				"sender":	true
			}
		}, {
			"streams":	[{
					"socket":	6,
					"start":	0.600089,
					"end":	0.700111,
					"seconds":	0.10002200305461884,
					"bytes":	6553600,
					"bits_per_second":	524172666.0020026,
					"retransmits":	0,
					"snd_cwnd":	3533120,
					"snd_wnd":	6994432,
					"rtt":	89276,
					"rttvar":	1155,
					"pmtu":	1500,
					"omitted":	false,
					"sender":	true
				}],
			"sum":	{
				"start":	0.600089,
				"end":	0.700111,
				"seconds":	0.10002200305461884,
				"bytes":	6553600,
				"bits_per_second":	524172666.0020026,
				"retransmits":	0,
				"omitted":	false,
				"sender":	true
			}
		}, {
			"streams":	[{
					"socket":	6,
					"start":	0.700111,
					"end":	0.800141,
					"seconds":	0.10002999752759933,
					"bytes":	3932160,
					"bits_per_second":	314478464.23589689,
					"retransmits":	0,
					"snd_cwnd":	3708328,
					"snd_wnd":	8365056,
					"rtt":	101754,
					"rttvar":	404,
					"pmtu":	1500,
					"omitted":	false,
					"sender":	true
				}],
			"sum":	{
				"start":	0.700111,
				"end":	0.800141,
				"seconds":	0.10002999752759933,
				"bytes":	3932160,
				"bits_per_second":	314478464.23589689,
				"retransmits":	0,
				"omitted":	false,
				"sender":	true
			}
		}, {
			"streams":	[{
					"socket":	6,
					"start":	0.800141,
					"end":	0.900091,
					"seconds":	0.099950000643730164,
					"bytes":	3932160,
					"bits_per_second":	314730163.05551475,
					"retransmits":	0,
					"snd_cwnd":	3883536,
					"snd_wnd":	8367104,
					"rtt":	103526,
					"rttvar":	170,
					"pmtu":	1500,
					"omitted":	false,
					"sender":	true
				}],
			"sum":	{
				"start":	0.800141,
				"end":	0.900091,
				"seconds":	0.099950000643730164,
				"bytes":	3932160,
				"bits_per_second":	314730163.05551475,
				"retransmits":	0,
				"omitted":	false,
				"sender":	true
			}
		}, {
			"streams":	[{
					"socket":	6,
					"start":	0.900091,
					"end":	1.000106,
					"seconds":	0.10001499950885773,
					"bytes":	0,
					"bits_per_second":	0,
					"retransmits":	343,
					"snd_cwnd":	2738168,
					"snd_wnd":	8380928,
					"rtt":	91398,
					"rttvar":	136,
					"pmtu":	1500,
					"omitted":	false,
					"sender":	true
				}],
			"sum":	{
				"start":	0.900091,
				"end":	1.000106,
				"seconds":	0.10001499950885773,
				"bytes":	0,
				"bits_per_second":	0,
				"retransmits":	343,
				"omitted":	false,
				"sender":	true
			}
		}, {
			"streams":	[{
					"socket":	6,
					"start":	1.000106,
					"end":	1.007773,
					"seconds":	0.00766699993982911,
					"bytes":	655360,
					"bits_per_second":	683824186.924,
					"retransmits":	0,
					"snd_cwnd":	2738168,
					"snd_wnd":	7796224,
					"rtt":	89456,
					"rttvar":	438,
					"pmtu":	1500,
					"omitted":	false,
					"sender":	true
				}],
			"sum":	{
				"start":	1.000106,
				"end":	1.007773,
				"seconds":	0.00766699993982911,
				"bytes":	655360,
				"bits_per_second":	683824186.924,
				"retransmits":	0,
				"omitted":	false,
				"sender":	true
			}
		}],
	"end":	{
		"streams":	[{
				"sender":	{
					"socket":	6,
					"start":	0,
					"end":	1.007773,
					"seconds":	1.007773,
					"bytes":	20971520,
					"bits_per_second":	166478125.53025335,
					"retransmits":	343,
					"max_snd_cwnd":	3883536,
					"max_snd_wnd":	8380928,
					"max_rtt":	103526,
					"min_rtt":	71718,
					"mean_rtt":	83620,
					"sender":	true
				},
				"receiver":	{
					"socket":	6,
					"start":	0,
					"end":	1.036705,
					"seconds":	1.007773,
					"bytes":	13392552,
					"bits_per_second":	103347062.08612865,
					"sender":	true
				}
			}],
		"sum_sent":	{
			"start":	0,
			"end":	1.007773,