{
	"start":	{
		"connected":	[{
				"socket":	6,
				"local_host":	"10.0.0.5",
				"local_port":	58100,
				"remote_host":	"10.0.0.1",
				"remote_port":	5004
			}],
		"version":	"iperf 3.12",
		"system_info":	"Linux cs244c-vm 6.1.0-43-cloud-amd64 #1 SMP PREEMPT_DYNAMIC Debian 6.1.162-1 (2026-02-08) x86_64",
		"timestamp":	{
			"time":	"Fri, 13 Mar 2026 17:58:30 GMT",
			"timesecs":	1773424710
		},
		"connecting_to":	{
			"host":	"10.0.0.1",
			"port":	5004
		},
		"cookie":	"q3wooainunfyxohzumolv76wum5ugtxzb3ot",
		"tcp_mss_default":	1448,
		"target_bitrate":	0,
		"sock_bufsize":	0,
		"sndbuf_actual":	87380,
		"rcvbuf_actual":	87380,
		"test_start":	{
			"protocol":	"TCP",
			"num_streams":	1,
			"blksize":	131072,
			"omit":	0,
			"duration":	0,
			"bytes":	20971520,
			"blocks":	0,
			"reverse":	0,
			"tos":	0,
			"target_bitrate":	0
		}
	},
	"intervals":	[{
			"streams":	[{
					"socket":	6,
					"start":	0,
					"end":	0.100197,
					"seconds":	0.10019700229167938,
					"bytes":	79640,
					"bits_per_second":	6358673.26794175,
					"retransmits":	0,
					"snd_cwnd":	28960,
					"snd_wnd":	39936,
					"rtt":	63975,
					"rttvar":	7362,
					"pmtu":	1500,
					"omitted":	false,
					"sender":	true
				}],
			"sum":	{
				"start":	0,
				"end":	0.100197,
				"seconds":	0.10019700229167938,
				"bytes":	79640,
				"bits_per_second":	6358673.26794175,
				"retransmits":	0,
				"omitted":	false,
				"sender":	true
			}
		}, {
			"streams":	[{
					"socket":	6,
					"start":	0.100197,
					"end":	0.200108,
					"seconds":	0.099910996854305267,
					"bytes":	144800,
					"bits_per_second":	11594319.30890682,
					"retransmits":	0,
					"snd_cwnd":	72400,
					"snd_wnd":	92160,
					"rtt":	63289,
					"rttvar":	297,
					"pmtu":	1500,
					"omitted":	false,
					"sender":	true
				}],
			"sum":	{
				"start":	0.100197,
				"end":	0.200108,
				"seconds":	0.099910996854305267,
				"bytes":	144800,
				"bits_per_second":	11594319.30890682,
				"retransmits":	0,
				"omitted":	false,
				"sender":	true
			}
		}, {
			"streams":	[{
					"socket":	6,
					"start":	0.200108,
					"end":	0.300143,
					"seconds":	0.10003499686717987,
					"bytes":	612504,
					"bits_per_second":	48983177.42245698,
					"retransmits":	0,
					"snd_cwnd":	231680,
					"snd_wnd":	410624,
					"rtt":	64251,
					"rttvar":	485,
					"pmtu":	1500,
					"omitted":	false,
					"sender":	true
				}],
			"sum":	{
				"start":	0.200108,
				"end":	0.300143,
				"seconds":	0.10003499686717987,
				"bytes":	612504,
				"bits_per_second":	48983177.42245698,
				"retransmits":	0,
				"omitted":	false,
				"sender":	true
			}
		}, {
			"streams":	[{
					"socket":	6,
					"start":	0.300143,
					"end":	0.400143,
					"seconds":	0.10000000149011612,
					"bytes":	1563840,
					"bits_per_second":	125107198.13575748,
					"retransmits":	0,
					"snd_cwnd":	608160,
					"snd_wnd":	1048576,
					"rtt":	66354,
					"rttvar":	357,
					"pmtu":	1500,
					"omitted":	false,
					"sender":	true
				}],
			"sum":	{
				"start":	0.300143,
				"end":	0.400143,
				"seconds":	0.10000000149011612,
				"bytes":	1563840,
				"bits_per_second":	125107198.13575748,
				"retransmits":	0,
				"omitted":	false,
				"sender":	true
			}
		}, {
			"streams":	[{
					"socket":	6,
					"start":	0.400143,
					"end":	0.500176,
					"seconds":	0.1000330001115799,
					"bytes":	3366384,
					"bits_per_second":	269221876.480364,
					"retransmits":	0,
					"snd_cwnd":	1828824,
					"snd_wnd":	3044352,
					"rtt":	70448,
					"rttvar":	619,
					"pmtu":	1500,
					"omitted":	false,
					"sender":	true
				}],
			"sum":	{
				"start":	0.400143,
				"end":	0.500176,
				"seconds":	0.1000330001115799,
				"bytes":	3366384,
				"bits_per_second":	269221876.480364,
				"retransmits":	0,
				"omitted":	false,
				"sender":	true
			}
		}, {
			"streams":	[{
					"socket":	6,
					"start":	0.500176,
					"end":	0.600146,
					"seconds":	0.0999699980020523,
					"bytes":	2621440,
					"bits_per_second":	209778137.63254723,
					"retransmits":	0,
					"snd_cwnd":	2072088,
					"snd_wnd":	5659136,
					"rtt":	78665,
					"rttvar":	1211,
					"pmtu":	1500,
					"omitted":	false,
					"sender":	true
				}],
			"sum":	{
				"start":	0.500176,
				"end":	0.600146,
				"seconds":	0.0999699980020523,
				"bytes":	2621440,
				"bits_per_second":	209778137.63254723,
				"retransmits":	0,
				"omitted":	false,
				"sender":	true
			}
		}, {
			"streams":	[{
					"socket":	6,
					"start":	0.600146,
					"end":	0.700182,
					"seconds":	0.10003600269556046,
					"bytes":	2621440,
					"bits_per_second":	209639724.0483771,
					"retransmits":	0,
					"snd_cwnd":	2202408,
					"snd_wnd":	8373248,
					"rtt":	81996,
					"rttvar":	173,
					"pmtu":	1500,
					"omitted":	false,
					"sender":	true
				}],
			"sum":	{
				"start":	0.600146,
				"end":	0.700182,
				"seconds":	0.10003600269556046,
				"bytes":	2621440,
				"bits_per_second":	209639724.0483771,
				"retransmits":	0,
				"omitted":	false,
				"sender":	true
			}
		}, {
			"streams":	[{
					"socket":	6,
					"start":	0.700182,
					"end":	0.800104,
					"seconds":	0.099922001361846924,
					"bytes":	3932160,
					"bits_per_second":	314818354.0287984,
					"retransmits":	0,
					"snd_cwnd":	2338520,
					"snd_wnd":	8382464,
					"rtt":	83330,
					"rttvar":	118,
					"pmtu":	1500,
					"omitted":	false,
					"sender":	true
				}],
			"sum":	{
				"start":	0.700182,
				"end":	0.800104,
				"seconds":	0.099922001361846924,
				"bytes":	3932160,
				"bits_per_second":	314818354.0287984,
				"retransmits":	0,
				"omitted":	false,
				"sender":	true
			}
		}, {
			"streams":	[{
					"socket":	6,
					"start":	0.800104,
					"end":	0.900062,
					"seconds":	0.09995800256729126,
					"bytes":	2621440,
					"bits_per_second":	209803312.00477991,
					"retransmits":	0,
					"snd_cwnd":	2480424,
					"snd_wnd":	8380416,
					"rtt":	84183,
					"rttvar":	157,
					"pmtu":	1500,
					"omitted":	false,
					"sender":	true
				}],
			"sum":	{
				"start":	0.800104,
				"end":	0.900062,
				"seconds":	0.09995800256729126,
				"bytes":	2621440,
				"bits_per_second":	209803312.00477991,
				"retransmits":	0,
				"omitted":	false,
				"sender":	true
			}
		}, {
			"streams":	[{
					"socket":	6,
					"start":	0.900062,
					"end":	0.999933,
					"seconds":	0.099871002137661,
					"bytes":	3407872,
					"bits_per_second":	272981900.81662589,
					"retransmits":	0,
					"snd_cwnd":	2629568,
					"snd_wnd":	8370688,
					"rtt":	86197,
					"rttvar":	264,
					"pmtu":	1500,
					"omitted":	false,
					"sender":	true
				}],
			"sum":	{
				"start":	0.900062,
				"end":	0.999933,
				"seconds":	0.099871002137661,
				"bytes":	3407872,
				"bits_per_second":	272981900.81662589,
				"retransmits":	0,
				"omitted":	false,
				"sender":	true
			}
		}],
	"end":	{
		"streams":	[{
				"sender":	{
					"socket":	6,
					"start":	0,
					"end":	0.999933,
					"seconds":	0.999933,
					"bytes":	20971520,
					"bits_per_second":	167783401.48789969,
					"retransmits":	0,
					"max_snd_cwnd":	2629568,
					"max_snd_wnd":	8382464,
					"max_rtt":	86197,
					"min_rtt":	63289,
					"mean_rtt":	74268,
					"sender":	true
				},
				"receiver":	{
					"socket":	6,
					"start":	0,
					"end":	1.085842,
					"seconds":	0.999933,
					"bytes":	17422336,
					"bits_per_second":	128360008.17798539,
					"sender":	true
				}
			}],
		"sum_sent":	{
			"start":	0,
			"end":	0.999933,
			"seconds":	0.999933,
			"bytes":	20971520,
			"bits_per_second":	167783401.48789969,
			"retransmits":	0,
			"sender":	true
		},
		"sum_received":	{
			"start":	0,
			"end":	1.085842,
			"seconds":	1.085842,
			"bytes":	17422336,
			"bits_per_second":	128360008.17798539,
			"sender":	true
		},
		"cpu_utilization_percent":	{
			"host_total":	5.7680604816872849,
			"host_user":	0.95469695749165939,
			"host_system":	4.8133635241956263,
			"remote_total":	2.25483036511031,
			"remote_user":	0.483105578736724,