{
	"start":	{
		"connected":	[{
				"socket":	6,
				"local_host":	"10.0.0.4",
				"local_port":	40960,
				"remote_host":	"10.0.0.1",
				"remote_port":	5003
			}],
		"version":	"iperf 3.12",
		"system_info":	"Linux cs244c-vm 6.1.0-43-cloud-amd64 #1 SMP PREEMPT_DYNAMIC Debian 6.1.162-1 (2026-02-08) x86_64",
		"timestamp":	{
			"time":	"Fri, 13 Mar 2026 17:58:28 GMT",
			"timesecs":	1773424708
		},
		"connecting_to":	{
			"host":	"10.0.0.1",
			"port":	5003
		},
		"cookie":	"6cbfqpogjnxluuvik25nnbxjlim6u276yqqv",
		"tcp_mss_default":	1448,
		"target_bitrate":	0,
		"sock_bufsize":	0,
		"sndbuf_actual":	87380,
		"rcvbuf_actual":	87380,
		"test_start":	{
			"protocol":	"TCP",
			"num_streams":	1,
			"blksize":	131072,
			"omit":	0,
			"duration":	0,
			"bytes":	20971520,
			"blocks":	0,
			"reverse":	0,
			"tos":	0,
			"target_bitrate":	0
		}
	},
	"intervals":	[{
			"streams":	[{
					"socket":	6,
					"start":	0,
					"end":	0.100197,
					"seconds":	0.10019700229167938,
					"bytes":	79640,
					"bits_per_second":	6358673.26794175,
					"retransmits":	0,
					"snd_cwnd":	28960,
					"snd_wnd":	33280,
					"rtt":	57274,
					"rttvar":	6542,
					"pmtu":	1500,
					"omitted":	false,
					"sender":	true
				}],
			"sum":	{
				"start":	0,
				"end":	0.100197,
				"seconds":	0.10019700229167938,
				"bytes":	79640,
				"bits_per_second":	6358673.26794175,
				"retransmits":	0,
				"omitted":	false,
				"sender":	true
			}
		}, {
			"streams":	[{
					"socket":	6,
					"start":	0.100197,
					"end":	0.200158,
					"seconds":	0.099960997700691223,
					"bytes":	306976,
					"bits_per_second":	24567661.9530481,
					"retransmits":	0,
					"snd_cwnd":	107152,
					"snd_wnd":	173568,
					"rtt":	57083,
					"rttvar":	154,
					"pmtu":	1500,
					"omitted":	false,
					"sender":	true
				}],
			"sum":	{
				"start":	0.100197,
				"end":	0.200158,
				"seconds":	0.099960997700691223,
				"bytes":	306976,
				"bits_per_second":	24567661.9530481,
				"retransmits":	0,
				"omitted":	false,
				"sender":	true
			}
		}, {
			"streams":	[{
					"socket":	6,
					"start":	0.200158,
					"end":	0.300142,
					"seconds":	0.099983997642993927,
					"bytes":	781920,
					"bits_per_second":	62563611.652492523,
					"retransmits":	0,
					"snd_cwnd":	314216,
					"snd_wnd":	572928,
					"rtt":	58003,
					"rttvar":	152,
					"pmtu":	1500,
					"omitted":	false,
					"sender":	true
				}],
			"sum":	{
				"start":	0.200158,
				"end":	0.300142,
				"seconds":	0.099983997642993927,
				"bytes":	781920,
				"bits_per_second":	62563611.652492523,
				"retransmits":	0,
				"omitted":	false,
				"sender":	true
			}
		}, {
			"streams":	[{
					"socket":	6,
					"start":	0.300142,
					"end":	0.400147,
					"seconds":	0.10000500082969666,
					"bytes":	1954800,
					"bits_per_second":	156376179.8935574,
					"retransmits":	0,
					"snd_cwnd":	926720,
					"snd_wnd":	1559552,
					"rtt":	60738,
					"rttvar":	506,
					"pmtu":	1500,
					"omitted":	false,
					"sender":	true
				}],
			"sum":	{
				"start":	0.300142,
				"end":	0.400147,
				"seconds":	0.10000500082969666,
				"bytes":	1954800,
				"bits_per_second":	156376179.8935574,
				"retransmits":	0,
				"omitted":	false,
				"sender":	true
			}
		}, {
			"streams":	[{
					"socket":	6,
					"start":	0.400147,
					"end":	0.50011,
					"seconds":	0.0999630019068718,
					"bytes":	5003128,
					"bits_per_second":	400398379.76542944,
					"retransmits":	0,
					"snd_cwnd":	2067744,
					"snd_wnd":	4745728,
					"rtt":	68124,
					"rttvar":	1038,
					"pmtu":	1500,
					"omitted":	false,
					"sender":	true
				}],
			"sum":	{
				"start":	0.400147,
				"end":	0.50011,
				"seconds":	0.0999630019068718,
				"bytes":	5003128,
				"bits_per_second":	400398379.76542944,
				"retransmits":	0,
				"omitted":	false,
				"sender":	true
			}
		}, {
			"streams":	[{
					"socket":	6,
					"start":	0.50011,
					"end":	0.600107,
					"seconds":	0.099996998906135559,
					"bytes":	2621440,
					"bits_per_second":	209721493.938887,
					"retransmits":	0,
					"snd_cwnd":	2213992,
					"snd_wnd":	8372224,
					"rtt":	75161,
					"rttvar":	139,
					"pmtu":	1500,
					"omitted":	false,
					"sender":	true
				}],
			"sum":	{
				"start":	0.50011,
				"end":	0.600107,
				"seconds":	0.099996998906135559,
				"bytes":	2621440,
				"bits_per_second":	209721493.938887,
				"retransmits":	0,
				"omitted":	false,
				"sender":	true
			}
		}, {
			"streams":	[{
					"socket":	6,
					"start":	0.600107,
					"end":	0.70012,
					"seconds":	0.10001300275325775,
					"bytes":	2621440,
					"bits_per_second":	209687934.79522729,
					"retransmits":	0,
					"snd_cwnd":	2337072,
					"snd_wnd":	8371712,
					"rtt":	76582,
					"rttvar":	369,
					"pmtu":	1500,
					"omitted":	false,
					"sender":	true
				}],
			"sum":	{
				"start":	0.600107,
				"end":	0.70012,
				"seconds":	0.10001300275325775,
				"bytes":	2621440,
				"bits_per_second":	209687934.79522729,
				"retransmits":	0,
				"omitted":	false,
				"sender":	true
			}
		}, {
			"streams":	[{
					"socket":	6,
					"start":	0.70012,
					"end":	0.80012,
					"seconds":	0.10000000149011612,
					"bytes":	3932160,
					"bits_per_second":	314572795.3125,
					"retransmits":	0,
					"snd_cwnd":	2492008,
					"snd_wnd":	8370688,
					"rtt":	78258,
					"rttvar":	84,
					"pmtu":	1500,
					"omitted":	false,
					"sender":	true
				}],
			"sum":	{
				"start":	0.70012,
				"end":	0.80012,
				"seconds":	0.10000000149011612,
				"bytes":	3932160,
				"bits_per_second":	314572795.3125,
				"retransmits":	0,
				"omitted":	false,
				"sender":	true
			}
		}, {
			"streams":	[{
					"socket":	6,
					"start":	0.80012,
					"end":	0.900348,
					"seconds":	0.10022799670696259,
					"bytes":	3670016,
					"bits_per_second":	292933401.491007,
					"retransmits":	0,
					"snd_cwnd":	2652736,
					"snd_wnd":	8369152,
					"rtt":	80966,
					"rttvar":	156,
					"pmtu":	1500,
					"omitted":	false,
					"sender":	true
				}],
			"sum":	{
				"start":	0.80012,
				"end":	0.900348,
				"seconds":	0.10022799670696259,
				"bytes":	3670016,
				"bits_per_second":	292933401.491007,
				"retransmits":	0,
				"omitted":	false,
				"sender":	true
			}
		}],
	"end":	{
		"streams":	[{
				"sender":	{
					"socket":	6,
					"start":	0,
					"end":	0.900396,
					"seconds":	0.900396,
					"bytes":	20971520,
					"bits_per_second":	186331525.24000552,
					"retransmits":	0,
					"max_snd_cwnd":	2652736,
					"max_snd_wnd":	8372224,
					"max_rtt":	80966,
					"min_rtt":	57083,
					"mean_rtt":	69315,
					"sender":	true
				},
				"receiver":	{
					"socket":	6,
					"start":	0,
					"end":	0.98208,
					"seconds":	0.900396,
					"bytes":	17105224,
					"bits_per_second":	139338742.26132292,
					"sender":	true
				}
			}],
		"sum_sent":	{
			"start":	0,
			"end":	0.900396,
			"seconds":	0.900396,
			"bytes":	20971520,
			"bits_per_second":	186331525.24000552,
			"retransmits":	0,
			"sender":	true
		},
		"sum_received":	{
			"start":	0,
			"end":	0.98208,
			"seconds":	0.98208,
			"bytes":	17105224,
			"bits_per_second":	139338742.26132292,
			"sender":	true
		},
		"cpu_utilization_percent":	{
			"host_total":	5.7086905736450886,
			"host_user":	1.8758165123293917,
			"host_system":	3.8328740613156969,
			"remote_total":	2.2600664905126284,
			"remote_user":	0.70217239676406051,
			"remote_system":	1.5577922706051859
		},
		"sender_tcp_congestion":	"cubic",
		"receiver_tcp_congestion":	"cubic"
	}
}
