{
	"start":	{
		"connected":	[{
				"socket":	6,
				"local_host":	"10.0.0.5",
				"local_port":	46956,
				"remote_host":	"10.0.0.1",
				"remote_port":	5004
			}],
		"version":	"iperf 3.12",
		"system_info":	"Linux cs244c-vm 6.1.0-43-cloud-amd64 #1 SMP PREEMPT_DYNAMIC Debian 6.1.162-1 (2026-02-08) x86_64",
		"timestamp":	{
			"time":	"Mon, 09 Mar 2026 01:28:06 GMT",
			"timesecs":	1773019686
		},
		"connecting_to":	{
			"host":	"10.0.0.1",
			"port":	5004
		},
		"cookie":	"pfpxyvem66igcjawrccwa3viht72ohwlvq6n",
		"tcp_mss_default":	1448,
		"target_bitrate":	0,
		"sock_bufsize":	0,
		"sndbuf_actual":	87380,
		"rcvbuf_actual":	87380,
		"test_start":	{
			"protocol":	"TCP",
			"num_streams":	1,
			"blksize":	131072,
			"omit":	0,
			"duration":	0,
			"bytes":	20971520,
			"blocks":	0,
			"reverse":	0,
			"tos":	0,
			"target_bitrate":	0
		}
	},
	"intervals":	[{
			"streams":	[{
					"socket":	6,
					"start":	0,
					"end":	0.100079,
					"seconds":	0.1000789999961853,
					"bytes":	1634792,
					"bits_per_second":	130680122.70804569,
					"retransmits":	0,
					"snd_cwnd":	10136,
					"snd_wnd":	706048,
					"rtt":	454,
					"rttvar":	40,
					"pmtu":	1500,
					"omitted":	false,
					"sender":	true
				}],
			"sum":	{
				"start":	0,
				"end":	0.100079,
				"seconds":	0.1000789999961853,
				"bytes":	1634792,
				"bits_per_second":	130680122.70804569,
				"retransmits":	0,
				"omitted":	false,
				"sender":	true
			}
		}, {
			"streams":	[{
					"socket":	6,
					"start":	0.100079,
					"end":	0.200088,
					"seconds":	0.1000090017914772,
					"bytes":	1631896,
					"bits_per_second":	130539929.06779082,
					"retransmits":	0,
					"snd_cwnd":	7240,
					"snd_wnd":	709120,
					"rtt":	484,
					"rttvar":	25,
					"pmtu":	1500,
					"omitted":	false,
					"sender":	true
				}],
			"sum":	{
				"start":	0.100079,
				"end":	0.200088,
				"seconds":	0.1000090017914772,
				"bytes":	1631896,
				"bits_per_second":	130539929.06779082,
				"retransmits":	0,
				"omitted":	false,
				"sender":	true
			}
		}, {
			"streams":	[{
					"socket":	6,
					"start":	0.200088,
					"end":	0.300385,
					"seconds":	0.1002969965338707,
					"bytes":	1836064,
					"bits_per_second":	146450168.0769636,
					"retransmits":	0,
					"snd_cwnd":	11584,
					"snd_wnd":	708608,
					"rtt":	481,
					"rttvar":	116,
					"pmtu":	1500,
					"omitted":	false,
					"sender":	true
				}],
			"sum":	{
				"start":	0.200088,
				"end":	0.300385,
				"seconds":	0.1002969965338707,
				"bytes":	1836064,
				"bits_per_second":	146450168.0769636,
				"retransmits":	0,
				"omitted":	false,
				"sender":	true
			}
		}, {
			"streams":	[{
					"socket":	6,
					"start":	0.300385,
					"end":	0.40009,
					"seconds":	0.0997050032019615,
					"bytes":	2489112,
					"bits_per_second":	199718122.0651949,
					"retransmits":	0,
					"snd_cwnd":	13032,
					"snd_wnd":	707072,
					"rtt":	530,
					"rttvar":	65,
					"pmtu":	1500,
					"omitted":	false,
					"sender":	true
				}],
			"sum":	{
				"start":	0.300385,
				"end":	0.40009,
				"seconds":	0.0997050032019615,
				"bytes":	2489112,
				"bits_per_second":	199718122.0651949,
				"retransmits":	0,
				"omitted":	false,
				"sender":	true
			}
		}, {
			"streams":	[{
					"socket":	6,
					"start":	0.40009,
					"end":	0.500054,
					"seconds":	0.0999640002846718,
					"bytes":	2253088,
					"bits_per_second":	180311951.7893469,
					"retransmits":	0,
					"snd_cwnd":	13032,
					"snd_wnd":	707584,
					"rtt":	442,
					"rttvar":	52,
					"pmtu":	1500,
					"omitted":	false,
					"sender":	true
				}],
			"sum":	{
				"start":	0.40009,
				"end":	0.500054,
				"seconds":	0.0999640002846718,
				"bytes":	2253088,
				"bits_per_second":	180311951.7893469,
				"retransmits":	0,
				"omitted":	false,
				"sender":	true
			}
		}, {
			"streams":	[{
					"socket":	6,
					"start":	0.500054,
					"end":	0.600083,
					"seconds":	0.10002899914979935,
					"bytes":	1741944,
					"bits_per_second":	139315119.79971614,
					"retransmits":	0,
					"snd_cwnd":	4344,
					"snd_wnd":	710144,
					"rtt":	410,
					"rttvar":	24,
					"pmtu":	1500,
					"omitted":	false,
					"sender":	true
				}],
			"sum":	{
				"start":	0.500054,
				"end":	0.600083,
				"seconds":	0.10002899914979935,
				"bytes":	1741944,
				"bits_per_second":	139315119.79971614,
				"retransmits":	0,
				"omitted":	false,
				"sender":	true
			}
		}, {
			"streams":	[{
					"socket":	6,
					"start":	0.600083,
					"end":	0.700093,
					"seconds":	0.10001000016927719,
					"bytes":	1734704,
					"bits_per_second":	138762443.52075475,
					"retransmits":	0,
					"snd_cwnd":	13032,
					"snd_wnd":	707072,
					"rtt":	455,
					"rttvar":	74,
					"pmtu":	1500,
					"omitted":	false,
					"sender":	true
				}],
			"sum":	{
				"start":	0.600083,
				"end":	0.700093,
				"seconds":	0.10001000016927719,
				"bytes":	1734704,
				"bits_per_second":	138762443.52075475,
				"retransmits":	0,
				"omitted":	false,
				"sender":	true
			}
		}, {
			"streams":	[{
					"socket":	6,
					"start":	0.700093,
					"end":	0.800074,
					"seconds":	0.099981002509593964,
					"bytes":	1880952,
					"bits_per_second":	150504752.12584573,
					"retransmits":	0,
					"snd_cwnd":	10136,
					"snd_wnd":	708608,
					"rtt":	424,
					"rttvar":	21,
					"pmtu":	1500,
					"omitted":	false,
					"sender":	true
				}],
			"sum":	{
				"start":	0.700093,
				"end":	0.800074,
				"seconds":	0.099981002509593964,
				"bytes":	1880952,
				"bits_per_second":	150504752.12584573,
				"retransmits":	0,
				"omitted":	false,
				"sender":	true
			}
		}, {
			"streams":	[{
					"socket":	6,
					"start":	0.800074,
					"end":	0.900725,
					"seconds":	0.10065100342035294,
					"bytes":	2493456,
					"bits_per_second":	198186280.53504658,
					"retransmits":	0,
					"snd_cwnd":	8688,
					"snd_wnd":	701952,
					"rtt":	444,
					"rttvar":	106,
					"pmtu":	1500,
					"omitted":	false,
					"sender":	true
				}],
			"sum":	{
				"start":	0.800074,
				"end":	0.900725,
				"seconds":	0.10065100342035294,
				"bytes":	2493456,
				"bits_per_second":	198186280.53504658,
				"retransmits":	0,
				"omitted":	false,
				"sender":	true
			}
		}, {
			"streams":	[{
					"socket":	6,
					"start":	0.900725,
					"end":	1.000164,
					"seconds":	0.099439002573490143,
					"bytes":	2434088,
					"bits_per_second":	195825616.66996557,
					"retransmits":	0,
					"snd_cwnd":	26064,
					"snd_wnd":	705024,
					"rtt":	392,
					"rttvar":	23,
					"pmtu":	1500,
					"omitted":	false,
					"sender":	true
				}],
			"sum":	{
				"start":	0.900725,
				"end":	1.000164,
				"seconds":	0.099439002573490143,
				"bytes":	2434088,
				"bits_per_second":	195825616.66996557,
				"retransmits":	0,
				"omitted":	false,
				"sender":	true
			}
		}, {
			"streams":	[{
					"socket":	6,
					"start":	1.000164,
					"end":	1.012881,
					"seconds":	0.012717000208795071,
					"bytes":	841424,
					"bits_per_second":	529322315.75686949,
					"retransmits":	0,
					"snd_cwnd":	23168,
					"snd_wnd":	705024,
					"rtt":	422,
					"rttvar":	46,
					"pmtu":	1500,
					"omitted":	false,
					"sender":	true
				}],
			"sum":	{
				"start":	1.000164,
				"end":	1.012881,
				"seconds":	0.012717000208795071,
				"bytes":	841424,
				"bits_per_second":	529322315.75686949,
				"retransmits":	0,
				"omitted":	false,
				"sender":	true
			}
		}],
	"end":	{
		"streams":	[{
				"sender":	{
					"socket":	6,
					"start":	0,
					"end":	1.012881,
					"seconds":	1.012881,
					"bytes":	20971520,
					"bits_per_second":	165638569.5851734,
					"retransmits":	0,
					"max_snd_cwnd":	26064,
					"max_snd_wnd":	710144,
					"max_rtt":	530,
					"min_rtt":	392,
					"mean_rtt":	448,
					"sender":	true
				},
				"receiver":	{
					"socket":	6,
					"start":	0,
					"end":	1.019839,
					"seconds":	1.012881,
					"bytes":	20885952,
					"bits_per_second":	163837248.82064718,
					"sender":	true
				}
			}],
		"sum_sent":	{
			"start":	0,
			"end":	1.012881,