{
	"start":	{
		"connected":	[{
				"socket":	6,
				"local_host":	"10.0.0.4",
				"local_port":	45398,
				"remote_host":	"10.0.0.1",
				"remote_port":	5003
			}],
		"version":	"iperf 3.12",
		"system_info":	"Linux cs244c-vm 6.1.0-43-cloud-amd64 #1 SMP PREEMPT_DYNAMIC Debian 6.1.162-1 (2026-02-08) x86_64",
		"timestamp":	{
			"time":	"Mon, 09 Mar 2026 01:28:06 GMT",
			"timesecs":	1773019686
		},
		"connecting_to":	{
			"host":	"10.0.0.1",
			"port":	5003
		},
		"cookie":	"4mm7hwhgfubcspvb7rr4xbzpfdvvsgt24mmi",
		"tcp_mss_default":	1448,
		"target_bitrate":	0,
		"sock_bufsize":	0,
		"sndbuf_actual":	87380,
		"rcvbuf_actual":	87380,
		"test_start":	{
			"protocol":	"TCP",
			"num_streams":	1,
			"blksize":	131072,
			"omit":	0,
			"duration":	0,
			"bytes":	20971520,
			"blocks":	0,
			"reverse":	0,
			"tos":	0,
			"target_bitrate":	0
		}
	},
	"intervals":	[{
			"streams":	[{
					"socket":	6,
					"start":	0,
					"end":	0.100085,
					"seconds":	0.10008499771356583,
					"bytes":	1801312,
					"bits_per_second":	143982578.1006813,
					"retransmits":	0,
					"snd_cwnd":	4344,
					"snd_wnd":	690688,
					"rtt":	466,
					"rttvar":	64,
					"pmtu":	1500,
					"omitted":	false,
					"sender":	true
				}],
			"sum":	{
				"start":	0,
				"end":	0.100085,
				"seconds":	0.10008499771356583,
				"bytes":	1801312,
				"bits_per_second":	143982578.1006813,
				"retransmits":	0,
				"omitted":	false,
				"sender":	true
			}
		}, {
			"streams":	[{
					"socket":	6,
					"start":	0.100085,
					"end":	0.200135,
					"seconds":	0.10005000233650208,
					"bytes":	2347208,
					"bits_per_second":	187682794.21767879,
					"retransmits":	0,
					"snd_cwnd":	14480,
					"snd_wnd":	688128,
					"rtt":	507,
					"rttvar":	85,
					"pmtu":	1500,
					"omitted":	false,
					"sender":	true
				}],
			"sum":	{
				"start":	0.100085,
				"end":	0.200135,
				"seconds":	0.10005000233650208,
				"bytes":	2347208,
				"bits_per_second":	187682794.21767879,
				"retransmits":	0,
				"omitted":	false,
				"sender":	true
			}
		}, {
			"streams":	[{
					"socket":	6,
					"start":	0.200135,
					"end":	0.300092,
					"seconds":	0.099956996738910675,
					"bytes":	1666648,
					"bits_per_second":	133389201.70667489,
					"retransmits":	0,
					"snd_cwnd":	5792,
					"snd_wnd":	688640,
					"rtt":	396,
					"rttvar":	21,
					"pmtu":	1500,
					"omitted":	false,
					"sender":	true
				}],
			"sum":	{
				"start":	0.200135,
				"end":	0.300092,
				"seconds":	0.099956996738910675,
				"bytes":	1666648,
				"bits_per_second":	133389201.70667489,
				"retransmits":	0,
				"omitted":	false,
				"sender":	true
			}
		}, {
			"streams":	[{
					"socket":	6,
					"start":	0.300092,
					"end":	0.400061,
					"seconds":	0.0999689996242523,
					"bytes":	1962040,
					"bits_per_second":	157011874.27099249,
					"retransmits":	0,
					"snd_cwnd":	4344,
					"snd_wnd":	690688,
					"rtt":	465,
					"rttvar":	54,
					"pmtu":	1500,
					"omitted":	false,
					"sender":	true
				}],
			"sum":	{
				"start":	0.300092,
				"end":	0.400061,
				"seconds":	0.0999689996242523,
				"bytes":	1962040,
				"bits_per_second":	157011874.27099249,
				"retransmits":	0,
				"omitted":	false,
				"sender":	true
			}
		}, {
			"streams":	[{
					"socket":	6,
					"start":	0.400061,
					"end":	0.500086,
					"seconds":	0.1000249981880188,
					"bytes":	1640584,
					"bits_per_second":	131213918.89784709,
					"retransmits":	0,
					"snd_cwnd":	8688,
					"snd_wnd":	687104,
					"rtt":	398,
					"rttvar":	22,
					"pmtu":	1500,
					"omitted":	false,
					"sender":	true
				}],
			"sum":	{
				"start":	0.400061,
				"end":	0.500086,
				"seconds":	0.1000249981880188,
				"bytes":	1640584,
				"bits_per_second":	131213918.89784709,
				"retransmits":	0,
				"omitted":	false,
				"sender":	true
			}
		}, {
			"streams":	[{
					"socket":	6,
					"start":	0.500086,
					"end":	0.60021,
					"seconds":	0.10012400150299072,
					"bytes":	1846200,
					"bits_per_second":	147513081.56175548,
					"retransmits":	0,
					"snd_cwnd":	10136,
					"snd_wnd":	689664,
					"rtt":	556,
					"rttvar":	92,
					"pmtu":	1500,
					"omitted":	false,
					"sender":	true
				}],
			"sum":	{
				"start":	0.500086,
				"end":	0.60021,
				"seconds":	0.10012400150299072,
				"bytes":	1846200,
				"bits_per_second":	147513081.56175548,
				"retransmits":	0,
				"omitted":	false,
				"sender":	true
			}
		}, {
			"streams":	[{
					"socket":	6,
					"start":	0.60021,
					"end":	0.7001,
					"seconds":	0.099890001118183136,
					"bytes":	2299424,
					"bits_per_second":	184156490.079881,
					"retransmits":	0,
					"snd_cwnd":	5792,
					"snd_wnd":	690176,
					"rtt":	493,
					"rttvar":	98,
					"pmtu":	1500,
					"omitted":	false,
					"sender":	true
				}],
			"sum":	{
				"start":	0.60021,
				"end":	0.7001,
				"seconds":	0.099890001118183136,
				"bytes":	2299424,
				"bits_per_second":	184156490.079881,
				"retransmits":	0,
				"omitted":	false,
				"sender":	true
			}
		}, {
			"streams":	[{
					"socket":	6,
					"start":	0.7001,
					"end":	0.800135,
					"seconds":	0.10003499686717987,
					"bytes":	1479856,
					"bits_per_second":	118347062.23581806,
					"retransmits":	0,
					"snd_cwnd":	13032,
					"snd_wnd":	688640,
					"rtt":	543,
					"rttvar":	53,
					"pmtu":	1500,
					"omitted":	false,
					"sender":	true
				}],
			"sum":	{
				"start":	0.7001,
				"end":	0.800135,
				"seconds":	0.10003499686717987,
				"bytes":	1479856,
				"bits_per_second":	118347062.23581806,
				"retransmits":	0,
				"omitted":	false,
				"sender":	true
			}
		}, {
			"streams":	[{
					"socket":	6,
					"start":	0.800135,
					"end":	0.900098,
					"seconds":	0.0999630019068718,
					"bytes":	2232816,
					"bits_per_second":	178691392.4077751,
					"retransmits":	0,
					"snd_cwnd":	4344,
					"snd_wnd":	690688,
					"rtt":	485,
					"rttvar":	51,
					"pmtu":	1500,
					"omitted":	false,
					"sender":	true
				}],
			"sum":	{
				"start":	0.800135,
				"end":	0.900098,
				"seconds":	0.0999630019068718,
				"bytes":	2232816,
				"bits_per_second":	178691392.4077751,
				"retransmits":	0,
				"omitted":	false,
				"sender":	true
			}
		}, {
			"streams":	[{
					"socket":	6,
					"start":	0.900098,
					"end":	1.000084,
					"seconds":	0.0999860018491745,
					"bytes":	2494904,
					"bits_per_second":	199620263.14551336,
					"retransmits":	0,
					"snd_cwnd":	15928,
					"snd_wnd":	688128,
					"rtt":	445,
					"rttvar":	45,
					"pmtu":	1500,
					"omitted":	false,
					"sender":	true
				}],
			"sum":	{
				"start":	0.900098,
				"end":	1.000084,
				"seconds":	0.0999860018491745,
				"bytes":	2494904,
				"bits_per_second":	199620263.14551336,
				"retransmits":	0,
				"omitted":	false,
				"sender":	true
			}
		}, {
			"streams":	[{
					"socket":	6,
					"start":	1.000084,
					"end":	1.025117,
					"seconds":	0.025033000856637955,
					"bytes":	1200528,
					"bits_per_second":	383662512.33732,
					"retransmits":	0,
					"snd_cwnd":	33304,
					"snd_wnd":	685056,
					"rtt":	513,
					"rttvar":	34,
					"pmtu":	1500,
					"omitted":	false,
					"sender":	true
				}],
			"sum":	{
				"start":	1.000084,
				"end":	1.025117,
				"seconds":	0.025033000856637955,
				"bytes":	1200528,
				"bits_per_second":	383662512.33732,
				"retransmits":	0,
				"omitted":	false,
				"sender":	true
			}
		}],
	"end":	{
		"streams":	[{
				"sender":	{
					"socket":	6,
					"start":	0,
					"end":	1.025117,
					"seconds":	1.025117,
					"bytes":	20971520,
					"bits_per_second":	163661474.738981,
					"retransmits":	0,
					"max_snd_cwnd":	33304,
					"max_snd_wnd":	690688,
					"max_rtt":	556,
					"min_rtt":	396,
					"mean_rtt":	478,
					"sender":	true
				},
				"receiver":	{
					"socket":	6,
					"start":	0,
					"end":	1.025698,
					"seconds":	1.025117,
					"bytes":	20932288,
					"bits_per_second":	163262777.15272915,
					"sender":	true
				}
			}],
		"sum_sent":	{
			"start":	0,
			"end":	1.025117,
			"seconds":	1.025117,