{
	"start":	{
		"connected":	[{
				"socket":	6,
				"local_host":	"10.0.0.3",
				"local_port":	42078,
				"remote_host":	"10.0.0.1",
				"remote_port":	5002
			}],
		"version":	"iperf 3.12",
		"system_info":	"Linux cs244c-vm 6.1.0-43-cloud-amd64 #1 SMP PREEMPT_DYNAMIC Debian 6.1.162-1 (2026-02-08) x86_64",
		"timestamp":	{
			"time":	"Wed, 11 Mar 2026 04:35:49 GMT",
			"timesecs":	1773203749
		},
		"connecting_to":	{
			"host":	"10.0.0.1",
			"port":	5002
		},
		"cookie":	"uyu77pn7fzqg67umbtoz6j5b5gelu3k4qfby",
		"tcp_mss_default":	1448,
		"target_bitrate":	0,
		"sock_bufsize":	0,
		"sndbuf_actual":	87380,
		"rcvbuf_actual":	87380,
		"test_start":	{
			"protocol":	"TCP",
			"num_streams":	1,
			"blksize":	131072,
			"omit":	0,
			"duration":	0,
			"bytes":	20971520,
			"blocks":	0,
			"reverse":	0,
			"tos":	0,
			"target_bitrate":	0
		}
	},
	"intervals":	[{
			"streams":	[{
					"socket":	6,
					"start":	0,
					"end":	0.100171,
					"seconds":	0.10017099976539612,
					"bytes":	2457256,
					"bits_per_second":	196244901.67852786,
					"retransmits":	0,
					"snd_cwnd":	50680,
					"snd_wnd":	1080832,
					"rtt":	2309,
					"rttvar":	230,
					"pmtu":	1500,
					"omitted":	false,
					"sender":	true
				}],
			"sum":	{
				"start":	0,
				"end":	0.100171,
				"seconds":	0.10017099976539612,
				"bytes":	2457256,
				"bits_per_second":	196244901.67852786,
				"retransmits":	0,
				"omitted":	false,
				"sender":	true
			}
		}, {
			"streams":	[{
					"socket":	6,
					"start":	0.100171,
					"end":	0.200117,
					"seconds":	0.0999459996819496,
					"bytes":	1563840,
					"bits_per_second":	125174794.78730406,
					"retransmits":	0,
					"snd_cwnd":	36200,
					"snd_wnd":	1067008,
					"rtt":	2475,
					"rttvar":	560,
					"pmtu":	1500,
					"omitted":	false,
					"sender":	true
				}],
			"sum":	{
				"start":	0.100171,
				"end":	0.200117,
				"seconds":	0.0999459996819496,
				"bytes":	1563840,
				"bits_per_second":	125174794.78730406,
				"retransmits":	0,
				"omitted":	false,
				"sender":	true
			}
		}, {
			"streams":	[{
					"socket":	6,
					"start":	0.200117,
					"end":	0.300085,
					"seconds":	0.099968001246452332,
					"bytes":	1563840,
					"bits_per_second":	125147245.558678,
					"retransmits":	0,
					"snd_cwnd":	26064,
					"snd_wnd":	1080832,
					"rtt":	2399,
					"rttvar":	204,
					"pmtu":	1500,
					"omitted":	false,
					"sender":	true
				}],
			"sum":	{
				"start":	0.200117,
				"end":	0.300085,
				"seconds":	0.099968001246452332,
				"bytes":	1563840,
				"bits_per_second":	125147245.558678,
				"retransmits":	0,
				"omitted":	false,
				"sender":	true
			}
		}, {
			"streams":	[{
					"socket":	6,
					"start":	0.300085,
					"end":	0.400142,
					"seconds":	0.10005699843168259,
					"bytes":	1303200,
					"bits_per_second":	104196609.56668057,
					"retransmits":	0,
					"snd_cwnd":	27512,
					"snd_wnd":	1075712,
					"rtt":	2445,
					"rttvar":	294,
					"pmtu":	1500,
					"omitted":	false,
					"sender":	true
				}],
			"sum":	{
				"start":	0.300085,
				"end":	0.400142,
				"seconds":	0.10005699843168259,
				"bytes":	1303200,
				"bits_per_second":	104196609.56668057,
				"retransmits":	0,
				"omitted":	false,
				"sender":	true
			}
		}, {
			"streams":	[{
					"socket":	6,
					"start":	0.400142,
					"end":	0.500182,
					"seconds":	0.100040003657341,
					"bytes":	1042560,
					"bits_per_second":	83371448.371473238,
					"retransmits":	0,
					"snd_cwnd":	31856,
					"snd_wnd":	1071616,
					"rtt":	2437,
					"rttvar":	597,
					"pmtu":	1500,
					"omitted":	false,
					"sender":	true
				}],
			"sum":	{
				"start":	0.400142,
				"end":	0.500182,
				"seconds":	0.100040003657341,
				"bytes":	1042560,
				"bits_per_second":	83371448.371473238,
				"retransmits":	0,
				"omitted":	false,
				"sender":	true
			}
		}, {
			"streams":	[{
					"socket":	6,
					"start":	0.500182,
					"end":	0.600236,
					"seconds":	0.10005400329828262,
					"bytes":	1433520,
					"bits_per_second":	114619701.58066474,
					"retransmits":	0,
					"snd_cwnd":	39096,
					"snd_wnd":	1080832,
					"rtt":	2484,
					"rttvar":	242,
					"pmtu":	1500,
					"omitted":	false,
					"sender":	true
				}],
			"sum":	{
				"start":	0.500182,
				"end":	0.600236,
				"seconds":	0.10005400329828262,
				"bytes":	1433520,
				"bits_per_second":	114619701.58066474,
				"retransmits":	0,
				"omitted":	false,
				"sender":	true
			}
		}, {
			"streams":	[{
					"socket":	6,
					"start":	0.600236,
					"end":	0.70022,
					"seconds":	0.099983997642993927,
					"bytes":	1824480,
					"bits_per_second":	145981760.52248254,
					"retransmits":	0,
					"snd_cwnd":	47784,
					"snd_wnd":	1080832,
					"rtt":	2437,
					"rttvar":	196,
					"pmtu":	1500,
					"omitted":	false,
					"sender":	true
				}],
			"sum":	{
				"start":	0.600236,
				"end":	0.70022,
				"seconds":	0.099983997642993927,
				"bytes":	1824480,
				"bits_per_second":	145981760.52248254,
				"retransmits":	0,
				"omitted":	false,
				"sender":	true
			}
		}, {
			"streams":	[{
					"socket":	6,
					"start":	0.70022,
					"end":	0.800183,
					"seconds":	0.0999630019068718,
					"bytes":	1824480,
					"bits_per_second":	146012421.81180069,
					"retransmits":	0,
					"snd_cwnd":	44888,
					"snd_wnd":	1080832,
					"rtt":	2369,
					"rttvar":	205,
					"pmtu":	1500,
					"omitted":	false,
					"sender":	true
				}],
			"sum":	{
				"start":	0.70022,
				"end":	0.800183,
				"seconds":	0.0999630019068718,
				"bytes":	1824480,
				"bits_per_second":	146012421.81180069,
				"retransmits":	0,
				"omitted":	false,
				"sender":	true
			}
		}, {
			"streams":	[{
					"socket":	6,
					"start":	0.800183,
					"end":	0.900121,
					"seconds":	0.0999379977583885,
					"bytes":	1954800,
					"bits_per_second":	156481021.74117607,
					"retransmits":	11,
					"snd_cwnd":	43440,
					"snd_wnd":	1078784,
					"rtt":	2248,
					"rttvar":	294,
					"pmtu":	1500,
					"omitted":	false,
					"sender":	true
				}],
			"sum":	{
				"start":	0.800183,
				"end":	0.900121,
				"seconds":	0.0999379977583885,
				"bytes":	1954800,
				"bits_per_second":	156481021.74117607,
				"retransmits":	11,
				"omitted":	false,
				"sender":	true
			}
		}, {
			"streams":	[{
					"socket":	6,
					"start":	0.900121,
					"end":	1.000113,
					"seconds":	0.099991999566555023,
					"bytes":	2997360,
					"bits_per_second":	239807985.67828992,
					"retransmits":	0,
					"snd_cwnd":	86880,
					"snd_wnd":	1070080,
					"rtt":	2002,
					"rttvar":	242,
					"pmtu":	1500,
					"omitted":	false,
					"sender":	true
				}],
			"sum":	{
				"start":	0.900121,
				"end":	1.000113,
				"seconds":	0.099991999566555023,
				"bytes":	2997360,
				"bits_per_second":	239807985.67828992,
				"retransmits":	0,
				"omitted":	false,
				"sender":	true
			}
		}, {
			"streams":	[{
					"socket":	6,
					"start":	1.000113,
					"end":	1.067426,
					"seconds":	0.067313000559806824,
					"bytes":	3006184,
					"bits_per_second":	357278264.22820538,
					"retransmits":	0,
					"snd_cwnd":	98464,
					"snd_wnd":	1080832,
					"rtt":	2254,
					"rttvar":	175,
					"pmtu":	1500,
					"omitted":	false,
					"sender":	true
				}],
			"sum":	{
				"start":	1.000113,
				"end":	1.067426,
				"seconds":	0.067313000559806824,
				"bytes":	3006184,
				"bits_per_second":	357278264.22820538,
				"retransmits":	0,
				"omitted":	false,
				"sender":	true
			}
		}],
	"end":	{
		"streams":	[{
				"sender":	{
					"socket":	6,
					"start":	0,
					"end":	1.067426,
					"seconds":	1.067426,
					"bytes":	20971520,
					"bits_per_second":	157174511.39470088,
					"retransmits":	11,
					"max_snd_cwnd":	98464,
					"max_snd_wnd":	1080832,
					"max_rtt":	2484,
					"min_rtt":	2002,
					"mean_rtt":	2350,
					"sender":	true
				},
				"receiver":	{
					"socket":	6,
					"start":	0,
					"end":	1.070138,
					"seconds":	1.067426,
					"bytes":	20344400,
					"bits_per_second":	152088048.45730177,
					"sender":	true
				}
			}],