{
	"start":	{
		"connected":	[{
				"socket":	6,
				"local_host":	"10.0.0.5",
				"local_port":	57606,
				"remote_host":	"10.0.0.1",
				"remote_port":	5004
			}],
		"version":	"iperf 3.12",
		"system_info":	"Linux cs244c-vm 6.1.0-43-cloud-amd64 #1 SMP PREEMPT_DYNAMIC Debian 6.1.162-1 (2026-02-08) x86_64",
		"timestamp":	{
			"time":	"Wed, 11 Mar 2026 04:38:29 GMT",
			"timesecs":	1773203909
		},
		"connecting_to":	{
			"host":	"10.0.0.1",
			"port":	5004
		},
		"cookie":	"2y5dld3cdeyxigar3iqy7rlcshcfii3vqzva",
		"tcp_mss_default":	1448,
		"target_bitrate":	0,
		"sock_bufsize":	0,
		"sndbuf_actual":	87380,
		"rcvbuf_actual":	87380,
		"test_start":	{
			"protocol":	"TCP",
			"num_streams":	1,
			"blksize":	131072,
			"omit":	0,
			"duration":	0,
			"bytes":	20971520,
			"blocks":	0,
			"reverse":	0,
			"tos":	0,
			"target_bitrate":	0
		}
	},
	"intervals":	[{
			"streams":	[{
					"socket":	6,
					"start":	0,
					"end":	0.100138,
					"seconds":	0.10013800114393234,
					"bytes":	7964000,
					"bits_per_second":	636241978.79109049,
					"retransmits":	7,
					"snd_cwnd":	114392,
					"snd_wnd":	1587200,
					"rtt":	1414,
					"rttvar":	187,
					"pmtu":	1500,
					"omitted":	false,
					"sender":	true
				}],
			"sum":	{
				"start":	0,
				"end":	0.100138,
				"seconds":	0.10013800114393234,
				"bytes":	7964000,
				"bits_per_second":	636241978.79109049,
				"retransmits":	7,
				"omitted":	false,
				"sender":	true
			}
		}, {
			"streams":	[{
					"socket":	6,
					"start":	0.100138,
					"end":	0.200117,
					"seconds":	0.0999789983034134,
					"bytes":	6059880,
					"bits_per_second":	484892235.596092,
					"retransmits":	3,
					"snd_cwnd":	85432,
					"snd_wnd":	1587200,
					"rtt":	1721,
					"rttvar":	299,
					"pmtu":	1500,
					"omitted":	false,
					"sender":	true
				}],
			"sum":	{
				"start":	0.100138,
				"end":	0.200117,
				"seconds":	0.0999789983034134,
				"bytes":	6059880,
				"bits_per_second":	484892235.596092,
				"retransmits":	3,
				"omitted":	false,
				"sender":	true
			}
		}, {
			"streams":	[{
					"socket":	6,
					"start":	0.200117,
					"end":	0.300132,
					"seconds":	0.10001499950885773,
					"bytes":	4756680,
					"bits_per_second":	380477330.26914465,
					"retransmits":	0,
					"snd_cwnd":	95568,
					"snd_wnd":	1587200,
					"rtt":	1677,
					"rttvar":	188,
					"pmtu":	1500,
					"omitted":	false,
					"sender":	true
				}],
			"sum":	{
				"start":	0.200117,
				"end":	0.300132,
				"seconds":	0.10001499950885773,
				"bytes":	4756680,
				"bits_per_second":	380477330.26914465,
				"retransmits":	0,
				"omitted":	false,
				"sender":	true
			}
		}, {
			"streams":	[{
					"socket":	6,
					"start":	0.300132,
					"end":	0.338636,
					"seconds":	0.0385040007531643,
					"bytes":	2190960,
					"bits_per_second":	455217111.394835,
					"retransmits":	0,
					"snd_cwnd":	108600,
					"snd_wnd":	1587200,
					"rtt":	1467,
					"rttvar":	263,
					"pmtu":	1500,
					"omitted":	false,
					"sender":	true
				}],
			"sum":	{
				"start":	0.300132,
				"end":	0.338636,
				"seconds":	0.0385040007531643,
				"bytes":	2190960,
				"bits_per_second":	455217111.394835,
				"retransmits":	0,
				"omitted":	false,
				"sender":	true
			}
		}],
	"end":	{
		"streams":	[{
				"sender":	{
					"socket":	6,
					"start":	0,
					"end":	0.338636,
					"seconds":	0.338636,
					"bytes":	20971520,
					"bits_per_second":	495435098.453797,
					"retransmits":	10,
					"max_snd_cwnd":	114392,
					"max_snd_wnd":	1587200,
					"max_rtt":	1721,
					"min_rtt":	1414,
					"mean_rtt":	1569,
					"sender":	true
				},
				"receiver":	{
					"socket":	6,
					"start":	0,
					"end":	0.340724,
					"seconds":	0.338636,
					"bytes":	19692800,
					"bits_per_second":	462375412.35721576,
					"sender":	true
				}
			}],
		"sum_sent":	{
			"start":	0,
			"end":	0.338636,
			"seconds":	0.338636,
			"bytes":	20971520,
			"bits_per_second":	495435098.453797,
			"retransmits":	10,
			"sender":	true
		},
		"sum_received":	{
			"start":	0,
			"end":	0.340724,
			"seconds":	0.340724,
			"bytes":	19692800,
			"bits_per_second":	462375412.35721576,
			"sender":	true
		},
		"cpu_utilization_percent":	{
			"host_total":	3.6703171815270172,
			"host_user":	0,
			"host_system":	3.67003019136504,
			"remote_total":	7.0826742421796816,
			"remote_user":	0,
			"remote_system":	7.0826742421796816
		},
		"sender_tcp_congestion":	"dctcp",
		"receiver_tcp_congestion":	"dctcp"
	}
}
