{
	"start":	{
		"connected":	[{
				"socket":	6,
				"local_host":	"10.0.0.4",
				"local_port":	59828,
				"remote_host":	"10.0.0.1",
				"remote_port":	5003
			}],
		"version":	"iperf 3.12",
		"system_info":	"Linux cs244c-vm 6.1.0-43-cloud-amd64 #1 SMP PREEMPT_DYNAMIC Debian 6.1.162-1 (2026-02-08) x86_64",
		"timestamp":	{
			"time":	"Fri, 27 Feb 2026 06:56:45 GMT",
			"timesecs":	1772175405
		},
		"connecting_to":	{
			"host":	"10.0.0.1",
			"port":	5003
		},
		"cookie":	"mk2xnhuntdv3x2eclmwqqotmqgijbqnv6dhu",
		"tcp_mss_default":	1448,
		"target_bitrate":	5000000,
		"sock_bufsize":	0,
		"sndbuf_actual":	87380,
		"rcvbuf_actual":	87380,
		"test_start":	{
			"protocol":	"TCP",
			"num_streams":	1,
			"blksize":	131072,
			"omit":	0,
			"duration":	15,
			"bytes":	0,
			"blocks":	0,
			"reverse":	0,
			"tos":	0,
			"target_bitrate":	5000000
		}
	},
	"intervals":	[{
			"streams":	[{
					"socket":	6,
					"start":	0,
					"end":	1.000101,
					"seconds":	1.0001009702682495,
					"bytes":	655360,
					"bits_per_second":	5242350.67844574,
					"retransmits":	0,
					"snd_cwnd":	222992,
					"snd_wnd":	1182208,
					"rtt":	168,
					"rttvar":	226,
					"pmtu":	1500,
					"omitted":	false,
					"sender":	true
				}],
			"sum":	{
				"start":	0,
				"end":	1.000101,
				"seconds":	1.0001009702682495,
				"bytes":	655360,
				"bits_per_second":	5242350.67844574,
				"retransmits":	0,
				"omitted":	false,
				"sender":	true
			}
		}, {
			"streams":	[{
					"socket":	6,
					"start":	1.000101,
					"end":	2.000093,
					"seconds":	0.9999920129776,
					"bytes":	655360,
					"bits_per_second":	5242921.87533446,
					"retransmits":	0,
					"snd_cwnd":	220096,
					"snd_wnd":	1710080,
					"rtt":	76,
					"rttvar":	70,
					"pmtu":	1500,
					"omitted":	false,
					"sender":	true
				}],
			"sum":	{
				"start":	1.000101,
				"end":	2.000093,
				"seconds":	0.9999920129776,
				"bytes":	655360,
				"bits_per_second":	5242921.87533446,
				"retransmits":	0,
				"omitted":	false,
				"sender":	true
			}
		}, {
			"streams":	[{
					"socket":	6,
					"start":	2.000093,
					"end":	3.000087,
					"seconds":	0.99999397993087769,
					"bytes":	655360,
					"bits_per_second":	5242911.56269001,
					"retransmits":	0,
					"snd_cwnd":	237472,
					"snd_wnd":	1710080,
					"rtt":	58,
					"rttvar":	29,
					"pmtu":	1500,
					"omitted":	false,
					"sender":	true
				}],
			"sum":	{
				"start":	2.000093,
				"end":	3.000087,
				"seconds":	0.99999397993087769,
				"bytes":	655360,
				"bits_per_second":	5242911.56269001,
				"retransmits":	0,
				"omitted":	false,
				"sender":	true
			}
		}, {
			"streams":	[{
					"socket":	6,
					"start":	3.000087,
					"end":	4.000126,
					"seconds":	1.0000389814376831,
					"bytes":	655360,
					"bits_per_second":	5242675.63296652,
					"retransmits":	0,
					"snd_cwnd":	250504,
					"snd_wnd":	1703424,
					"rtt":	48,
					"rttvar":	21,
					"pmtu":	1500,
					"omitted":	false,
					"sender":	true
				}],
			"sum":	{
				"start":	3.000087,
				"end":	4.000126,
				"seconds":	1.0000389814376831,
				"bytes":	655360,
				"bits_per_second":	5242675.63296652,
				"retransmits":	0,
				"omitted":	false,
				"sender":	true
			}
		}, {
			"streams":	[{
					"socket":	6,
					"start":	4.000126,
					"end":	5.000075,
					"seconds":	0.99994897842407227,
					"bytes":	524288,
					"bits_per_second":	4194518.0109191742,
					"retransmits":	0,
					"snd_cwnd":	249056,
					"snd_wnd":	1710080,
					"rtt":	44,
					"rttvar":	23,
					"pmtu":	1500,
					"omitted":	false,
					"sender":	true
				}],
			"sum":	{
				"start":	4.000126,
				"end":	5.000075,
				"seconds":	0.99994897842407227,
				"bytes":	524288,
				"bits_per_second":	4194518.0109191742,
				"retransmits":	0,
				"omitted":	false,
				"sender":	true
			}
		}, {
			"streams":	[{
					"socket":	6,
					"start":	5.000075,
					"end":	6.000082,
					"seconds":	1.0000070333480835,
					"bytes":	655360,
					"bits_per_second":	5242843.1252593528,
					"retransmits":	0,
					"snd_cwnd":	256296,
					"snd_wnd":	1706496,
					"rtt":	46,
					"rttvar":	21,
					"pmtu":	1500,
					"omitted":	false,
					"sender":	true
				}],
			"sum":	{
				"start":	5.000075,
				"end":	6.000082,
				"seconds":	1.0000070333480835,
				"bytes":	655360,
				"bits_per_second":	5242843.1252593528,
				"retransmits":	0,
				"omitted":	false,
				"sender":	true
			}
		}, {
			"streams":	[{
					"socket":	6,
					"start":	6.000082,
					"end":	7.000112,
					"seconds":	1.0000300407409668,
					"bytes":	655360,
					"bits_per_second":	5242722.5047312742,
					"retransmits":	0,
					"snd_cwnd":	259192,
					"snd_wnd":	1708032,
					"rtt":	43,
					"rttvar":	19,
					"pmtu":	1500,
					"omitted":	false,
					"sender":	true
				}],
			"sum":	{
				"start":	6.000082,
				"end":	7.000112,
				"seconds":	1.0000300407409668,
				"bytes":	655360,
				"bits_per_second":	5242722.5047312742,
				"retransmits":	0,
				"omitted":	false,
				"sender":	true
			}
		}, {
			"streams":	[{
					"socket":	6,
					"start":	7.000112,
					"end":	8.000119,
					"seconds":	1.0000070333480835,
					"bytes":	655360,
					"bits_per_second":	5242843.1252593528,
					"retransmits":	0,
					"snd_cwnd":	254848,
					"snd_wnd":	1710080,
					"rtt":	42,
					"rttvar":	27,
					"pmtu":	1500,
					"omitted":	false,
					"sender":	true
				}],
			"sum":	{
				"start":	7.000112,
				"end":	8.000119,
				"seconds":	1.0000070333480835,
				"bytes":	655360,
				"bits_per_second":	5242843.1252593528,
				"retransmits":	0,
				"omitted":	false,
				"sender":	true
			}
		}, {
			"streams":	[{
					"socket":	6,
					"start":	8.000119,
					"end":	9.000102,
					"seconds":	0.999983012676239,
					"bytes":	524288,
					"bits_per_second":	4194375.2512103673,
					"retransmits":	0,
					"snd_cwnd":	254848,
					"snd_wnd":	1710080,
					"rtt":	41,
					"rttvar":	32,
					"pmtu":	1500,
					"omitted":	false,
					"sender":	true
				}],
			"sum":	{
				"start":	8.000119,
				"end":	9.000102,
				"seconds":	0.999983012676239,
				"bytes":	524288,
				"bits_per_second":	4194375.2512103673,
				"retransmits":	0,
				"omitted":	false,
				"sender":	true
			}
		}, {
			"streams":	[{
					"socket":	6,
					"start":	9.000102,
					"end":	10.000111,
					"seconds":	1.0000089406967163,
					"bytes":	655360,
					"bits_per_second":	5242833.1254190914,
					"retransmits":	0,
					"snd_cwnd":	260640,
					"snd_wnd":	1710080,
					"rtt":	53,
					"rttvar":	20,
					"pmtu":	1500,
					"omitted":	false,
					"sender":	true
				}],
			"sum":	{
				"start":	9.000102,
				"end":	10.000111,
				"seconds":	1.0000089406967163,
				"bytes":	655360,
				"bits_per_second":	5242833.1254190914,
				"retransmits":	0,
				"omitted":	false,
				"sender":	true
			}
		}, {
			"streams":	[{
					"socket":	6,
					"start":	10.000111,
					"end":	11.000103,
					"seconds":	0.9999920129776,
					"bytes":	655360,
					"bits_per_second":	5242921.87533446,
					"retransmits":	0,
					"snd_cwnd":	260640,
					"snd_wnd":	1710080,
					"rtt":	53,
					"rttvar":	16,
					"pmtu":	1500,
					"omitted":	false,
					"sender":	true
				}],
			"sum":	{
				"start":	10.000111,
				"end":	11.000103,
				"seconds":	0.9999920129776,
				"bytes":	655360,
				"bits_per_second":	5242921.87533446,
				"retransmits":	0,
				"omitted":	false,
				"sender":	true
			}
		}, {
			"streams":	[{
					"socket":	6,
					"start":	11.000103,
					"end":	12.000142,
					"seconds":	1.0000389814376831,
					"bytes":	655360,
					"bits_per_second":	5242675.63296652,
					"retransmits":	0,
					"snd_cwnd":	260640,
					"snd_wnd":	1710080,
					"rtt":	44,
					"rttvar":	22,
					"pmtu":	1500,
					"omitted":	false,
					"sender":	true
				}],
			"sum":	{
				"start":	11.000103,
				"end":	12.000142,
				"seconds":	1.0000389814376831,
				"bytes":	655360,
				"bits_per_second":	5242675.63296652,
				"retransmits":	0,
				"omitted":	false,
				"sender":	true
			}
		}, {
			"streams":	[{
					"socket":	6,
					"start":	12.000142,