{
	"start":	{
		"connected":	[{
				"socket":	6,
				"local_host":	"10.0.0.2",
				"local_port":	45958,
				"remote_host":	"10.0.0.1",
				"remote_port":	5001
			}],
		"version":	"iperf 3.12",
		"system_info":	"Linux cs244c-vm 6.1.0-43-cloud-amd64 #1 SMP PREEMPT_DYNAMIC Debian 6.1.162-1 (2026-02-08) x86_64",
		"timestamp":	{
			"time":	"Fri, 27 Feb 2026 06:56:45 GMT",
			"timesecs":	1772175405
		},
		"connecting_to":	{
			"host":	"10.0.0.1",
			"port":	5001
		},
		"cookie":	"szgm5fsptqqosgos6bpcbfwwntvbewfm4c42",
		"tcp_mss_default":	1448,
		"target_bitrate":	5000000,
		"sock_bufsize":	0,
		"sndbuf_actual":	87380,
		"rcvbuf_actual":	87380,
		"test_start":	{
			"protocol":	"TCP",
			"num_streams":	1,
			"blksize":	131072,
			"omit":	0,
			"duration":	15,
			"bytes":	0,
			"blocks":	0,
			"reverse":	0,
			"tos":	0,
			"target_bitrate":	5000000
		}
	},
	"intervals":	[{
			"streams":	[{
					"socket":	6,
					"start":	0,
					"end":	1.0001,
					"seconds":	1.0001000165939331,
					"bytes":	655360,
					"bits_per_second":	5242355.6774409562,
					"retransmits":	9,
					"snd_cwnd":	133216,
					"snd_wnd":	1183232,
					"rtt":	64,
					"rttvar":	46,
					"pmtu":	1500,
					"omitted":	false,
					"sender":	true
				}],
			"sum":	{
				"start":	0,
				"end":	1.0001,
				"seconds":	1.0001000165939331,
				"bytes":	655360,
				"bits_per_second":	5242355.6774409562,
				"retransmits":	9,
				"omitted":	false,
				"sender":	true
			}
		}, {
			"streams":	[{
					"socket":	6,
					"start":	1.0001,
					"end":	2.00011,
					"seconds":	1.0000100135803223,
					"bytes":	655360,
					"bits_per_second":	5242827.5005257074,
					"retransmits":	0,
					"snd_cwnd":	196928,
					"snd_wnd":	1740288,
					"rtt":	62,
					"rttvar":	27,
					"pmtu":	1500,
					"omitted":	false,
					"sender":	true
				}],
			"sum":	{
				"start":	1.0001,
				"end":	2.00011,
				"seconds":	1.0000100135803223,
				"bytes":	655360,
				"bits_per_second":	5242827.5005257074,
				"retransmits":	0,
				"omitted":	false,
				"sender":	true
			}
		}, {
			"streams":	[{
					"socket":	6,
					"start":	2.00011,
					"end":	3.000079,
					"seconds":	0.9999690055847168,
					"bytes":	655360,
					"bits_per_second":	5243042.50503675,
					"retransmits":	0,
					"snd_cwnd":	196928,
					"snd_wnd":	1707520,
					"rtt":	69,
					"rttvar":	34,
					"pmtu":	1500,
					"omitted":	false,
					"sender":	true
				}],
			"sum":	{
				"start":	2.00011,
				"end":	3.000079,
				"seconds":	0.9999690055847168,
				"bytes":	655360,
				"bits_per_second":	5243042.50503675,
				"retransmits":	0,
				"omitted":	false,
				"sender":	true
			}
		}, {
			"streams":	[{
					"socket":	6,
					"start":	3.000079,
					"end":	4.00008,
					"seconds":	1.0000009536743164,
					"bytes":	655360,
					"bits_per_second":	5242875.0000047684,
					"retransmits":	0,
					"snd_cwnd":	225888,
					"snd_wnd":	1754624,
					"rtt":	67,
					"rttvar":	27,
					"pmtu":	1500,
					"omitted":	false,
					"sender":	true
				}],
			"sum":	{
				"start":	3.000079,
				"end":	4.00008,
				"seconds":	1.0000009536743164,
				"bytes":	655360,
				"bits_per_second":	5242875.0000047684,
				"retransmits":	0,
				"omitted":	false,
				"sender":	true
			}
		}, {
			"streams":	[{
					"socket":	6,
					"start":	4.00008,
					"end":	5.000106,
					"seconds":	1.0000259876251221,
					"bytes":	524288,
					"bits_per_second":	4194195.0028325776,
					"retransmits":	0,
					"snd_cwnd":	225888,
					"snd_wnd":	1754624,
					"rtt":	68,
					"rttvar":	23,
					"pmtu":	1500,
					"omitted":	false,
					"sender":	true
				}],
			"sum":	{
				"start":	4.00008,
				"end":	5.000106,
				"seconds":	1.0000259876251221,
				"bytes":	524288,
				"bits_per_second":	4194195.0028325776,
				"retransmits":	0,
				"omitted":	false,
				"sender":	true
			}
		}, {
			"streams":	[{
					"socket":	6,
					"start":	5.000106,
					"end":	6.000117,
					"seconds":	1.0000109672546387,
					"bytes":	655360,
					"bits_per_second":	5242822.50063061,
					"retransmits":	0,
					"snd_cwnd":	225888,
					"snd_wnd":	1754624,
					"rtt":	68,
					"rttvar":	28,
					"pmtu":	1500,
					"omitted":	false,
					"sender":	true
				}],
			"sum":	{
				"start":	5.000106,
				"end":	6.000117,
				"seconds":	1.0000109672546387,
				"bytes":	655360,
				"bits_per_second":	5242822.50063061,
				"retransmits":	0,
				"omitted":	false,
				"sender":	true
			}
		}, {
			"streams":	[{
					"socket":	6,
					"start":	6.000117,
					"end":	7.00011,
					"seconds":	0.99999302625656128,
					"bytes":	655360,
					"bits_per_second":	5242916.56275498,
					"retransmits":	0,
					"snd_cwnd":	225888,
					"snd_wnd":	1754624,
					"rtt":	70,
					"rttvar":	29,
					"pmtu":	1500,
					"omitted":	false,
					"sender":	true
				}],
			"sum":	{
				"start":	6.000117,
				"end":	7.00011,
				"seconds":	0.99999302625656128,
				"bytes":	655360,
				"bits_per_second":	5242916.56275498,
				"retransmits":	0,
				"omitted":	false,
				"sender":	true
			}
		}, {
			"streams":	[{
					"socket":	6,
					"start":	7.00011,
					"end":	8.000121,
					"seconds":	1.0000109672546387,
					"bytes":	655360,
					"bits_per_second":	5242822.50063061,
					"retransmits":	0,
					"snd_cwnd":	244712,
					"snd_wnd":	1698304,
					"rtt":	65,
					"rttvar":	23,
					"pmtu":	1500,
					"omitted":	false,
					"sender":	true
				}],
			"sum":	{
				"start":	7.00011,
				"end":	8.000121,
				"seconds":	1.0000109672546387,
				"bytes":	655360,
				"bits_per_second":	5242822.50063061,
				"retransmits":	0,
				"omitted":	false,
				"sender":	true
			}
		}, {
			"streams":	[{
					"socket":	6,
					"start":	8.000121,
					"end":	9.000103,
					"seconds":	0.99998199939727783,
					"bytes":	524288,
					"bits_per_second":	4194379.50135907,
					"retransmits":	0,
					"snd_cwnd":	243264,
					"snd_wnd":	1707520,
					"rtt":	56,
					"rttvar":	38,
					"pmtu":	1500,
					"omitted":	false,
					"sender":	true
				}],
			"sum":	{
				"start":	8.000121,
				"end":	9.000103,
				"seconds":	0.99998199939727783,
				"bytes":	524288,
				"bits_per_second":	4194379.50135907,
				"retransmits":	0,
				"omitted":	false,
				"sender":	true
			}
		}, {
			"streams":	[{
					"socket":	6,
					"start":	9.000103,
					"end":	10.00011,
					"seconds":	1.0000070333480835,
					"bytes":	655360,
					"bits_per_second":	5242843.1252593528,
					"retransmits":	0,
					"snd_cwnd":	243264,
					"snd_wnd":	1707520,
					"rtt":	68,
					"rttvar":	32,
					"pmtu":	1500,
					"omitted":	false,
					"sender":	true
				}],
			"sum":	{
				"start":	9.000103,
				"end":	10.00011,
				"seconds":	1.0000070333480835,
				"bytes":	655360,
				"bits_per_second":	5242843.1252593528,
				"retransmits":	0,
				"omitted":	false,
				"sender":	true
			}
		}, {
			"streams":	[{
					"socket":	6,
					"start":	10.00011,
					"end":	11.000112,
					"seconds":	1.0000020265579224,
					"bytes":	655360,
					"bits_per_second":	5242869.3750215322,
					"retransmits":	0,
					"snd_cwnd":	256296,
					"snd_wnd":	1707520,
					"rtt":	64,
					"rttvar":	23,
					"pmtu":	1500,
					"omitted":	false,
					"sender":	true
				}],
			"sum":	{
				"start":	10.00011,
				"end":	11.000112,
				"seconds":	1.0000020265579224,
				"bytes":	655360,
				"bits_per_second":	5242869.3750215322,
				"retransmits":	0,
				"omitted":	false,
				"sender":	true
			}
		}, {
			"streams":	[{
					"socket":	6,
					"start":	11.000112,
					"end":	12.000115,
					"seconds":	1.0000029802322388,
					"bytes":	655360,
					"bits_per_second":	5242864.3750465661,
					"retransmits":	0,
					"snd_cwnd":	256296,
					"snd_wnd":	1707520,
					"rtt":	64,
					"rttvar":	25,
					"pmtu":	1500,
					"omitted":	false,
					"sender":	true
				}],
			"sum":	{
				"start":	11.000112,
				"end":	12.000115,
				"seconds":	1.0000029802322388,
				"bytes":	655360,
				"bits_per_second":	5242864.3750465661,
				"retransmits":	0,
				"omitted":	false,
				"sender":	true
			}
		}, {
			"streams":	[{
					"socket":	6,
					"start":	12.000115,