{
	"start":	{
		"connected":	[{
				"socket":	6,
				"local_host":	"10.0.0.4",
				"local_port":	51776,
				"remote_host":	"10.0.0.1",
				"remote_port":	5003
			}],
		"version":	"iperf 3.12",
		"system_info":	"Linux cs244c-vm 6.1.0-43-cloud-amd64 #1 SMP PREEMPT_DYNAMIC Debian 6.1.162-1 (2026-02-08) x86_64",
		"timestamp":	{
			"time":	"Fri, 27 Feb 2026 06:32:00 GMT",
			"timesecs":	1772173920
		},
		"connecting_to":	{
			"host":	"10.0.0.1",
			"port":	5003
		},
		"cookie":	"so2f4klhxbtsx2fycxayn3y37c4o7qhhuyda",
		"tcp_mss_default":	1448,
		"target_bitrate":	5000000,
		"sock_bufsize":	0,
		"sndbuf_actual":	87380,
		"rcvbuf_actual":	87380,
		"test_start":	{
			"protocol":	"TCP",
			"num_streams":	1,
			"blksize":	131072,
			"omit":	0,
			"duration":	15,
			"bytes":	0,
			"blocks":	0,
			"reverse":	0,
			"tos":	0,
			"target_bitrate":	5000000
		}
	},
	"intervals":	[{
			"streams":	[{
					"socket":	6,
					"start":	0,
					"end":	1.00009,
					"seconds":	1.0000900030136108,
					"bytes":	655360,
					"bits_per_second":	5242408.16746635,
					"retransmits":	0,
					"snd_cwnd":	217200,
					"snd_wnd":	999936,
					"rtt":	220,
					"rttvar":	315,
					"pmtu":	1500,
					"omitted":	false,
					"sender":	true
				}],
			"sum":	{
				"start":	0,
				"end":	1.00009,
				"seconds":	1.0000900030136108,
				"bytes":	655360,
				"bits_per_second":	5242408.16746635,
				"retransmits":	0,
				"omitted":	false,
				"sender":	true
			}
		}, {
			"streams":	[{
					"socket":	6,
					"start":	1.00009,
					"end":	2.000092,
					"seconds":	1.0000020265579224,
					"bytes":	655360,
					"bits_per_second":	5242869.3750215322,
					"retransmits":	0,
					"snd_cwnd":	250504,
					"snd_wnd":	993792,
					"rtt":	91,
					"rttvar":	68,
					"pmtu":	1500,
					"omitted":	false,
					"sender":	true
				}],
			"sum":	{
				"start":	1.00009,
				"end":	2.000092,
				"seconds":	1.0000020265579224,
				"bytes":	655360,
				"bits_per_second":	5242869.3750215322,
				"retransmits":	0,
				"omitted":	false,
				"sender":	true
			}
		}, {
			"streams":	[{
					"socket":	6,
					"start":	2.000092,
					"end":	3.000089,
					"seconds":	0.99999701976776123,
					"bytes":	655360,
					"bits_per_second":	5242895.6250465661,
					"retransmits":	0,
					"snd_cwnd":	254848,
					"snd_wnd":	1062400,
					"rtt":	106,
					"rttvar":	79,
					"pmtu":	1500,
					"omitted":	false,
					"sender":	true
				}],
			"sum":	{
				"start":	2.000092,
				"end":	3.000089,
				"seconds":	0.99999701976776123,
				"bytes":	655360,
				"bits_per_second":	5242895.6250465661,
				"retransmits":	0,
				"omitted":	false,
				"sender":	true
			}
		}, {
			"streams":	[{
					"socket":	6,
					"start":	3.000089,
					"end":	4.000081,
					"seconds":	0.9999920129776,
					"bytes":	655360,
					"bits_per_second":	5242921.87533446,
					"retransmits":	0,
					"snd_cwnd":	259192,
					"snd_wnd":	998912,
					"rtt":	72,
					"rttvar":	31,
					"pmtu":	1500,
					"omitted":	false,
					"sender":	true
				}],
			"sum":	{
				"start":	3.000089,
				"end":	4.000081,
				"seconds":	0.9999920129776,
				"bytes":	655360,
				"bits_per_second":	5242921.87533446,
				"retransmits":	0,
				"omitted":	false,
				"sender":	true
			}
		}, {
			"streams":	[{
					"socket":	6,
					"start":	4.000081,
					"end":	5.000092,
					"seconds":	1.0000109672546387,
					"bytes":	524288,
					"bits_per_second":	4194258.0005044881,
					"retransmits":	0,
					"snd_cwnd":	262088,
					"snd_wnd":	999936,
					"rtt":	68,
					"rttvar":	20,
					"pmtu":	1500,
					"omitted":	false,
					"sender":	true
				}],
			"sum":	{
				"start":	4.000081,
				"end":	5.000092,
				"seconds":	1.0000109672546387,
				"bytes":	524288,
				"bits_per_second":	4194258.0005044881,
				"retransmits":	0,
				"omitted":	false,
				"sender":	true
			}
		}, {
			"streams":	[{
					"socket":	6,
					"start":	5.000092,
					"end":	6.00008,
					"seconds":	0.9999880194664,
					"bytes":	655360,
					"bits_per_second":	5242942.8132525366,
					"retransmits":	0,
					"snd_cwnd":	260640,
					"snd_wnd":	1066496,
					"rtt":	71,
					"rttvar":	43,
					"pmtu":	1500,
					"omitted":	false,
					"sender":	true
				}],
			"sum":	{
				"start":	5.000092,
				"end":	6.00008,
				"seconds":	0.9999880194664,
				"bytes":	655360,
				"bits_per_second":	5242942.8132525366,
				"retransmits":	0,
				"omitted":	false,
				"sender":	true
			}
		}, {
			"streams":	[{
					"socket":	6,
					"start":	6.00008,
					"end":	7.000115,
					"seconds":	1.0000350475311279,
					"bytes":	655360,
					"bits_per_second":	5242696.2564397585,
					"retransmits":	0,
					"snd_cwnd":	262088,
					"snd_wnd":	999936,
					"rtt":	66,
					"rttvar":	22,
					"pmtu":	1500,
					"omitted":	false,
					"sender":	true
				}],
			"sum":	{
				"start":	6.00008,
				"end":	7.000115,
				"seconds":	1.0000350475311279,
				"bytes":	655360,
				"bits_per_second":	5242696.2564397585,
				"retransmits":	0,
				"omitted":	false,
				"sender":	true
			}
		}, {
			"streams":	[{
					"socket":	6,
					"start":	7.000115,
					"end":	8.000108,
					"seconds":	0.99999302625656128,
					"bytes":	655360,
					"bits_per_second":	5242916.56275498,
					"retransmits":	0,
					"snd_cwnd":	260640,
					"snd_wnd":	1065472,
					"rtt":	72,
					"rttvar":	32,
					"pmtu":	1500,
					"omitted":	false,
					"sender":	true
				}],
			"sum":	{
				"start":	7.000115,
				"end":	8.000108,
				"seconds":	0.99999302625656128,
				"bytes":	655360,
				"bits_per_second":	5242916.56275498,
				"retransmits":	0,
				"omitted":	false,
				"sender":	true
			}
		}, {
			"streams":	[{
					"socket":	6,
					"start":	8.000108,
					"end":	9.000118,
					"seconds":	1.0000100135803223,
					"bytes":	524288,
					"bits_per_second":	4194262.0004205662,
					"retransmits":	0,
					"snd_cwnd":	260640,
					"snd_wnd":	1065472,
					"rtt":	68,
					"rttvar":	33,
					"pmtu":	1500,
					"omitted":	false,
					"sender":	true
				}],
			"sum":	{
				"start":	8.000108,
				"end":	9.000118,
				"seconds":	1.0000100135803223,
				"bytes":	524288,
				"bits_per_second":	4194262.0004205662,
				"retransmits":	0,
				"omitted":	false,
				"sender":	true
			}
		}, {
			"streams":	[{
					"socket":	6,
					"start":	9.000118,
					"end":	10.000091,
					"seconds":	0.99997299909591675,
					"bytes":	655360,
					"bits_per_second":	5243021.56632242,
					"retransmits":	0,
					"snd_cwnd":	260640,
					"snd_wnd":	1000448,
					"rtt":	61,
					"rttvar":	44,
					"pmtu":	1500,
					"omitted":	false,
					"sender":	true
				}],
			"sum":	{
				"start":	9.000118,
				"end":	10.000091,
				"seconds":	0.99997299909591675,
				"bytes":	655360,
				"bits_per_second":	5243021.56632242,
				"retransmits":	0,
				"omitted":	false,
				"sender":	true
			}
		}, {
			"streams":	[{
					"socket":	6,
					"start":	10.000091,
					"end":	11.000124,
					"seconds":	1.0000330209732056,
					"bytes":	655360,
					"bits_per_second":	5242706.8807165669,
					"retransmits":	0,
					"snd_cwnd":	262088,
					"snd_wnd":	999936,
					"rtt":	60,
					"rttvar":	42,
					"pmtu":	1500,
					"omitted":	false,
					"sender":	true
				}],
			"sum":	{
				"start":	10.000091,
				"end":	11.000124,
				"seconds":	1.0000330209732056,
				"bytes":	655360,
				"bits_per_second":	5242706.8807165669,
				"retransmits":	0,
				"omitted":	false,
				"sender":	true
			}
		}, {
			"streams":	[{
					"socket":	6,
					"start":	11.000124,
					"end":	12.000088,
					"seconds":	0.99996399879455566,
					"bytes":	655360,
					"bits_per_second":	5243068.7567954725,
					"retransmits":	0,
					"snd_cwnd":	260640,
					"snd_wnd":	1000448,
					"rtt":	57,
					"rttvar":	34,
					"pmtu":	1500,
					"omitted":	false,
					"sender":	true
				}],
			"sum":	{
				"start":	11.000124,
				"end":	12.000088,
				"seconds":	0.99996399879455566,
				"bytes":	655360,
				"bits_per_second":	5243068.7567954725,
				"retransmits":	0,
				"omitted":	false,
				"sender":	true
			}
		}, {
			"streams":	[{
					"socket":	6,
					"start":	12.000088,