{
	"start":	{
		"connected":	[{
				"socket":	6,
				"local_host":	"10.0.0.5",
				"local_port":	57062,
				"remote_host":	"10.0.0.1",
				"remote_port":	5004
			}],
		"version":	"iperf 3.12",
		"system_info":	"Linux cs244c-vm 6.1.0-43-cloud-amd64 #1 SMP PREEMPT_DYNAMIC Debian 6.1.162-1 (2026-02-08) x86_64",
		"timestamp":	{
			"time":	"Fri, 27 Feb 2026 06:32:00 GMT",
			"timesecs":	1772173920
		},
		"connecting_to":	{
			"host":	"10.0.0.1",
			"port":	5004
		},
		"cookie":	"4kiwwlqsqylg5fb27gy4hfqxzwthsrae23e4",
		"tcp_mss_default":	1448,
		"target_bitrate":	5000000,
		"sock_bufsize":	0,
		"sndbuf_actual":	87380,
		"rcvbuf_actual":	87380,
		"test_start":	{
			"protocol":	"TCP",
			"num_streams":	1,
			"blksize":	131072,
			"omit":	0,
			"duration":	15,
			"bytes":	0,
			"blocks":	0,
			"reverse":	0,
			"tos":	0,
			"target_bitrate":	5000000
		}
	},
	"intervals":	[{
			"streams":	[{
					"socket":	6,
					"start":	0,
					"end":	1.000109,
					"seconds":	1.0001089572906494,
					"bytes":	655360,
					"bits_per_second":	5242308.81223507,
					"retransmits":	9,
					"snd_cwnd":	179552,
					"snd_wnd":	1166848,
					"rtt":	50,
					"rttvar":	32,
					"pmtu":	1500,
					"omitted":	false,
					"sender":	true
				}],
			"sum":	{
				"start":	0,
				"end":	1.000109,
				"seconds":	1.0001089572906494,
				"bytes":	655360,
				"bits_per_second":	5242308.81223507,
				"retransmits":	9,
				"omitted":	false,
				"sender":	true
			}
		}, {
			"streams":	[{
					"socket":	6,
					"start":	1.000109,
					"end":	2.000082,
					"seconds":	0.99997299909591675,
					"bytes":	655360,
					"bits_per_second":	5243021.56632242,
					"retransmits":	0,
					"snd_cwnd":	179552,
					"snd_wnd":	1731584,
					"rtt":	51,
					"rttvar":	18,
					"pmtu":	1500,
					"omitted":	false,
					"sender":	true
				}],
			"sum":	{
				"start":	1.000109,
				"end":	2.000082,
				"seconds":	0.99997299909591675,
				"bytes":	655360,
				"bits_per_second":	5243021.56632242,
				"retransmits":	0,
				"omitted":	false,
				"sender":	true
			}
		}, {
			"streams":	[{
					"socket":	6,
					"start":	2.000082,
					"end":	3.000083,
					"seconds":	1.0000009536743164,
					"bytes":	655360,
					"bits_per_second":	5242875.0000047684,
					"retransmits":	0,
					"snd_cwnd":	282360,
					"snd_wnd":	1706496,
					"rtt":	43,
					"rttvar":	25,
					"pmtu":	1500,
					"omitted":	false,
					"sender":	true
				}],
			"sum":	{
				"start":	2.000082,
				"end":	3.000083,
				"seconds":	1.0000009536743164,
				"bytes":	655360,
				"bits_per_second":	5242875.0000047684,
				"retransmits":	0,
				"omitted":	false,
				"sender":	true
			}
		}, {
			"streams":	[{
					"socket":	6,
					"start":	3.000083,
					"end":	4.00009,
					"seconds":	1.0000070333480835,
					"bytes":	655360,
					"bits_per_second":	5242843.1252593528,
					"retransmits":	0,
					"snd_cwnd":	263536,
					"snd_wnd":	1762816,
					"rtt":	54,
					"rttvar":	16,
					"pmtu":	1500,
					"omitted":	false,
					"sender":	true
				}],
			"sum":	{
				"start":	3.000083,
				"end":	4.00009,
				"seconds":	1.0000070333480835,
				"bytes":	655360,
				"bits_per_second":	5242843.1252593528,
				"retransmits":	0,
				"omitted":	false,
				"sender":	true
			}
		}, {
			"streams":	[{
					"socket":	6,
					"start":	4.00009,
					"end":	5.000111,
					"seconds":	1.0000209808349609,
					"bytes":	524288,
					"bits_per_second":	4194216.0018462748,
					"retransmits":	0,
					"snd_cwnd":	263536,
					"snd_wnd":	1707008,
					"rtt":	50,
					"rttvar":	10,
					"pmtu":	1500,
					"omitted":	false,
					"sender":	true
				}],
			"sum":	{
				"start":	4.00009,
				"end":	5.000111,
				"seconds":	1.0000209808349609,
				"bytes":	524288,
				"bits_per_second":	4194216.0018462748,
				"retransmits":	0,
				"omitted":	false,
				"sender":	true
			}
		}, {
			"streams":	[{
					"socket":	6,
					"start":	5.000111,
					"end":	6.000084,
					"seconds":	0.99997299909591675,
					"bytes":	655360,
					"bits_per_second":	5243021.56632242,
					"retransmits":	0,
					"snd_cwnd":	263536,
					"snd_wnd":	1772032,
					"rtt":	51,
					"rttvar":	13,
					"pmtu":	1500,
					"omitted":	false,
					"sender":	true
				}],
			"sum":	{
				"start":	5.000111,
				"end":	6.000084,
				"seconds":	0.99997299909591675,
				"bytes":	655360,
				"bits_per_second":	5243021.56632242,
				"retransmits":	0,
				"omitted":	false,
				"sender":	true
			}
		}, {
			"streams":	[{
					"socket":	6,
					"start":	6.000084,
					"end":	7.000084,
					"seconds":	1,
					"bytes":	655360,
					"bits_per_second":	5242880,
					"retransmits":	0,
					"snd_cwnd":	263536,
					"snd_wnd":	1707008,
					"rtt":	49,
					"rttvar":	16,
					"pmtu":	1500,
					"omitted":	false,
					"sender":	true
				}],
			"sum":	{
				"start":	6.000084,
				"end":	7.000084,
				"seconds":	1,
				"bytes":	655360,
				"bits_per_second":	5242880,
				"retransmits":	0,
				"omitted":	false,
				"sender":	true
			}
		}, {
			"streams":	[{
					"socket":	6,
					"start":	7.000084,
					"end":	8.000086,
					"seconds":	1.0000020265579224,
					"bytes":	655360,
					"bits_per_second":	5242869.3750215322,
					"retransmits":	0,
					"snd_cwnd":	263536,
					"snd_wnd":	1707008,
					"rtt":	59,
					"rttvar":	16,
					"pmtu":	1500,
					"omitted":	false,
					"sender":	true
				}],
			"sum":	{
				"start":	7.000084,
				"end":	8.000086,
				"seconds":	1.0000020265579224,
				"bytes":	655360,
				"bits_per_second":	5242869.3750215322,
				"retransmits":	0,
				"omitted":	false,
				"sender":	true
			}
		}, {
			"streams":	[{
					"socket":	6,
					"start":	8.000086,
					"end":	9.000103,
					"seconds":	1.0000170469284058,
					"bytes":	524288,
					"bits_per_second":	4194232.5012188344,
					"retransmits":	0,
					"snd_cwnd":	263536,
					"snd_wnd":	1707008,
					"rtt":	59,
					"rttvar":	8,
					"pmtu":	1500,
					"omitted":	false,
					"sender":	true
				}],
			"sum":	{
				"start":	8.000086,
				"end":	9.000103,
				"seconds":	1.0000170469284058,
				"bytes":	524288,
				"bits_per_second":	4194232.5012188344,
				"retransmits":	0,
				"omitted":	false,
				"sender":	true
			}
		}, {
			"streams":	[{
					"socket":	6,
					"start":	9.000103,
					"end":	10.000109,
					"seconds":	1.0000059604644775,
					"bytes":	655360,
					"bits_per_second":	5242848.7501862636,
					"retransmits":	0,
					"snd_cwnd":	263536,
					"snd_wnd":	1707008,
					"rtt":	61,
					"rttvar":	8,
					"pmtu":	1500,
					"omitted":	false,
					"sender":	true
				}],
			"sum":	{
				"start":	9.000103,
				"end":	10.000109,
				"seconds":	1.0000059604644775,
				"bytes":	655360,
				"bits_per_second":	5242848.7501862636,
				"retransmits":	0,
				"omitted":	false,
				"sender":	true
			}
		}, {
			"streams":	[{
					"socket":	6,
					"start":	10.000109,
					"end":	11.000109,
					"seconds":	1,
					"bytes":	655360,
					"bits_per_second":	5242880,
					"retransmits":	0,
					"snd_cwnd":	263536,
					"snd_wnd":	1706496,
					"rtt":	60,
					"rttvar":	14,
					"pmtu":	1500,
					"omitted":	false,
					"sender":	true
				}],
			"sum":	{
				"start":	10.000109,
				"end":	11.000109,
				"seconds":	1,
				"bytes":	655360,
				"bits_per_second":	5242880,
				"retransmits":	0,
				"omitted":	false,
				"sender":	true
			}
		}, {
			"streams":	[{
					"socket":	6,
					"start":	11.000109,
					"end":	12.000088,
					"seconds":	0.999979019165039,
					"bytes":	655360,
					"bits_per_second":	5242990.00230794,
					"retransmits":	0,
					"snd_cwnd":	263536,
					"snd_wnd":	1772032,
					"rtt":	57,
					"rttvar":	23,
					"pmtu":	1500,
					"omitted":	false,
					"sender":	true
				}],
			"sum":	{
				"start":	11.000109,
				"end":	12.000088,
				"seconds":	0.999979019165039,
				"bytes":	655360,
				"bits_per_second":	5242990.00230794,
				"retransmits":	0,
				"omitted":	false,
				"sender":	true
			}
		}, {
			"streams":	[{
					"socket":	6,
					"start":	12.000088,
					"end":	13.000089,
					"seconds":	1.0000009536743164,
					"bytes":	524288,