{
	"start":	{
		"connected":	[{
				"socket":	6,
				"local_host":	"10.0.0.3",
				"local_port":	46468,
				"remote_host":	"10.0.0.1",
				"remote_port":	5002
			}],
		"version":	"iperf 3.12",
		"system_info":	"Linux cs244c-vm 6.1.0-43-cloud-amd64 #1 SMP PREEMPT_DYNAMIC Debian 6.1.162-1 (2026-02-08) x86_64",
		"timestamp":	{
			"time":	"Fri, 27 Feb 2026 06:56:45 GMT",
			"timesecs":	1772175405
		},
		"connecting_to":	{
			"host":	"10.0.0.1",
			"port":	5002
		},
		"cookie":	"slfwoogjy2v6xm2khjclto5opbed7ve6fd2b",
		"tcp_mss_default":	1448,
		"target_bitrate":	5000000,
		"sock_bufsize":	0,
		"sndbuf_actual":	87380,
		"rcvbuf_actual":	87380,
		"test_start":	{
			"protocol":	"TCP",
			"num_streams":	1,
			"blksize":	131072,
			"omit":	0,
			"duration":	15,
			"bytes":	0,
			"blocks":	0,
			"reverse":	0,
			"tos":	0,
			"target_bitrate":	5000000
		}
	},
	"intervals":	[{
			"streams":	[{
					"socket":	6,
					"start":	0,
					"end":	1.00008,
					"seconds":	1.0000799894332886,
					"bytes":	655360,
					"bits_per_second":	5242460.6585428854,
					"retransmits":	0,
					"snd_cwnd":	220096,
					"snd_wnd":	1195520,
					"rtt":	276,
					"rttvar":	396,
					"pmtu":	1500,
					"omitted":	false,
					"sender":	true
				}],
			"sum":	{
				"start":	0,
				"end":	1.00008,
				"seconds":	1.0000799894332886,
				"bytes":	655360,
				"bits_per_second":	5242460.6585428854,
				"retransmits":	0,
				"omitted":	false,
				"sender":	true
			}
		}, {
			"streams":	[{
					"socket":	6,
					"start":	1.00008,
					"end":	2.000088,
					"seconds":	1.0000079870224,
					"bytes":	655360,
					"bits_per_second":	5242838.1253344538,
					"retransmits":	0,
					"snd_cwnd":	220096,
					"snd_wnd":	1410048,
					"rtt":	124,
					"rttvar":	102,
					"pmtu":	1500,
					"omitted":	false,
					"sender":	true
				}],
			"sum":	{
				"start":	1.00008,
				"end":	2.000088,
				"seconds":	1.0000079870224,
				"bytes":	655360,
				"bits_per_second":	5242838.1253344538,
				"retransmits":	0,
				"omitted":	false,
				"sender":	true
			}
		}, {
			"streams":	[{
					"socket":	6,
					"start":	2.000088,
					"end":	3.000087,
					"seconds":	0.99999898672103882,
					"bytes":	655360,
					"bits_per_second":	5242885.312505383,
					"retransmits":	0,
					"snd_cwnd":	237472,
					"snd_wnd":	1365504,
					"rtt":	72,
					"rttvar":	43,
					"pmtu":	1500,
					"omitted":	false,
					"sender":	true
				}],
			"sum":	{
				"start":	2.000088,
				"end":	3.000087,
				"seconds":	0.99999898672103882,
				"bytes":	655360,
				"bits_per_second":	5242885.312505383,
				"retransmits":	0,
				"omitted":	false,
				"sender":	true
			}
		}, {
			"streams":	[{
					"socket":	6,
					"start":	3.000087,
					"end":	4.000087,
					"seconds":	1,
					"bytes":	655360,
					"bits_per_second":	5242880,
					"retransmits":	0,
					"snd_cwnd":	237472,
					"snd_wnd":	1418752,
					"rtt":	70,
					"rttvar":	33,
					"pmtu":	1500,
					"omitted":	false,
					"sender":	true
				}],
			"sum":	{
				"start":	3.000087,
				"end":	4.000087,
				"seconds":	1,
				"bytes":	655360,
				"bits_per_second":	5242880,
				"retransmits":	0,
				"omitted":	false,
				"sender":	true
			}
		}, {
			"streams":	[{
					"socket":	6,
					"start":	4.000087,
					"end":	5.000154,
					"seconds":	1.0000669956207275,
					"bytes":	524288,
					"bits_per_second":	4194023.0188245084,
					"retransmits":	0,
					"snd_cwnd":	237472,
					"snd_wnd":	1425920,
					"rtt":	68,
					"rttvar":	38,
					"pmtu":	1500,
					"omitted":	false,
					"sender":	true
				}],
			"sum":	{
				"start":	4.000087,
				"end":	5.000154,
				"seconds":	1.0000669956207275,
				"bytes":	524288,
				"bits_per_second":	4194023.0188245084,
				"retransmits":	0,
				"omitted":	false,
				"sender":	true
			}
		}, {
			"streams":	[{
					"socket":	6,
					"start":	5.000154,
					"end":	6.000048,
					"seconds":	0.99989402294158936,
					"bytes":	655360,
					"bits_per_second":	5243435.6838897439,
					"retransmits":	0,
					"snd_cwnd":	249056,
					"snd_wnd":	1424896,
					"rtt":	65,
					"rttvar":	27,
					"pmtu":	1500,
					"omitted":	false,
					"sender":	true
				}],
			"sum":	{
				"start":	5.000154,
				"end":	6.000048,
				"seconds":	0.99989402294158936,
				"bytes":	655360,
				"bits_per_second":	5243435.6838897439,
				"retransmits":	0,
				"omitted":	false,
				"sender":	true
			}
		}, {
			"streams":	[{
					"socket":	6,
					"start":	6.000048,
					"end":	7.000114,
					"seconds":	1.0000660419464111,
					"bytes":	655360,
					"bits_per_second":	5242533.7728655143,
					"retransmits":	0,
					"snd_cwnd":	254848,
					"snd_wnd":	1365504,
					"rtt":	63,
					"rttvar":	26,
					"pmtu":	1500,
					"omitted":	false,
					"sender":	true
				}],
			"sum":	{
				"start":	6.000048,
				"end":	7.000114,
				"seconds":	1.0000660419464111,
				"bytes":	655360,
				"bits_per_second":	5242533.7728655143,
				"retransmits":	0,
				"omitted":	false,
				"sender":	true
			}
		}, {
			"streams":	[{
					"socket":	6,
					"start":	7.000114,
					"end":	8.00011,
					"seconds":	0.9999960064888,
					"bytes":	655360,
					"bits_per_second":	5242900.9375836141,
					"retransmits":	0,
					"snd_cwnd":	256296,
					"snd_wnd":	1365504,
					"rtt":	51,
					"rttvar":	32,
					"pmtu":	1500,
					"omitted":	false,
					"sender":	true
				}],
			"sum":	{
				"start":	7.000114,
				"end":	8.00011,
				"seconds":	0.9999960064888,
				"bytes":	655360,
				"bits_per_second":	5242900.9375836141,
				"retransmits":	0,
				"omitted":	false,
				"sender":	true
			}
		}, {
			"streams":	[{
					"socket":	6,
					"start":	8.00011,
					"end":	9.000127,
					"seconds":	1.0000170469284058,
					"bytes":	524288,
					"bits_per_second":	4194232.5012188344,
					"retransmits":	0,
					"snd_cwnd":	254848,
					"snd_wnd":	1427456,
					"rtt":	61,
					"rttvar":	39,
					"pmtu":	1500,
					"omitted":	false,
					"sender":	true
				}],
			"sum":	{
				"start":	8.00011,
				"end":	9.000127,
				"seconds":	1.0000170469284058,
				"bytes":	524288,
				"bits_per_second":	4194232.5012188344,
				"retransmits":	0,
				"omitted":	false,
				"sender":	true
			}
		}, {
			"streams":	[{
					"socket":	6,
					"start":	9.000127,
					"end":	10.000154,
					"seconds":	1.0000269412994385,
					"bytes":	655360,
					"bits_per_second":	5242738.7538053561,
					"retransmits":	0,
					"snd_cwnd":	254848,
					"snd_wnd":	1365504,
					"rtt":	53,
					"rttvar":	44,
					"pmtu":	1500,
					"omitted":	false,
					"sender":	true
				}],
			"sum":	{
				"start":	9.000127,
				"end":	10.000154,
				"seconds":	1.0000269412994385,
				"bytes":	655360,
				"bits_per_second":	5242738.7538053561,
				"retransmits":	0,
				"omitted":	false,
				"sender":	true
			}
		}, {
			"streams":	[{
					"socket":	6,
					"start":	10.000154,
					"end":	11.000079,
					"seconds":	0.99992501735687256,
					"bytes":	655360,
					"bits_per_second":	5243273.1544797616,
					"retransmits":	0,
					"snd_cwnd":	254848,
					"snd_wnd":	1365504,
					"rtt":	52,
					"rttvar":	28,
					"pmtu":	1500,
					"omitted":	false,
					"sender":	true
				}],
			"sum":	{
				"start":	10.000154,
				"end":	11.000079,
				"seconds":	0.99992501735687256,
				"bytes":	655360,
				"bits_per_second":	5243273.1544797616,
				"retransmits":	0,
				"omitted":	false,
				"sender":	true
			}
		}, {
			"streams":	[{
					"socket":	6,
					"start":	11.000079,
					"end":	12.000091,
					"seconds":	1.0000120401382446,
					"bytes":	655360,
					"bits_per_second":	5242816.8757600244,
					"retransmits":	0,
					"snd_cwnd":	254848,
					"snd_wnd":	1365504,
					"rtt":	48,
					"rttvar":	31,
					"pmtu":	1500,
					"omitted":	false,
					"sender":	true
				}],
			"sum":	{
				"start":	11.000079,
				"end":	12.000091,
				"seconds":	1.0000120401382446,
				"bytes":	655360,
				"bits_per_second":	5242816.8757600244,
				"retransmits":	0,
				"omitted":	false,
				"sender":	true
			}
		}, {
			"streams":	[{
					"socket":	6,
					"start":	12.000091,
					"end":	13.000166,