{
	"start":	{
		"connected":	[{
				"socket":	6,
				"local_host":	"10.0.0.2",
				"local_port":	42950,
				"remote_host":	"10.0.0.1",
				"remote_port":	5001
			}],
		"version":	"iperf 3.12",
		"system_info":	"Linux cs244c-vm 6.1.0-43-cloud-amd64 #1 SMP PREEMPT_DYNAMIC Debian 6.1.162-1 (2026-02-08) x86_64",
		"timestamp":	{
			"time":	"Fri, 27 Feb 2026 06:32:00 GMT",
			"timesecs":	1772173920
		},
		"connecting_to":	{
			"host":	"10.0.0.1",
			"port":	5001
		},
		"cookie":	"pcuc45kfoddzitsrmbfdxa76mnndt53fuzm6",
		"tcp_mss_default":	1448,
		"target_bitrate":	5000000,
		"sock_bufsize":	0,
		"sndbuf_actual":	87380,
		"rcvbuf_actual":	87380,
		"test_start":	{
			"protocol":	"TCP",
			"num_streams":	1,
			"blksize":	131072,
			"omit":	0,
			"duration":	15,
			"bytes":	0,
			"blocks":	0,
			"reverse":	0,
			"tos":	0,
			"target_bitrate":	5000000
		}
	},
	"intervals":	[{
			"streams":	[{
					"socket":	6,
					"start":	0,
					"end":	1.000103,
					"seconds":	1.0001029968261719,
					"bytes":	655360,
					"bits_per_second":	5242340.0556125585,
					"retransmits":	0,
					"snd_cwnd":	247608,
					"snd_wnd":	1091072,
					"rtt":	140,
					"rttvar":	157,
					"pmtu":	1500,
					"omitted":	false,
					"sender":	true
				}],
			"sum":	{
				"start":	0,
				"end":	1.000103,
				"seconds":	1.0001029968261719,
				"bytes":	655360,
				"bits_per_second":	5242340.0556125585,
				"retransmits":	0,
				"omitted":	false,
				"sender":	true
			}
		}, {
			"streams":	[{
					"socket":	6,
					"start":	1.000103,
					"end":	2.000095,
					"seconds":	0.9999920129776,
					"bytes":	655360,
					"bits_per_second":	5242921.87533446,
					"retransmits":	0,
					"snd_cwnd":	262088,
					"snd_wnd":	2404352,
					"rtt":	63,
					"rttvar":	39,
					"pmtu":	1500,
					"omitted":	false,
					"sender":	true
				}],
			"sum":	{
				"start":	1.000103,
				"end":	2.000095,
				"seconds":	0.9999920129776,
				"bytes":	655360,
				"bits_per_second":	5242921.87533446,
				"retransmits":	0,
				"omitted":	false,
				"sender":	true
			}
		}, {
			"streams":	[{
					"socket":	6,
					"start":	2.000095,
					"end":	3.000089,
					"seconds":	0.99999397993087769,
					"bytes":	655360,
					"bits_per_second":	5242911.56269001,
					"retransmits":	0,
					"snd_cwnd":	325800,
					"snd_wnd":	3722240,
					"rtt":	50,
					"rttvar":	38,
					"pmtu":	1500,
					"omitted":	false,
					"sender":	true
				}],
			"sum":	{
				"start":	2.000095,
				"end":	3.000089,
				"seconds":	0.99999397993087769,
				"bytes":	655360,
				"bits_per_second":	5242911.56269001,
				"retransmits":	0,
				"omitted":	false,
				"sender":	true
			}
		}, {
			"streams":	[{
					"socket":	6,
					"start":	3.000089,
					"end":	4.000103,
					"seconds":	1.0000139474868774,
					"bytes":	655360,
					"bits_per_second":	5242806.876019896,
					"retransmits":	0,
					"snd_cwnd":	263536,
					"snd_wnd":	4744704,
					"rtt":	65,
					"rttvar":	36,
					"pmtu":	1500,
					"omitted":	false,
					"sender":	true
				}],
			"sum":	{
				"start":	3.000089,
				"end":	4.000103,
				"seconds":	1.0000139474868774,
				"bytes":	655360,
				"bits_per_second":	5242806.876019896,
				"retransmits":	0,
				"omitted":	false,
				"sender":	true
			}
		}, {
			"streams":	[{
					"socket":	6,
					"start":	4.000103,
					"end":	5.00009,
					"seconds":	0.999987006187439,
					"bytes":	524288,
					"bits_per_second":	4194358.5007081721,
					"retransmits":	0,
					"snd_cwnd":	263536,
					"snd_wnd":	4745216,
					"rtt":	68,
					"rttvar":	39,
					"pmtu":	1500,
					"omitted":	false,
					"sender":	true
				}],
			"sum":	{
				"start":	4.000103,
				"end":	5.00009,
				"seconds":	0.999987006187439,
				"bytes":	524288,
				"bits_per_second":	4194358.5007081721,
				"retransmits":	0,
				"omitted":	false,
				"sender":	true
			}
		}, {
			"streams":	[{
					"socket":	6,
					"start":	5.00009,
					"end":	6.000131,
					"seconds":	1.0000410079956055,
					"bytes":	655360,
					"bits_per_second":	5242665.0088163577,
					"retransmits":	0,
					"snd_cwnd":	263536,
					"snd_wnd":	4745216,
					"rtt":	63,
					"rttvar":	44,
					"pmtu":	1500,
					"omitted":	false,
					"sender":	true
				}],
			"sum":	{
				"start":	5.00009,
				"end":	6.000131,
				"seconds":	1.0000410079956055,
				"bytes":	655360,
				"bits_per_second":	5242665.0088163577,
				"retransmits":	0,
				"omitted":	false,
				"sender":	true
			}
		}, {
			"streams":	[{
					"socket":	6,
					"start":	6.000131,
					"end":	7.000083,
					"seconds":	0.99995201826095581,
					"bytes":	655360,
					"bits_per_second":	5243131.5745709855,
					"retransmits":	0,
					"snd_cwnd":	263536,
					"snd_wnd":	4790784,
					"rtt":	74,
					"rttvar":	40,
					"pmtu":	1500,
					"omitted":	false,
					"sender":	true
				}],
			"sum":	{
				"start":	6.000131,
				"end":	7.000083,
				"seconds":	0.99995201826095581,
				"bytes":	655360,
				"bits_per_second":	5243131.5745709855,
				"retransmits":	0,
				"omitted":	false,
				"sender":	true
			}
		}, {
			"streams":	[{
					"socket":	6,
					"start":	7.000083,
					"end":	8.000097,
					"seconds":	1.0000139474868774,
					"bytes":	655360,
					"bits_per_second":	5242806.876019896,
					"retransmits":	0,
					"snd_cwnd":	263536,
					"snd_wnd":	4745216,
					"rtt":	79,
					"rttvar":	46,
					"pmtu":	1500,
					"omitted":	false,
					"sender":	true
				}],
			"sum":	{
				"start":	7.000083,
				"end":	8.000097,
				"seconds":	1.0000139474868774,
				"bytes":	655360,
				"bits_per_second":	5242806.876019896,
				"retransmits":	0,
				"omitted":	false,
				"sender":	true
			}
		}, {
			"streams":	[{
					"socket":	6,
					"start":	8.000097,
					"end":	9.00008,
					"seconds":	0.999983012676239,
					"bytes":	524288,
					"bits_per_second":	4194375.2512103673,
					"retransmits":	0,
					"snd_cwnd":	263536,
					"snd_wnd":	4745216,
					"rtt":	64,
					"rttvar":	32,
					"pmtu":	1500,
					"omitted":	false,
					"sender":	true
				}],
			"sum":	{
				"start":	8.000097,
				"end":	9.00008,
				"seconds":	0.999983012676239,
				"bytes":	524288,
				"bits_per_second":	4194375.2512103673,
				"retransmits":	0,
				"omitted":	false,
				"sender":	true
			}
		}, {
			"streams":	[{
					"socket":	6,
					"start":	9.00008,
					"end":	10.000108,
					"seconds":	1.0000280141830444,
					"bytes":	655360,
					"bits_per_second":	5242733.1291144677,
					"retransmits":	0,
					"snd_cwnd":	263536,
					"snd_wnd":	4745216,
					"rtt":	67,
					"rttvar":	45,
					"pmtu":	1500,
					"omitted":	false,
					"sender":	true
				}],
			"sum":	{
				"start":	9.00008,
				"end":	10.000108,
				"seconds":	1.0000280141830444,
				"bytes":	655360,
				"bits_per_second":	5242733.1291144677,
				"retransmits":	0,
				"omitted":	false,
				"sender":	true
			}
		}, {
			"streams":	[{
					"socket":	6,
					"start":	10.000108,
					"end":	11.000079,
					"seconds":	0.99997097253799438,
					"bytes":	655360,
					"bits_per_second":	5243032.1919177454,
					"retransmits":	0,
					"snd_cwnd":	263536,
					"snd_wnd":	4745216,
					"rtt":	69,
					"rttvar":	49,
					"pmtu":	1500,
					"omitted":	false,
					"sender":	true
				}],
			"sum":	{
				"start":	10.000108,
				"end":	11.000079,
				"seconds":	0.99997097253799438,
				"bytes":	655360,
				"bits_per_second":	5243032.1919177454,
				"retransmits":	0,
				"omitted":	false,
				"sender":	true
			}
		}, {
			"streams":	[{
					"socket":	6,
					"start":	11.000079,
					"end":	12.00008,
					"seconds":	1.0000009536743164,
					"bytes":	655360,
					"bits_per_second":	5242875.0000047684,
					"retransmits":	0,
					"snd_cwnd":	263536,
					"snd_wnd":	4745216,
					"rtt":	67,
					"rttvar":	40,
					"pmtu":	1500,
					"omitted":	false,
					"sender":	true
				}],
			"sum":	{
				"start":	11.000079,
				"end":	12.00008,
				"seconds":	1.0000009536743164,
				"bytes":	655360,
				"bits_per_second":	5242875.0000047684,
				"retransmits":	0,
				"omitted":	false,
				"sender":	true
			}
		}, {
			"streams":	[{
					"socket":	6,