{
	"start":	{
		"connected":	[{
				"socket":	6,
				"local_host":	"10.0.0.5",
				"local_port":	48834,
				"remote_host":	"10.0.0.1",
				"remote_port":	5004
			}],
		"version":	"iperf 3.12",
		"system_info":	"Linux cs244c-vm 6.1.0-43-cloud-amd64 #1 SMP PREEMPT_DYNAMIC Debian 6.1.162-1 (2026-02-08) x86_64",
		"timestamp":	{
			"time":	"Fri, 27 Feb 2026 06:56:45 GMT",
			"timesecs":	1772175405
		},
		"connecting_to":	{
			"host":	"10.0.0.1",
			"port":	5004
		},
		"cookie":	"kjmy3bmbety3m3t6z7omdaipg7kesp2d4tc5",
		"tcp_mss_default":	1448,
		"target_bitrate":	5000000,
		"sock_bufsize":	0,
		"sndbuf_actual":	87380,
		"rcvbuf_actual":	87380,
		"test_start":	{
			"protocol":	"TCP",
			"num_streams":	1,
			"blksize":	131072,
			"omit":	0,
			"duration":	15,
			"bytes":	0,
			"blocks":	0,
			"reverse":	0,
			"tos":	0,
			"target_bitrate":	5000000
		}
	},
	"intervals":	[{
			"streams":	[{
					"socket":	6,
					"start":	0,
					"end":	1.000098,
					"seconds":	1.0000979900360107,
					"bytes":	655360,
					"bits_per_second":	5242366.30033745,
					"retransmits":	0,
					"snd_cwnd":	165072,
					"snd_wnd":	704000,
					"rtt":	450,
					"rttvar":	694,
					"pmtu":	1500,
					"omitted":	false,
					"sender":	true
				}],
			"sum":	{
				"start":	0,
				"end":	1.000098,
				"seconds":	1.0000979900360107,
				"bytes":	655360,
				"bits_per_second":	5242366.30033745,
				"retransmits":	0,
				"omitted":	false,
				"sender":	true
			}
		}, {
			"streams":	[{
					"socket":	6,
					"start":	1.000098,
					"end":	2.000095,
					"seconds":	0.99999701976776123,
					"bytes":	655360,
					"bits_per_second":	5242895.6250465661,
					"retransmits":	0,
					"snd_cwnd":	214304,
					"snd_wnd":	728576,
					"rtt":	145,
					"rttvar":	181,
					"pmtu":	1500,
					"omitted":	false,
					"sender":	true
				}],
			"sum":	{
				"start":	1.000098,
				"end":	2.000095,
				"seconds":	0.99999701976776123,
				"bytes":	655360,
				"bits_per_second":	5242895.6250465661,
				"retransmits":	0,
				"omitted":	false,
				"sender":	true
			}
		}, {
			"streams":	[{
					"socket":	6,
					"start":	2.000095,
					"end":	3.00009,
					"seconds":	0.999994993209839,
					"bytes":	655360,
					"bits_per_second":	5242906.25013143,
					"retransmits":	0,
					"snd_cwnd":	214304,
					"snd_wnd":	686592,
					"rtt":	75,
					"rttvar":	49,
					"pmtu":	1500,
					"omitted":	false,
					"sender":	true
				}],
			"sum":	{
				"start":	2.000095,
				"end":	3.00009,
				"seconds":	0.999994993209839,
				"bytes":	655360,
				"bits_per_second":	5242906.25013143,
				"retransmits":	0,
				"omitted":	false,
				"sender":	true
			}
		}, {
			"streams":	[{
					"socket":	6,
					"start":	3.00009,
					"end":	4.000088,
					"seconds":	0.99999797344207764,
					"bytes":	655360,
					"bits_per_second":	5242890.6250215322,
					"retransmits":	0,
					"snd_cwnd":	249056,
					"snd_wnd":	745984,
					"rtt":	52,
					"rttvar":	17,
					"pmtu":	1500,
					"omitted":	false,
					"sender":	true
				}],
			"sum":	{
				"start":	3.00009,
				"end":	4.000088,
				"seconds":	0.99999797344207764,
				"bytes":	655360,
				"bits_per_second":	5242890.6250215322,
				"retransmits":	0,
				"omitted":	false,
				"sender":	true
			}
		}, {
			"streams":	[{
					"socket":	6,
					"start":	4.000088,
					"end":	5.00008,
					"seconds":	0.9999920129776,
					"bytes":	524288,
					"bits_per_second":	4194337.5002675671,
					"retransmits":	0,
					"snd_cwnd":	249056,
					"snd_wnd":	686592,
					"rtt":	52,
					"rttvar":	23,
					"pmtu":	1500,
					"omitted":	false,
					"sender":	true
				}],
			"sum":	{
				"start":	4.000088,
				"end":	5.00008,
				"seconds":	0.9999920129776,
				"bytes":	524288,
				"bits_per_second":	4194337.5002675671,
				"retransmits":	0,
				"omitted":	false,
				"sender":	true
			}
		}, {
			"streams":	[{
					"socket":	6,
					"start":	5.00008,
					"end":	6.000076,
					"seconds":	0.9999960064888,
					"bytes":	655360,
					"bits_per_second":	5242900.9375836141,
					"retransmits":	0,
					"snd_cwnd":	254848,
					"snd_wnd":	748544,
					"rtt":	58,
					"rttvar":	20,
					"pmtu":	1500,
					"omitted":	false,
					"sender":	true
				}],
			"sum":	{
				"start":	5.00008,
				"end":	6.000076,
				"seconds":	0.9999960064888,
				"bytes":	655360,
				"bits_per_second":	5242900.9375836141,
				"retransmits":	0,
				"omitted":	false,
				"sender":	true
			}
		}, {
			"streams":	[{
					"socket":	6,
					"start":	6.000076,
					"end":	7.000096,
					"seconds":	1.0000200271606445,
					"bytes":	655360,
					"bits_per_second":	5242775.00210281,
					"retransmits":	0,
					"snd_cwnd":	260640,
					"snd_wnd":	751616,
					"rtt":	59,
					"rttvar":	33,
					"pmtu":	1500,
					"omitted":	false,
					"sender":	true
				}],
			"sum":	{
				"start":	6.000076,
				"end":	7.000096,
				"seconds":	1.0000200271606445,
				"bytes":	655360,
				"bits_per_second":	5242775.00210281,
				"retransmits":	0,
				"omitted":	false,
				"sender":	true
			}
		}, {
			"streams":	[{
					"socket":	6,
					"start":	7.000096,
					"end":	8.0001,
					"seconds":	1.0000040531158447,
					"bytes":	655360,
					"bits_per_second":	5242858.75008613,
					"retransmits":	0,
					"snd_cwnd":	260640,
					"snd_wnd":	751616,
					"rtt":	56,
					"rttvar":	25,
					"pmtu":	1500,
					"omitted":	false,
					"sender":	true
				}],
			"sum":	{
				"start":	7.000096,
				"end":	8.0001,
				"seconds":	1.0000040531158447,
				"bytes":	655360,
				"bits_per_second":	5242858.75008613,
				"retransmits":	0,
				"omitted":	false,
				"sender":	true
			}
		}, {
			"streams":	[{
					"socket":	6,
					"start":	8.0001,
					"end":	9.000092,
					"seconds":	0.9999920129776,
					"bytes":	524288,
					"bits_per_second":	4194337.5002675671,
					"retransmits":	0,
					"snd_cwnd":	260640,
					"snd_wnd":	751616,
					"rtt":	51,
					"rttvar":	22,
					"pmtu":	1500,
					"omitted":	false,
					"sender":	true
				}],
			"sum":	{
				"start":	8.0001,
				"end":	9.000092,
				"seconds":	0.9999920129776,
				"bytes":	524288,
				"bits_per_second":	4194337.5002675671,
				"retransmits":	0,
				"omitted":	false,
				"sender":	true
			}
		}, {
			"streams":	[{
					"socket":	6,
					"start":	9.000092,
					"end":	10.000098,
					"seconds":	1.0000059604644775,
					"bytes":	655360,
					"bits_per_second":	5242848.7501862636,
					"retransmits":	0,
					"snd_cwnd":	260640,
					"snd_wnd":	686592,
					"rtt":	48,
					"rttvar":	26,
					"pmtu":	1500,
					"omitted":	false,
					"sender":	true
				}],
			"sum":	{
				"start":	9.000092,
				"end":	10.000098,
				"seconds":	1.0000059604644775,
				"bytes":	655360,
				"bits_per_second":	5242848.7501862636,
				"retransmits":	0,
				"omitted":	false,
				"sender":	true
			}
		}, {
			"streams":	[{
					"socket":	6,
					"start":	10.000098,
					"end":	11.000102,
					"seconds":	1.0000040531158447,
					"bytes":	655360,
					"bits_per_second":	5242858.75008613,
					"retransmits":	0,
					"snd_cwnd":	260640,
					"snd_wnd":	686592,
					"rtt":	50,
					"rttvar":	30,
					"pmtu":	1500,
					"omitted":	false,
					"sender":	true
				}],
			"sum":	{
				"start":	10.000098,
				"end":	11.000102,
				"seconds":	1.0000040531158447,
				"bytes":	655360,
				"bits_per_second":	5242858.75008613,
				"retransmits":	0,
				"omitted":	false,
				"sender":	true
			}
		}, {
			"streams":	[{
					"socket":	6,
					"start":	11.000102,
					"end":	12.000105,
					"seconds":	1.0000029802322388,
					"bytes":	655360,
					"bits_per_second":	5242864.3750465661,
					"retransmits":	0,
					"snd_cwnd":	260640,
					"snd_wnd":	751616,
					"rtt":	55,
					"rttvar":	16,
					"pmtu":	1500,
					"omitted":	false,
					"sender":	true
				}],
			"sum":	{
				"start":	11.000102,
				"end":	12.000105,
				"seconds":	1.0000029802322388,
				"bytes":	655360,
				"bits_per_second":	5242864.3750465661,
				"retransmits":	0,
				"omitted":	false,
				"sender":	true
			}
		}, {
			"streams":	[{
					"socket":	6,
					"start":	12.000105,
					"end":	13.000106,