{
	"start":	{
		"connected":	[{
				"socket":	6,
				"local_host":	"10.0.0.5",
				"local_port":	55394,
				"remote_host":	"10.0.0.1",
				"remote_port":	5004
			}],
		"version":	"iperf 3.12",
		"system_info":	"Linux cs244c-vm 6.1.0-43-cloud-amd64 #1 SMP PREEMPT_DYNAMIC Debian 6.1.162-1 (2026-02-08) x86_64",
		"timestamp":	{
			"time":	"Wed, 11 Mar 2026 04:37:11 GMT",
			"timesecs":	1773203831
		},
		"connecting_to":	{
			"host":	"10.0.0.1",
			"port":	5004
		},
		"cookie":	"q7ooht6nf4kcv6pgzerrhovoufctl7txwhpc",
		"tcp_mss_default":	1448,
		"target_bitrate":	0,
		"sock_bufsize":	0,
		"sndbuf_actual":	87380,
		"rcvbuf_actual":	87380,
		"test_start":	{
			"protocol":	"TCP",
			"num_streams":	1,
			"blksize":	131072,
			"omit":	0,
			"duration":	0,
			"bytes":	20971520,
			"blocks":	0,
			"reverse":	0,
			"tos":	0,
			"target_bitrate":	0
		}
	},
	"intervals":	[{
			"streams":	[{
					"socket":	6,
					"start":	0,
					"end":	0.10012,
					"seconds":	0.10012000054121017,
					"bytes":	4876864,
					"bits_per_second":	389681500.090895,
					"retransmits":	6,
					"snd_cwnd":	72400,
					"snd_wnd":	1012224,
					"rtt":	1381,
					"rttvar":	227,
					"pmtu":	1500,
					"omitted":	false,
					"sender":	true
				}],
			"sum":	{
				"start":	0,
				"end":	0.10012,
				"seconds":	0.10012000054121017,
				"bytes":	4876864,
				"bits_per_second":	389681500.090895,
				"retransmits":	6,
				"omitted":	false,
				"sender":	true
			}
		}, {
			"streams":	[{
					"socket":	6,
					"start":	0.10012,
					"end":	0.200148,
					"seconds":	0.10002800077199936,
					"bytes":	3909600,
					"bits_per_second":	312680447.060932,
					"retransmits":	1,
					"snd_cwnd":	72400,
					"snd_wnd":	1012224,
					"rtt":	1616,
					"rttvar":	133,
					"pmtu":	1500,
					"omitted":	false,
					"sender":	true
				}],
			"sum":	{
				"start":	0.10012,
				"end":	0.200148,
				"seconds":	0.10002800077199936,
				"bytes":	3909600,
				"bits_per_second":	312680447.060932,
				"retransmits":	1,
				"omitted":	false,
				"sender":	true
			}
		}, {
			"streams":	[{
					"socket":	6,
					"start":	0.200148,
					"end":	0.300122,
					"seconds":	0.099973998963832855,
					"bytes":	3909600,
					"bits_per_second":	312849344.07110059,
					"retransmits":	0,
					"snd_cwnd":	75296,
					"snd_wnd":	984576,
					"rtt":	1707,
					"rttvar":	216,
					"pmtu":	1500,
					"omitted":	false,
					"sender":	true
				}],
			"sum":	{
				"start":	0.200148,
				"end":	0.300122,
				"seconds":	0.099973998963832855,
				"bytes":	3909600,
				"bits_per_second":	312849344.07110059,
				"retransmits":	0,
				"omitted":	false,
				"sender":	true
			}
		}, {
			"streams":	[{
					"socket":	6,
					"start":	0.300122,
					"end":	0.400134,
					"seconds":	0.10001199692487717,
					"bytes":	4561200,
					"bits_per_second":	364852228.95217991,
					"retransmits":	0,
					"snd_cwnd":	66608,
					"snd_wnd":	1004032,
					"rtt":	1782,
					"rttvar":	301,
					"pmtu":	1500,
					"omitted":	false,
					"sender":	true
				}],
			"sum":	{
				"start":	0.300122,
				"end":	0.400134,
				"seconds":	0.10001199692487717,
				"bytes":	4561200,
				"bits_per_second":	364852228.95217991,
				"retransmits":	0,
				"omitted":	false,
				"sender":	true
			}
		}, {
			"streams":	[{
					"socket":	6,
					"start":	0.400134,
					"end":	0.487068,
					"seconds":	0.086934000253677368,
					"bytes":	3714256,
					"bits_per_second":	341800077.22287089,
					"retransmits":	15,
					"snd_cwnd":	81088,
					"snd_wnd":	991744,
					"rtt":	1749,
					"rttvar":	226,
					"pmtu":	1500,
					"omitted":	false,
					"sender":	true
				}],
			"sum":	{
				"start":	0.400134,
				"end":	0.487068,
				"seconds":	0.086934000253677368,
				"bytes":	3714256,
				"bits_per_second":	341800077.22287089,
				"retransmits":	15,
				"omitted":	false,
				"sender":	true
			}
		}],
	"end":	{
		"streams":	[{
				"sender":	{
					"socket":	6,
					"start":	0,
					"end":	0.487068,
					"seconds":	0.487068,
					"bytes":	20971520,
					"bits_per_second":	344453259.09318614,
					"retransmits":	22,
					"max_snd_cwnd":	81088,
					"max_snd_wnd":	1012224,
					"max_rtt":	1782,
					"min_rtt":	1381,
					"mean_rtt":	1647,
					"sender":	true
				},
				"receiver":	{
					"socket":	6,
					"start":	0,
					"end":	0.489553,
					"seconds":	0.487068,
					"bytes":	20710744,
					"bits_per_second":	338443339.1277349,
					"sender":	true
				}
			}],
		"sum_sent":	{
			"start":	0,
			"end":	0.487068,
			"seconds":	0.487068,
			"bytes":	20971520,
			"bits_per_second":	344453259.09318614,
			"retransmits":	22,
			"sender":	true
		},
		"sum_received":	{
			"start":	0,
			"end":	0.489553,
			"seconds":	0.489553,
			"bytes":	20710744,
			"bits_per_second":	338443339.1277349,
			"sender":	true
		},
		"cpu_utilization_percent":	{
			"host_total":	3.8284762161574775,
			"host_user":	1.4891313534594131,
			"host_system":	2.3393448626980646,
			"remote_total":	7.0310393568259615,
			"remote_user":	0,
			"remote_system":	7.0310393568259615
		},
		"sender_tcp_congestion":	"dctcp",
		"receiver_tcp_congestion":	"dctcp"
	}
}
