{
	"start":	{
		"connected":	[{
				"socket":	6,
				"local_host":	"10.0.0.3",
				"local_port":	47634,
				"remote_host":	"10.0.0.1",
				"remote_port":	5002
			}],
		"version":	"iperf 3.12",
		"system_info":	"Linux cs244c-vm 6.1.0-43-cloud-amd64 #1 SMP PREEMPT_DYNAMIC Debian 6.1.162-1 (2026-02-08) x86_64",
		"timestamp":	{
			"time":	"Wed, 11 Mar 2026 04:33:14 GMT",
			"timesecs":	1773203594
		},
		"connecting_to":	{
			"host":	"10.0.0.1",
			"port":	5002
		},
		"cookie":	"3uocbgkty2advmizpyvjpbwqlydi3kdr2eze",
		"tcp_mss_default":	1448,
		"target_bitrate":	0,
		"sock_bufsize":	0,
		"sndbuf_actual":	87380,
		"rcvbuf_actual":	87380,
		"test_start":	{
			"protocol":	"TCP",
			"num_streams":	1,
			"blksize":	131072,
			"omit":	0,
			"duration":	0,
			"bytes":	20971520,
			"blocks":	0,
			"reverse":	0,
			"tos":	0,
			"target_bitrate":	0
		}
	},
	"intervals":	[{
			"streams":	[{
					"socket":	6,
					"start":	0,
					"end":	0.100107,
					"seconds":	0.10010699927806854,
					"bytes":	1815792,
					"bits_per_second":	145108095.38551849,
					"retransmits":	4,
					"snd_cwnd":	62264,
					"snd_wnd":	357888,
					"rtt":	1293,
					"rttvar":	149,
					"pmtu":	1500,
					"omitted":	false,
					"sender":	true
				}],
			"sum":	{
				"start":	0,
				"end":	0.100107,
				"seconds":	0.10010699927806854,
				"bytes":	1815792,
				"bits_per_second":	145108095.38551849,
				"retransmits":	4,
				"omitted":	false,
				"sender":	true
			}
		}, {
			"streams":	[{
					"socket":	6,
					"start":	0.100107,
					"end":	0.200149,
					"seconds":	0.10004200041294098,
					"bytes":	4675592,
					"bits_per_second":	373890324.51975536,
					"retransmits":	21,
					"snd_cwnd":	30408,
					"snd_wnd":	334848,
					"rtt":	1529,
					"rttvar":	202,
					"pmtu":	1500,
					"omitted":	false,
					"sender":	true
				}],
			"sum":	{
				"start":	0.100107,
				"end":	0.200149,
				"seconds":	0.10004200041294098,
				"bytes":	4675592,
				"bits_per_second":	373890324.51975536,
				"retransmits":	21,
				"omitted":	false,
				"sender":	true
			}
		}, {
			"streams":	[{
					"socket":	6,
					"start":	0.200149,
					"end":	0.30016,
					"seconds":	0.10001099854707718,
					"bytes":	4039920,
					"bits_per_second":	323158057.3089332,
					"retransmits":	0,
					"snd_cwnd":	76744,
					"snd_wnd":	345600,
					"rtt":	1355,
					"rttvar":	281,
					"pmtu":	1500,
					"omitted":	false,
					"sender":	true
				}],
			"sum":	{
				"start":	0.200149,
				"end":	0.30016,
				"seconds":	0.10001099854707718,
				"bytes":	4039920,
				"bits_per_second":	323158057.3089332,
				"retransmits":	0,
				"omitted":	false,
				"sender":	true
			}
		}, {
			"streams":	[{
					"socket":	6,
					"start":	0.30016,
					"end":	0.400079,
					"seconds":	0.099918998777866364,
					"bytes":	5613896,
					"bits_per_second":	449475760.85949063,
					"retransmits":	1,
					"snd_cwnd":	72400,
					"snd_wnd":	347136,
					"rtt":	1411,
					"rttvar":	158,
					"pmtu":	1500,
					"omitted":	false,
					"sender":	true
				}],
			"sum":	{
				"start":	0.30016,
				"end":	0.400079,
				"seconds":	0.099918998777866364,
				"bytes":	5613896,
				"bits_per_second":	449475760.85949063,
				"retransmits":	1,
				"omitted":	false,
				"sender":	true
			}
		}, {
			"streams":	[{
					"socket":	6,
					"start":	0.400079,
					"end":	0.500134,
					"seconds":	0.10005500167608261,
					"bytes":	4235400,
					"bits_per_second":	338645739.16747552,
					"retransmits":	1,
					"snd_cwnd":	50680,
					"snd_wnd":	352256,
					"rtt":	1381,
					"rttvar":	100,
					"pmtu":	1500,
					"omitted":	false,
					"sender":	true
				}],
			"sum":	{
				"start":	0.400079,
				"end":	0.500134,
				"seconds":	0.10005500167608261,
				"bytes":	4235400,
				"bits_per_second":	338645739.16747552,
				"retransmits":	1,
				"omitted":	false,
				"sender":	true
			}
		}, {
			"streams":	[{
					"socket":	6,
					"start":	0.500134,
					"end":	0.520193,
					"seconds":	0.0200590007007122,
					"bytes":	590920,
					"bits_per_second":	235672757.10958788,
					"retransmits":	0,
					"snd_cwnd":	52128,
					"snd_wnd":	355840,
					"rtt":	1388,
					"rttvar":	134,
					"pmtu":	1500,
					"omitted":	false,
					"sender":	true
				}],
			"sum":	{
				"start":	0.500134,
				"end":	0.520193,
				"seconds":	0.0200590007007122,
				"bytes":	590920,
				"bits_per_second":	235672757.10958788,
				"retransmits":	0,
				"omitted":	false,
				"sender":	true
			}
		}],
	"end":	{
		"streams":	[{
				"sender":	{
					"socket":	6,
					"start":	0,
					"end":	0.520193,
					"seconds":	0.520193,
					"bytes":	20971520,
					"bits_per_second":	322519065.039322,
					"retransmits":	27,
					"max_snd_cwnd":	76744,
					"max_snd_wnd":	357888,
					"max_rtt":	1529,
					"min_rtt":	1293,
					"mean_rtt":	1392,
					"sender":	true
				},
				"receiver":	{
					"socket":	6,
					"start":	0,
					"end":	0.522026,
					"seconds":	0.520193,
					"bytes":	20771560,
					"bits_per_second":	318322229.16099966,
					"sender":	true
				}
			}],
		"sum_sent":	{
			"start":	0,
			"end":	0.520193,
			"seconds":	0.520193,
			"bytes":	20971520,
			"bits_per_second":	322519065.039322,
			"retransmits":	27,
			"sender":	true
		},
		"sum_received":	{
			"start":	0,
			"end":	0.522026,
			"seconds":	0.522026,
			"bytes":	20771560,
			"bits_per_second":	318322229.16099966,
			"sender":	true
		},
		"cpu_utilization_percent":	{
			"host_total":	4.2870879198726,
			"host_user":	0.60771842064995829,
			"host_system":	3.6791805907922255,
			"remote_total":	6.1625062965779174,
			"remote_user":	0.9752752777676692,
			"remote_system":	5.1757391655765366
		},
		"sender_tcp_congestion":	"dctcp",
		"receiver_tcp_congestion":	"dctcp"
	}
}
