{
	"start":	{
		"connected":	[{
				"socket":	6,
				"local_host":	"10.0.0.5",
				"local_port":	38588,
				"remote_host":	"10.0.0.1",
				"remote_port":	5004
			}],
		"version":	"iperf 3.12",
		"system_info":	"Linux cs244c-vm 6.1.0-43-cloud-amd64 #1 SMP PREEMPT_DYNAMIC Debian 6.1.162-1 (2026-02-08) x86_64",
		"timestamp":	{
			"time":	"Wed, 11 Mar 2026 04:33:17 GMT",
			"timesecs":	1773203597
		},
		"connecting_to":	{
			"host":	"10.0.0.1",
			"port":	5004
		},
		"cookie":	"o7fclrjx45zixxye3ycyhldes6vgd5cyfvim",
		"tcp_mss_default":	1448,
		"target_bitrate":	0,
		"sock_bufsize":	0,
		"sndbuf_actual":	87380,
		"rcvbuf_actual":	87380,
		"test_start":	{
			"protocol":	"TCP",
			"num_streams":	1,
			"blksize":	131072,
			"omit":	0,
			"duration":	0,
			"bytes":	20971520,
			"blocks":	0,
			"reverse":	0,
			"tos":	0,
			"target_bitrate":	0
		}
	},
	"intervals":	[{
			"streams":	[{
					"socket":	6,
					"start":	0,
					"end":	0.100157,
					"seconds":	0.1001570001244545,
					"bytes":	994776,
					"bits_per_second":	79457331.8900444,
					"retransmits":	0,
					"snd_cwnd":	20272,
					"snd_wnd":	148480,
					"rtt":	1567,
					"rttvar":	90,
					"pmtu":	1500,
					"omitted":	false,
					"sender":	true
				}],
			"sum":	{
				"start":	0,
				"end":	0.100157,
				"seconds":	0.1001570001244545,
				"bytes":	994776,
				"bits_per_second":	79457331.8900444,
				"retransmits":	0,
				"omitted":	false,
				"sender":	true
			}
		}, {
			"streams":	[{
					"socket":	6,
					"start":	0.100157,
					"end":	0.200151,
					"seconds":	0.099993996322155,
					"bytes":	1550808,
					"bits_per_second":	124072088.88851243,
					"retransmits":	1,
					"snd_cwnd":	31856,
					"snd_wnd":	153600,
					"rtt":	1545,
					"rttvar":	106,
					"pmtu":	1500,
					"omitted":	false,
					"sender":	true
				}],
			"sum":	{
				"start":	0.100157,
				"end":	0.200151,
				"seconds":	0.099993996322155,
				"bytes":	1550808,
				"bits_per_second":	124072088.88851243,
				"retransmits":	1,
				"omitted":	false,
				"sender":	true
			}
		}, {
			"streams":	[{
					"socket":	6,
					"start":	0.200151,
					"end":	0.300117,
					"seconds":	0.099965997040271759,
					"bytes":	3263792,
					"bits_per_second":	261192173.06942213,
					"retransmits":	1,
					"snd_cwnd":	55024,
					"snd_wnd":	287232,
					"rtt":	1481,
					"rttvar":	274,
					"pmtu":	1500,
					"omitted":	false,
					"sender":	true
				}],
			"sum":	{
				"start":	0.200151,
				"end":	0.300117,
				"seconds":	0.099965997040271759,
				"bytes":	3263792,
				"bits_per_second":	261192173.06942213,
				"retransmits":	1,
				"omitted":	false,
				"sender":	true
			}
		}, {
			"streams":	[{
					"socket":	6,
					"start":	0.300117,
					"end":	0.400075,
					"seconds":	0.09995800256729126,
					"bytes":	4481560,
					"bits_per_second":	358675434.474236,
					"retransmits":	0,
					"snd_cwnd":	66608,
					"snd_wnd":	271872,
					"rtt":	1533,
					"rttvar":	238,
					"pmtu":	1500,
					"omitted":	false,
					"sender":	true
				}],
			"sum":	{
				"start":	0.300117,
				"end":	0.400075,
				"seconds":	0.09995800256729126,
				"bytes":	4481560,
				"bits_per_second":	358675434.474236,
				"retransmits":	0,
				"omitted":	false,
				"sender":	true
			}
		}, {
			"streams":	[{
					"socket":	6,
					"start":	0.400075,
					"end":	0.500106,
					"seconds":	0.10003100335597992,
					"bytes":	4826184,
					"bits_per_second":	385975054.779773,
					"retransmits":	4,
					"snd_cwnd":	66608,
					"snd_wnd":	322560,
					"rtt":	1432,
					"rttvar":	207,
					"pmtu":	1500,
					"omitted":	false,
					"sender":	true
				}],
			"sum":	{
				"start":	0.400075,
				"end":	0.500106,
				"seconds":	0.10003100335597992,
				"bytes":	4826184,
				"bits_per_second":	385975054.779773,
				"retransmits":	4,
				"omitted":	false,
				"sender":	true
			}
		}, {
			"streams":	[{
					"socket":	6,
					"start":	0.500106,
					"end":	0.600105,
					"seconds":	0.099999003112316132,
					"bytes":	4960848,
					"bits_per_second":	396871796.36605871,
					"retransmits":	0,
					"snd_cwnd":	76744,
					"snd_wnd":	321536,
					"rtt":	1486,
					"rttvar":	125,
					"pmtu":	1500,
					"omitted":	false,
					"sender":	true
				}],
			"sum":	{
				"start":	0.500106,
				"end":	0.600105,
				"seconds":	0.099999003112316132,
				"bytes":	4960848,
				"bits_per_second":	396871796.36605871,
				"retransmits":	0,
				"omitted":	false,
				"sender":	true
			}
		}, {
			"streams":	[{
					"socket":	6,
					"start":	0.600105,
					"end":	0.61738,
					"seconds":	0.0172749999910593,
					"bytes":	893552,
					"bits_per_second":	413801215.84368575,
					"retransmits":	0,
					"snd_cwnd":	89776,
					"snd_wnd":	315392,
					"rtt":	1513,
					"rttvar":	123,
					"pmtu":	1500,
					"omitted":	false,
					"sender":	true
				}],
			"sum":	{
				"start":	0.600105,
				"end":	0.61738,
				"seconds":	0.0172749999910593,
				"bytes":	893552,
				"bits_per_second":	413801215.84368575,
				"retransmits":	0,
				"omitted":	false,
				"sender":	true
			}
		}],
	"end":	{
		"streams":	[{
				"sender":	{
					"socket":	6,
					"start":	0,
					"end":	0.61738,
					"seconds":	0.61738,
					"bytes":	20971520,
					"bits_per_second":	271748615.115488,
					"retransmits":	6,
					"max_snd_cwnd":	89776,
					"max_snd_wnd":	322560,
					"max_rtt":	1567,
					"min_rtt":	1432,
					"mean_rtt":	1508,
					"sender":	true
				},
				"receiver":	{
					"socket":	6,
					"start":	0,
					"end":	0.619329,
					"seconds":	0.61738,
					"bytes":	20803416,
					"bits_per_second":	268722000.74596864,
					"sender":	true
				}
			}],
		"sum_sent":	{
			"start":	0,
			"end":	0.61738,
			"seconds":	0.61738,
			"bytes":	20971520,
			"bits_per_second":	271748615.115488,
			"retransmits":	6,
			"sender":	true
		},
		"sum_received":	{
			"start":	0,
			"end":	0.619329,
			"seconds":	0.619329,
			"bytes":	20803416,
			"bits_per_second":	268722000.74596864,
			"sender":	true
		},
		"cpu_utilization_percent":	{
			"host_total":	3.7992923995044885,
			"host_user":	0.539457803508705,
			"host_system":	3.2596753699616907,
			"remote_total":	5.8880988362330635,
			"remote_user":	2.8081851177329149,
			"remote_system":	3.0797522635977321
		},
		"sender_tcp_congestion":	"dctcp",
		"receiver_tcp_congestion":	"dctcp"
	}
}
