{
	"start":	{
		"connected":	[{
				"socket":	6,
				"local_host":	"10.0.0.3",
				"local_port":	52538,
				"remote_host":	"10.0.0.1",
				"remote_port":	5002
			}],
		"version":	"iperf 3.12",
		"system_info":	"Linux cs244c-vm 6.1.0-43-cloud-amd64 #1 SMP PREEMPT_DYNAMIC Debian 6.1.162-1 (2026-02-08) x86_64",
		"timestamp":	{
			"time":	"Wed, 11 Mar 2026 16:54:57 GMT",
			"timesecs":	1773248097
		},
		"connecting_to":	{
			"host":	"10.0.0.1",
			"port":	5002
		},
		"cookie":	"chbemisyuubdeu7muj247p4behv6zqnhj6yz",
		"tcp_mss_default":	1448,
		"target_bitrate":	0,
		"sock_bufsize":	0,
		"sndbuf_actual":	87380,
		"rcvbuf_actual":	87380,
		"test_start":	{
			"protocol":	"TCP",
			"num_streams":	1,
			"blksize":	131072,
			"omit":	0,
			"duration":	0,
			"bytes":	20971520,
			"blocks":	0,
			"reverse":	0,
			"tos":	0,
			"target_bitrate":	0
		}
	},
	"intervals":	[{
			"streams":	[{
					"socket":	6,
					"start":	0,
					"end":	0.100088,
					"seconds":	0.10008800029754639,
					"bytes":	1928736,
					"bits_per_second":	154163215.911291,
					"retransmits":	0,
					"snd_cwnd":	43440,
					"snd_wnd":	398848,
					"rtt":	1327,
					"rttvar":	50,
					"pmtu":	1500,
					"omitted":	false,
					"sender":	true
				}],
			"sum":	{
				"start":	0,
				"end":	0.100088,
				"seconds":	0.10008800029754639,
				"bytes":	1928736,
				"bits_per_second":	154163215.911291,
				"retransmits":	0,
				"omitted":	false,
				"sender":	true
			}
		}, {
			"streams":	[{
					"socket":	6,
					"start":	0.100088,
					"end":	0.200096,
					"seconds":	0.10000800341367722,
					"bytes":	2722240,
					"bits_per_second":	217761771.62458605,
					"retransmits":	0,
					"snd_cwnd":	34752,
					"snd_wnd":	391168,
					"rtt":	1538,
					"rttvar":	302,
					"pmtu":	1500,
					"omitted":	false,
					"sender":	true
				}],
			"sum":	{
				"start":	0.100088,
				"end":	0.200096,
				"seconds":	0.10000800341367722,
				"bytes":	2722240,
				"bits_per_second":	217761771.62458605,
				"retransmits":	0,
				"omitted":	false,
				"sender":	true
			}
		}, {
			"streams":	[{
					"socket":	6,
					"start":	0.200096,
					"end":	0.300134,
					"seconds":	0.10003799945116043,
					"bytes":	2652736,
					"bits_per_second":	212138268.6222223,
					"retransmits":	0,
					"snd_cwnd":	41992,
					"snd_wnd":	396800,
					"rtt":	1430,
					"rttvar":	158,
					"pmtu":	1500,
					"omitted":	false,
					"sender":	true
				}],
			"sum":	{
				"start":	0.200096,
				"end":	0.300134,
				"seconds":	0.10003799945116043,
				"bytes":	2652736,
				"bits_per_second":	212138268.6222223,
				"retransmits":	0,
				"omitted":	false,
				"sender":	true
			}
		}, {
			"streams":	[{
					"socket":	6,
					"start":	0.300134,
					"end":	0.400146,
					"seconds":	0.10001199692487717,
					"bytes":	2843872,
					"bits_per_second":	227482469.09907347,
					"retransmits":	0,
					"snd_cwnd":	37648,
					"snd_wnd":	400384,
					"rtt":	1470,
					"rttvar":	375,
					"pmtu":	1500,
					"omitted":	false,
					"sender":	true
				}],
			"sum":	{
				"start":	0.300134,
				"end":	0.400146,
				"seconds":	0.10001199692487717,
				"bytes":	2843872,
				"bits_per_second":	227482469.09907347,
				"retransmits":	0,
				"omitted":	false,
				"sender":	true
			}
		}, {
			"streams":	[{
					"socket":	6,
					"start":	0.400146,
					"end":	0.500098,
					"seconds":	0.099951997399330139,
					"bytes":	2722240,
					"bits_per_second":	217883789.88558313,
					"retransmits":	0,
					"snd_cwnd":	47784,
					"snd_wnd":	400384,
					"rtt":	1363,
					"rttvar":	104,
					"pmtu":	1500,
					"omitted":	false,
					"sender":	true
				}],
			"sum":	{
				"start":	0.400146,
				"end":	0.500098,
				"seconds":	0.099951997399330139,
				"bytes":	2722240,
				"bits_per_second":	217883789.88558313,
				"retransmits":	0,
				"omitted":	false,
				"sender":	true
			}
		}, {
			"streams":	[{
					"socket":	6,
					"start":	0.500098,
					"end":	0.600102,
					"seconds":	0.10000400245189667,
					"bytes":	3120440,
					"bits_per_second":	249625208.871093,
					"retransmits":	0,
					"snd_cwnd":	37648,
					"snd_wnd":	396800,
					"rtt":	1576,
					"rttvar":	318,
					"pmtu":	1500,
					"omitted":	false,
					"sender":	true
				}],
			"sum":	{
				"start":	0.500098,
				"end":	0.600102,
				"seconds":	0.10000400245189667,
				"bytes":	3120440,
				"bits_per_second":	249625208.871093,
				"retransmits":	0,
				"omitted":	false,
				"sender":	true
			}
		}, {
			"streams":	[{
					"socket":	6,
					"start":	0.600102,
					"end":	0.700118,
					"seconds":	0.10001599788665771,
					"bytes":	2696176,
					"bits_per_second":	215659579.02498108,
					"retransmits":	0,
					"snd_cwnd":	34752,
					"snd_wnd":	400384,
					"rtt":	1466,
					"rttvar":	103,
					"pmtu":	1500,
					"omitted":	false,
					"sender":	true
				}],
			"sum":	{
				"start":	0.600102,
				"end":	0.700118,
				"seconds":	0.10001599788665771,
				"bytes":	2696176,
				"bits_per_second":	215659579.02498108,
				"retransmits":	0,
				"omitted":	false,
				"sender":	true
			}
		}, {
			"streams":	[{
					"socket":	6,
					"start":	0.700118,
					"end":	0.797299,
					"seconds":	0.097180999815464,
					"bytes":	2285080,
					"bits_per_second":	188109198.65727782,
					"retransmits":	0,
					"snd_cwnd":	49232,
					"snd_wnd":	389632,
					"rtt":	1532,
					"rttvar":	125,
					"pmtu":	1500,
					"omitted":	false,
					"sender":	true
				}],
			"sum":	{
				"start":	0.700118,
				"end":	0.797299,
				"seconds":	0.097180999815464,
				"bytes":	2285080,
				"bits_per_second":	188109198.65727782,
				"retransmits":	0,
				"omitted":	false,
				"sender":	true
			}
		}],
	"end":	{
		"streams":	[{
				"sender":	{
					"socket":	6,
					"start":	0,
					"end":	0.797299,
					"seconds":	0.797299,
					"bytes":	20971520,
					"bits_per_second":	210425649.59946018,
					"retransmits":	0,
					"max_snd_cwnd":	49232,
					"max_snd_wnd":	400384,
					"max_rtt":	1576,
					"min_rtt":	1327,
					"mean_rtt":	1462,
					"sender":	true
				},
				"receiver":	{
					"socket":	6,
					"start":	0,
					"end":	0.799094,
					"seconds":	0.797299,
					"bytes":	20906224,
					"bits_per_second":	209299271.4248887,
					"sender":	true
				}
			}],
		"sum_sent":	{
			"start":	0,
			"end":	0.797299,
			"seconds":	0.797299,
			"bytes":	20971520,
			"bits_per_second":	210425649.59946018,
			"retransmits":	0,
			"sender":	true
		},
		"sum_received":	{
			"start":	0,
			"end":	0.799094,
			"seconds":	0.799094,
			"bytes":	20906224,
			"bits_per_second":	209299271.4248887,
			"sender":	true
		},
		"cpu_utilization_percent":	{
			"host_total":	3.1649416515333262,
			"host_user":	0.82122356617014458,
			"host_system":	2.3437180853631818,
			"remote_total":	6.53662492116407,
			"remote_user":	0,
			"remote_system":	6.5367500575627426
		},
		"sender_tcp_congestion":	"dctcp",
		"receiver_tcp_congestion":	"dctcp"
	}
}
