{
	"start":	{
		"connected":	[{
				"socket":	6,
				"local_host":	"10.0.0.3",
				"local_port":	55168,
				"remote_host":	"10.0.0.1",
				"remote_port":	5002
			}],
		"version":	"iperf 3.12",
		"system_info":	"Linux cs244c-vm 6.1.0-43-cloud-amd64 #1 SMP PREEMPT_DYNAMIC Debian 6.1.162-1 (2026-02-08) x86_64",
		"timestamp":	{
			"time":	"Thu, 12 Mar 2026 04:30:37 GMT",
			"timesecs":	1773289837
		},
		"connecting_to":	{
			"host":	"10.0.0.1",
			"port":	5002
		},
		"cookie":	"homq4zotedryqmzefrsr6vwd3arsgax66gxk",
		"tcp_mss_default":	1448,
		"target_bitrate":	0,
		"sock_bufsize":	0,
		"sndbuf_actual":	87380,
		"rcvbuf_actual":	87380,
		"test_start":	{
			"protocol":	"TCP",
			"num_streams":	1,
			"blksize":	131072,
			"omit":	0,
			"duration":	0,
			"bytes":	20971520,
			"blocks":	0,
			"reverse":	0,
			"tos":	0,
			"target_bitrate":	0
		}
	},
	"intervals":	[{
			"streams":	[{
					"socket":	6,
					"start":	0,
					"end":	0.100117,
					"seconds":	0.10011699795722961,
					"bytes":	971608,
					"bits_per_second":	77637805.353698269,
					"retransmits":	6,
					"snd_cwnd":	257744,
					"snd_wnd":	379392,
					"rtt":	19747,
					"rttvar":	1067,
					"pmtu":	1500,
					"omitted":	false,
					"sender":	true
				}],
			"sum":	{
				"start":	0,
				"end":	0.100117,
				"seconds":	0.10011699795722961,
				"bytes":	971608,
				"bits_per_second":	77637805.353698269,
				"retransmits":	6,
				"omitted":	false,
				"sender":	true
			}
		}, {
			"streams":	[{
					"socket":	6,
					"start":	0.100117,
					"end":	0.200126,
					"seconds":	0.1000090017914772,
					"bytes":	15019176,
					"bits_per_second":	1201425930.1430154,
					"retransmits":	45,
					"snd_cwnd":	2770024,
					"snd_wnd":	7956992,
					"rtt":	22431,
					"rttvar":	1481,
					"pmtu":	1500,
					"omitted":	false,
					"sender":	true
				}],
			"sum":	{
				"start":	0.100117,
				"end":	0.200126,
				"seconds":	0.1000090017914772,
				"bytes":	15019176,
				"bits_per_second":	1201425930.1430154,
				"retransmits":	45,
				"omitted":	false,
				"sender":	true
			}
		}, {
			"streams":	[{
					"socket":	6,
					"start":	0.200126,
					"end":	0.248227,
					"seconds":	0.048101000487804413,
					"bytes":	4980736,
					"bits_per_second":	828379609.48655474,
					"retransmits":	90,
					"snd_cwnd":	2509384,
					"snd_wnd":	7054848,
					"rtt":	22771,
					"rttvar":	1145,
					"pmtu":	1500,
					"omitted":	false,
					"sender":	true
				}],
			"sum":	{
				"start":	0.200126,
				"end":	0.248227,
				"seconds":	0.048101000487804413,
				"bytes":	4980736,
				"bits_per_second":	828379609.48655474,
				"retransmits":	90,
				"omitted":	false,
				"sender":	true
			}
		}],
	"end":	{
		"streams":	[{
				"sender":	{
					"socket":	6,
					"start":	0,
					"end":	0.248227,
					"seconds":	0.248227,
					"bytes":	20971520,
					"bits_per_second":	675881995.10931528,
					"retransmits":	141,
					"max_snd_cwnd":	2770024,
					"max_snd_wnd":	7956992,
					"max_rtt":	22771,
					"min_rtt":	19747,
					"mean_rtt":	21649,
					"sender":	true
				},
				"receiver":	{
					"socket":	6,
					"start":	0,
					"end":	0.271732,
					"seconds":	0.248227,
					"bytes":	12961048,
					"bits_per_second":	381583265.86489636,
					"sender":	true
				}
			}],
		"sum_sent":	{
			"start":	0,
			"end":	0.248227,
			"seconds":	0.248227,
			"bytes":	20971520,
			"bits_per_second":	675881995.10931528,
			"retransmits":	141,
			"sender":	true
		},
		"sum_received":	{
			"start":	0,
			"end":	0.271732,
			"seconds":	0.271732,
			"bytes":	12961048,
			"bits_per_second":	381583265.86489636,
			"sender":	true
		},
		"cpu_utilization_percent":	{
			"host_total":	9.10103544714668,
			"host_user":	0.05329947718602715,
			"host_system":	9.048035405225745,
			"remote_total":	2.5223720231962554,
			"remote_user":	0,
			"remote_system":	2.5220040622884228
		},
		"sender_tcp_congestion":	"dctcp-reno",
		"receiver_tcp_congestion":	"dctcp-reno"
	}
}
