{
	"start":	{
		"connected":	[{
				"socket":	6,
				"local_host":	"10.0.0.4",
				"local_port":	35416,
				"remote_host":	"10.0.0.1",
				"remote_port":	5003
			}],
		"version":	"iperf 3.12",
		"system_info":	"Linux cs244c-vm 6.1.0-43-cloud-amd64 #1 SMP PREEMPT_DYNAMIC Debian 6.1.162-1 (2026-02-08) x86_64",
		"timestamp":	{
			"time":	"Wed, 11 Mar 2026 04:39:05 GMT",
			"timesecs":	1773203945
		},
		"connecting_to":	{
			"host":	"10.0.0.1",
			"port":	5003
		},
		"cookie":	"docqjonoqfvvfbj64fwpw5mrrl6odiwp6okh",
		"tcp_mss_default":	1448,
		"target_bitrate":	0,
		"sock_bufsize":	0,
		"sndbuf_actual":	87380,
		"rcvbuf_actual":	87380,
		"test_start":	{
			"protocol":	"TCP",
			"num_streams":	1,
			"blksize":	131072,
			"omit":	0,
			"duration":	0,
			"bytes":	20971520,
			"blocks":	0,
			"reverse":	0,
			"tos":	0,
			"target_bitrate":	0
		}
	},
	"intervals":	[{
			"streams":	[{
					"socket":	6,
					"start":	0,
					"end":	0.100108,
					"seconds":	0.10010799765586853,
					"bytes":	6986600,
					"bits_per_second":	558325022.0640434,
					"retransmits":	24,
					"snd_cwnd":	91224,
					"snd_wnd":	2838528,
					"rtt":	1508,
					"rttvar":	186,
					"pmtu":	1500,
					"omitted":	false,
					"sender":	true
				}],
			"sum":	{
				"start":	0,
				"end":	0.100108,
				"seconds":	0.10010799765586853,
				"bytes":	6986600,
				"bits_per_second":	558325022.0640434,
				"retransmits":	24,
				"omitted":	false,
				"sender":	true
			}
		}, {
			"streams":	[{
					"socket":	6,
					"start":	0.100108,
					"end":	0.200121,
					"seconds":	0.10001300275325775,
					"bytes":	5864400,
					"bits_per_second":	469091005.25403249,
					"retransmits":	17,
					"snd_cwnd":	118736,
					"snd_wnd":	2838528,
					"rtt":	1669,
					"rttvar":	161,
					"pmtu":	1500,
					"omitted":	false,
					"sender":	true
				}],
			"sum":	{
				"start":	0.100108,
				"end":	0.200121,
				"seconds":	0.10001300275325775,
				"bytes":	5864400,
				"bits_per_second":	469091005.25403249,
				"retransmits":	17,
				"omitted":	false,
				"sender":	true
			}
		}, {
			"streams":	[{
					"socket":	6,
					"start":	0.200121,
					"end":	0.300117,
					"seconds":	0.099996000528335571,
					"bytes":	5864400,
					"bits_per_second":	469170764.351778,
					"retransmits":	0,
					"snd_cwnd":	91224,
					"snd_wnd":	2838528,
					"rtt":	1720,
					"rttvar":	268,
					"pmtu":	1500,
					"omitted":	false,
					"sender":	true
				}],
			"sum":	{
				"start":	0.200121,
				"end":	0.300117,
				"seconds":	0.099996000528335571,
				"bytes":	5864400,
				"bits_per_second":	469170764.351778,
				"retransmits":	0,
				"omitted":	false,
				"sender":	true
			}
		}, {
			"streams":	[{
					"socket":	6,
					"start":	0.300117,
					"end":	0.343366,
					"seconds":	0.043248999863863,
					"bytes":	2256120,
					"bits_per_second":	417326644.7042383,
					"retransmits":	0,
					"snd_cwnd":	101360,
					"snd_wnd":	2838528,
					"rtt":	1747,
					"rttvar":	145,
					"pmtu":	1500,
					"omitted":	false,
					"sender":	true
				}],
			"sum":	{
				"start":	0.300117,
				"end":	0.343366,
				"seconds":	0.043248999863863,
				"bytes":	2256120,
				"bits_per_second":	417326644.7042383,
				"retransmits":	0,
				"omitted":	false,
				"sender":	true
			}
		}],
	"end":	{
		"streams":	[{
				"sender":	{
					"socket":	6,
					"start":	0,
					"end":	0.343366,
					"seconds":	0.343366,
					"bytes":	20971520,
					"bits_per_second":	488610287.56487244,
					"retransmits":	41,
					"max_snd_cwnd":	118736,
					"max_snd_wnd":	2838528,
					"max_rtt":	1747,
					"min_rtt":	1508,
					"mean_rtt":	1661,
					"sender":	true
				},
				"receiver":	{
					"socket":	6,
					"start":	0,
					"end":	0.345035,
					"seconds":	0.343366,
					"bytes":	19532072,
					"bits_per_second":	452871668.091643,
					"sender":	true
				}
			}],
		"sum_sent":	{
			"start":	0,
			"end":	0.343366,
			"seconds":	0.343366,
			"bytes":	20971520,
			"bits_per_second":	488610287.56487244,
			"retransmits":	41,
			"sender":	true
		},
		"sum_received":	{
			"start":	0,
			"end":	0.345035,
			"seconds":	0.345035,
			"bytes":	19532072,
			"bits_per_second":	452871668.091643,
			"sender":	true
		},
		"cpu_utilization_percent":	{
			"host_total":	0.87764381749253961,
			"host_user":	0.87764381749253961,
			"host_system":	0,
			"remote_total":	7.2814056808005638,
			"remote_user":	0,
			"remote_system":	7.2814056808005638
		},
		"sender_tcp_congestion":	"dctcp",
		"receiver_tcp_congestion":	"dctcp"
	}
}
