{
	"start":	{
		"connected":	[{
				"socket":	6,
				"local_host":	"10.0.0.4",
				"local_port":	33532,
				"remote_host":	"10.0.0.1",
				"remote_port":	5003
			}],
		"version":	"iperf 3.12",
		"system_info":	"Linux cs244c-vm 6.1.0-43-cloud-amd64 #1 SMP PREEMPT_DYNAMIC Debian 6.1.162-1 (2026-02-08) x86_64",
		"timestamp":	{
			"time":	"Wed, 11 Mar 2026 16:53:40 GMT",
			"timesecs":	1773248020
		},
		"connecting_to":	{
			"host":	"10.0.0.1",
			"port":	5003
		},
		"cookie":	"33ejp7ulre7s2jklji2q2pr65wlamr6fdgca",
		"tcp_mss_default":	1448,
		"target_bitrate":	0,
		"sock_bufsize":	0,
		"sndbuf_actual":	87380,
		"rcvbuf_actual":	87380,
		"test_start":	{
			"protocol":	"TCP",
			"num_streams":	1,
			"blksize":	131072,
			"omit":	0,
			"duration":	0,
			"bytes":	20971520,
			"blocks":	0,
			"reverse":	0,
			"tos":	0,
			"target_bitrate":	0
		}
	},
	"intervals":	[{
			"streams":	[{
					"socket":	6,
					"start":	0,
					"end":	0.100261,
					"seconds":	0.10026100277900696,
					"bytes":	1434968,
					"bits_per_second":	114498595.48386317,
					"retransmits":	0,
					"snd_cwnd":	36200,
					"snd_wnd":	138240,
					"rtt":	1391,
					"rttvar":	66,
					"pmtu":	1500,
					"omitted":	false,
					"sender":	true
				}],
			"sum":	{
				"start":	0,
				"end":	0.100261,
				"seconds":	0.10026100277900696,
				"bytes":	1434968,
				"bits_per_second":	114498595.48386317,
				"retransmits":	0,
				"omitted":	false,
				"sender":	true
			}
		}, {
			"streams":	[{
					"socket":	6,
					"start":	0.100261,
					"end":	0.200098,
					"seconds":	0.0998369976878166,
					"bytes":	1763664,
					"bits_per_second":	141323480.54093975,
					"retransmits":	0,
					"snd_cwnd":	21720,
					"snd_wnd":	150528,
					"rtt":	1318,
					"rttvar":	120,
					"pmtu":	1500,
					"omitted":	false,
					"sender":	true
				}],
			"sum":	{
				"start":	0.100261,
				"end":	0.200098,
				"seconds":	0.0998369976878166,
				"bytes":	1763664,
				"bits_per_second":	141323480.54093975,
				"retransmits":	0,
				"omitted":	false,
				"sender":	true
			}
		}, {
			"streams":	[{
					"socket":	6,
					"start":	0.200098,
					"end":	0.30006,
					"seconds":	0.0999620035290718,
					"bytes":	2079328,
					"bits_per_second":	166409469.72578612,
					"retransmits":	0,
					"snd_cwnd":	27512,
					"snd_wnd":	148480,
					"rtt":	1291,
					"rttvar":	75,
					"pmtu":	1500,
					"omitted":	false,
					"sender":	true
				}],
			"sum":	{
				"start":	0.200098,
				"end":	0.30006,
				"seconds":	0.0999620035290718,
				"bytes":	2079328,
				"bits_per_second":	166409469.72578612,
				"retransmits":	0,
				"omitted":	false,
				"sender":	true
			}
		}, {
			"streams":	[{
					"socket":	6,
					"start":	0.30006,
					"end":	0.400053,
					"seconds":	0.099992997944355,
					"bytes":	1938872,
					"bits_per_second":	155120621.63224354,
					"retransmits":	0,
					"snd_cwnd":	27512,
					"snd_wnd":	150016,
					"rtt":	1301,
					"rttvar":	53,
					"pmtu":	1500,
					"omitted":	false,
					"sender":	true
				}],
			"sum":	{
				"start":	0.30006,
				"end":	0.400053,
				"seconds":	0.099992997944355,
				"bytes":	1938872,
				"bits_per_second":	155120621.63224354,
				"retransmits":	0,
				"omitted":	false,
				"sender":	true
			}
		}, {
			"streams":	[{
					"socket":	6,
					"start":	0.400053,
					"end":	0.500201,
					"seconds":	0.10014799982309341,
					"bytes":	1986656,
					"bits_per_second":	158697607.82117119,
					"retransmits":	0,
					"snd_cwnd":	17376,
					"snd_wnd":	146944,
					"rtt":	1346,
					"rttvar":	47,
					"pmtu":	1500,
					"omitted":	false,
					"sender":	true
				}],
			"sum":	{
				"start":	0.400053,
				"end":	0.500201,
				"seconds":	0.10014799982309341,
				"bytes":	1986656,
				"bits_per_second":	158697607.82117119,
				"retransmits":	0,
				"omitted":	false,
				"sender":	true
			}
		}, {
			"streams":	[{
					"socket":	6,
					"start":	0.500201,
					"end":	0.600119,
					"seconds":	0.099918000400066376,
					"bytes":	1791176,
					"bits_per_second":	143411677.00139925,
					"retransmits":	0,
					"snd_cwnd":	24616,
					"snd_wnd":	145408,
					"rtt":	1370,
					"rttvar":	156,
					"pmtu":	1500,
					"omitted":	false,
					"sender":	true
				}],
			"sum":	{
				"start":	0.500201,
				"end":	0.600119,
				"seconds":	0.099918000400066376,
				"bytes":	1791176,
				"bits_per_second":	143411677.00139925,
				"retransmits":	0,
				"omitted":	false,
				"sender":	true
			}
		}, {
			"streams":	[{
					"socket":	6,
					"start":	0.600119,
					"end":	0.700115,
					"seconds":	0.099996000528335571,
					"bytes":	1513160,
					"bits_per_second":	121057641.66607606,
					"retransmits":	0,
					"snd_cwnd":	24616,
					"snd_wnd":	144896,
					"rtt":	1355,
					"rttvar":	40,
					"pmtu":	1500,
					"omitted":	false,
					"sender":	true
				}],
			"sum":	{
				"start":	0.600119,
				"end":	0.700115,
				"seconds":	0.099996000528335571,
				"bytes":	1513160,
				"bits_per_second":	121057641.66607606,
				"retransmits":	0,
				"omitted":	false,
				"sender":	true
			}
		}, {
			"streams":	[{
					"socket":	6,
					"start":	0.700115,
					"end":	0.800196,
					"seconds":	0.10008099675178528,
					"bytes":	2089464,
					"bits_per_second":	167021837.73666123,
					"retransmits":	0,
					"snd_cwnd":	36200,
					"snd_wnd":	143360,
					"rtt":	1356,
					"rttvar":	84,
					"pmtu":	1500,
					"omitted":	false,
					"sender":	true
				}],
			"sum":	{
				"start":	0.700115,
				"end":	0.800196,
				"seconds":	0.10008099675178528,
				"bytes":	2089464,
				"bits_per_second":	167021837.73666123,
				"retransmits":	0,
				"omitted":	false,
				"sender":	true
			}
		}, {
			"streams":	[{
					"socket":	6,
					"start":	0.800196,
					"end":	0.90009,
					"seconds":	0.0998940020799637,
					"bytes":	2014168,
					"bits_per_second":	161304419.32941583,
					"retransmits":	0,
					"snd_cwnd":	26064,
					"snd_wnd":	148480,
					"rtt":	1357,
					"rttvar":	38,
					"pmtu":	1500,
					"omitted":	false,
					"sender":	true
				}],
			"sum":	{
				"start":	0.800196,
				"end":	0.90009,
				"seconds":	0.0998940020799637,
				"bytes":	2014168,
				"bits_per_second":	161304419.32941583,
				"retransmits":	0,
				"omitted":	false,
				"sender":	true
			}
		}, {
			"streams":	[{
					"socket":	6,
					"start":	0.90009,
					"end":	1.000087,
					"seconds":	0.099996998906135559,
					"bytes":	2615088,
					"bits_per_second":	209213318.68807074,
					"retransmits":	0,
					"snd_cwnd":	46336,
					"snd_wnd":	212992,
					"rtt":	1429,
					"rttvar":	87,
					"pmtu":	1500,
					"omitted":	false,
					"sender":	true
				}],
			"sum":	{
				"start":	0.90009,
				"end":	1.000087,
				"seconds":	0.099996998906135559,
				"bytes":	2615088,
				"bits_per_second":	209213318.68807074,
				"retransmits":	0,
				"omitted":	false,
				"sender":	true
			}
		}, {
			"streams":	[{
					"socket":	6,
					"start":	1.000087,
					"end":	1.034911,
					"seconds":	0.034823998808860779,
					"bytes":	1744976,
					"bits_per_second":	400867461.44868356,
					"retransmits":	0,
					"snd_cwnd":	79640,
					"snd_wnd":	270848,
					"rtt":	1324,
					"rttvar":	126,
					"pmtu":	1500,
					"omitted":	false,
					"sender":	true
				}],
			"sum":	{
				"start":	1.000087,
				"end":	1.034911,
				"seconds":	0.034823998808860779,
				"bytes":	1744976,
				"bits_per_second":	400867461.44868356,
				"retransmits":	0,
				"omitted":	false,
				"sender":	true
			}
		}],
	"end":	{
		"streams":	[{
				"sender":	{
					"socket":	6,
					"start":	0,
					"end":	1.034911,
					"seconds":	1.034911,
					"bytes":	20971520,
					"bits_per_second":	162112645.43521136,
					"retransmits":	0,
					"max_snd_cwnd":	79640,
					"max_snd_wnd":	270848,
					"max_rtt":	1429,
					"min_rtt":	1291,
					"mean_rtt":	1348,
					"sender":	true
				},
				"receiver":	{
					"socket":	6,
					"start":	0,
					"end":	1.036693,
					"seconds":	1.034911,
					"bytes":	20773008,
					"bits_per_second":	160302099.07851213,
					"sender":	true
				}
			}],
		"sum_sent":	{
			"start":	0,