{
	"start":	{
		"connected":	[{
				"socket":	6,
				"local_host":	"10.0.0.4",
				"local_port":	45948,
				"remote_host":	"10.0.0.1",
				"remote_port":	5003
			}],
		"version":	"iperf 3.12",
		"system_info":	"Linux cs244c-vm 6.1.0-43-cloud-amd64 #1 SMP PREEMPT_DYNAMIC Debian 6.1.162-1 (2026-02-08) x86_64",
		"timestamp":	{
			"time":	"Wed, 11 Mar 2026 04:41:02 GMT",
			"timesecs":	1773204062
		},
		"connecting_to":	{
			"host":	"10.0.0.1",
			"port":	5003
		},
		"cookie":	"67z4smvuroh2l7f73p4aks6pb43sr7l6gmpp",
		"tcp_mss_default":	1448,
		"target_bitrate":	0,
		"sock_bufsize":	0,
		"sndbuf_actual":	87380,
		"rcvbuf_actual":	87380,
		"test_start":	{
			"protocol":	"TCP",
			"num_streams":	1,
			"blksize":	131072,
			"omit":	0,
			"duration":	0,
			"bytes":	20971520,
			"blocks":	0,
			"reverse":	0,
			"tos":	0,
			"target_bitrate":	0
		}
	},
	"intervals":	[{
			"streams":	[{
					"socket":	6,
					"start":	0,
					"end":	0.100136,
					"seconds":	0.10013599693775177,
					"bytes":	11796480,
					"bits_per_second":	942436714.9274503,
					"retransmits":	7,
					"snd_cwnd":	70952,
					"snd_wnd":	2483712,
					"rtt":	1152,
					"rttvar":	120,
					"pmtu":	1500,
					"omitted":	false,
					"sender":	true
				}],
			"sum":	{
				"start":	0,
				"end":	0.100136,
				"seconds":	0.10013599693775177,
				"bytes":	11796480,
				"bits_per_second":	942436714.9274503,
				"retransmits":	7,
				"omitted":	false,
				"sender":	true
			}
		}, {
			"streams":	[{
					"socket":	6,
					"start":	0.100136,
					"end":	0.200203,
					"seconds":	0.10006699711084366,
					"bytes":	6553600,
					"bits_per_second":	523936977.36252552,
					"retransmits":	26,
					"snd_cwnd":	120184,
					"snd_wnd":	2483712,
					"rtt":	1255,
					"rttvar":	83,
					"pmtu":	1500,
					"omitted":	false,
					"sender":	true
				}],
			"sum":	{
				"start":	0.100136,
				"end":	0.200203,
				"seconds":	0.10006699711084366,
				"bytes":	6553600,
				"bits_per_second":	523936977.36252552,
				"retransmits":	26,
				"omitted":	false,
				"sender":	true
			}
		}, {
			"streams":	[{
					"socket":	6,
					"start":	0.200203,
					"end":	0.219893,
					"seconds":	0.019689999520778656,
					"bytes":	2621440,
					"bits_per_second":	1065084840.54908,
					"retransmits":	2,
					"snd_cwnd":	139008,
					"snd_wnd":	2454016,
					"rtt":	1442,
					"rttvar":	309,
					"pmtu":	1500,
					"omitted":	false,
					"sender":	true
				}],
			"sum":	{
				"start":	0.200203,
				"end":	0.219893,
				"seconds":	0.019689999520778656,
				"bytes":	2621440,
				"bits_per_second":	1065084840.54908,
				"retransmits":	2,
				"omitted":	false,
				"sender":	true
			}
		}],
	"end":	{
		"streams":	[{
				"sender":	{
					"socket":	6,
					"start":	0,
					"end":	0.219893,
					"seconds":	0.219893,
					"bytes":	20971520,
					"bits_per_second":	762971809.01620328,
					"retransmits":	35,
					"max_snd_cwnd":	139008,
					"max_snd_wnd":	2483712,
					"max_rtt":	1442,
					"min_rtt":	1152,
					"mean_rtt":	1283,
					"sender":	true
				},
				"receiver":	{
					"socket":	6,
					"start":	0,
					"end":	0.222266,
					"seconds":	0.219893,
					"bytes":	15838200,
					"bits_per_second":	570062897.609171,
					"sender":	true
				}
			}],
		"sum_sent":	{
			"start":	0,
			"end":	0.219893,
			"seconds":	0.219893,
			"bytes":	20971520,
			"bits_per_second":	762971809.01620328,
			"retransmits":	35,
			"sender":	true
		},
		"sum_received":	{
			"start":	0,
			"end":	0.222266,
			"seconds":	0.222266,
			"bytes":	15838200,
			"bits_per_second":	570062897.609171,
			"sender":	true
		},
		"cpu_utilization_percent":	{
			"host_total":	0.0701443049578438,
			"host_user":	0,
			"host_system":	0.0701443049578438,
			"remote_total":	8.8509826678002543,
			"remote_user":	1.1641768217253028,
			"remote_system":	7.68680584607495
		},
		"sender_tcp_congestion":	"dctcp",
		"receiver_tcp_congestion":	"dctcp"
	}
}
