{
	"start":	{
		"connected":	[{
				"socket":	6,
				"local_host":	"10.0.0.4",
				"local_port":	6003,
				"remote_host":	"10.0.0.1",
				"remote_port":	5003
			}],
		"version":	"iperf 3.12",
		"system_info":	"Linux cs244c-vm 6.1.0-43-cloud-amd64 #1 SMP PREEMPT_DYNAMIC Debian 6.1.162-1 (2026-02-08) x86_64",
		"timestamp":	{
			"time":	"Mon, 09 Mar 2026 06:15:08 GMT",
			"timesecs":	1773036908
		},
		"connecting_to":	{
			"host":	"10.0.0.1",
			"port":	5003
		},
		"cookie":	"u5tif675al4ra3ohhlso65vulgruqumawqpj",
		"tcp_mss_default":	1448,
		"target_bitrate":	0,
		"sock_bufsize":	0,
		"sndbuf_actual":	87380,
		"rcvbuf_actual":	87380,
		"test_start":	{
			"protocol":	"TCP",
			"num_streams":	1,
			"blksize":	131072,
			"omit":	0,
			"duration":	0,
			"bytes":	52428800,
			"blocks":	0,
			"reverse":	0,
			"tos":	0,
			"target_bitrate":	0
		}
	},
	"intervals":	[{
			"streams":	[{
					"socket":	6,
					"start":	0,
					"end":	0.100164,
					"seconds":	0.10016400367021561,
					"bytes":	214304,
					"bits_per_second":	17116248.723889589,
					"retransmits":	0,
					"snd_cwnd":	57920,
					"snd_wnd":	49664,
					"rtt":	41750,
					"rttvar":	3277,
					"pmtu":	1500,
					"omitted":	false,
					"sender":	true
				}],
			"sum":	{
				"start":	0,
				"end":	0.100164,
				"seconds":	0.10016400367021561,
				"bytes":	214304,
				"bits_per_second":	17116248.723889589,
				"retransmits":	0,
				"omitted":	false,
				"sender":	true
			}
		}, {
			"streams":	[{
					"socket":	6,
					"start":	0.100164,
					"end":	0.200154,
					"seconds":	0.099990002810955048,
					"bytes":	1517504,
					"bits_per_second":	121412457.83293368,
					"retransmits":	0,
					"snd_cwnd":	422816,
					"snd_wnd":	528896,
					"rtt":	40192,
					"rttvar":	207,
					"pmtu":	1500,
					"omitted":	false,
					"sender":	true
				}],
			"sum":	{
				"start":	0.100164,
				"end":	0.200154,
				"seconds":	0.099990002810955048,
				"bytes":	1517504,
				"bits_per_second":	121412457.83293368,
				"retransmits":	0,
				"omitted":	false,
				"sender":	true
			}
		}, {
			"streams":	[{
					"socket":	6,
					"start":	0.200154,
					"end":	0.300139,
					"seconds":	0.0999850034713745,
					"bytes":	4297504,
					"bits_per_second":	343851885.84649026,
					"retransmits":	0,
					"snd_cwnd":	1691264,
					"snd_wnd":	2824704,
					"rtt":	45406,
					"rttvar":	721,
					"pmtu":	1500,
					"omitted":	false,
					"sender":	true
				}],
			"sum":	{
				"start":	0.200154,
				"end":	0.300139,
				"seconds":	0.0999850034713745,
				"bytes":	4297504,
				"bits_per_second":	343851885.84649026,
				"retransmits":	0,
				"omitted":	false,
				"sender":	true
			}
		}, {
			"streams":	[{
					"socket":	6,
					"start":	0.300139,
					"end":	0.400135,
					"seconds":	0.099996000528335571,
					"bytes":	3932160,
					"bits_per_second":	314585381.75320363,
					"retransmits":	0,
					"snd_cwnd":	2115528,
					"snd_wnd":	8377856,
					"rtt":	56379,
					"rttvar":	107,
					"pmtu":	1500,
					"omitted":	false,
					"sender":	true
				}],
			"sum":	{
				"start":	0.300139,
				"end":	0.400135,
				"seconds":	0.099996000528335571,
				"bytes":	3932160,
				"bits_per_second":	314585381.75320363,
				"retransmits":	0,
				"omitted":	false,
				"sender":	true
			}
		}, {
			"streams":	[{
					"socket":	6,
					"start":	0.400135,
					"end":	0.500137,
					"seconds":	0.10000199824571609,
					"bytes":	3932160,
					"bits_per_second":	314566514.188106,
					"retransmits":	0,
					"snd_cwnd":	2248744,
					"snd_wnd":	8377344,
					"rtt":	57723,
					"rttvar":	185,
					"pmtu":	1500,
					"omitted":	false,
					"sender":	true
				}],
			"sum":	{
				"start":	0.400135,
				"end":	0.500137,
				"seconds":	0.10000199824571609,
				"bytes":	3932160,
				"bits_per_second":	314566514.188106,
				"retransmits":	0,
				"omitted":	false,
				"sender":	true
			}
		}, {
			"streams":	[{
					"socket":	6,
					"start":	0.500137,
					"end":	0.600119,
					"seconds":	0.099982000887393951,
					"bytes":	3932160,
					"bits_per_second":	314629430.50548846,
					"retransmits":	0,
					"snd_cwnd":	2448568,
					"snd_wnd":	8376832,
					"rtt":	60130,
					"rttvar":	207,
					"pmtu":	1500,
					"omitted":	false,
					"sender":	true
				}],
			"sum":	{
				"start":	0.500137,
				"end":	0.600119,
				"seconds":	0.099982000887393951,
				"bytes":	3932160,
				"bits_per_second":	314629430.50548846,
				"retransmits":	0,
				"omitted":	false,
				"sender":	true
			}
		}, {
			"streams":	[{
					"socket":	6,
					"start":	0.600119,
					"end":	0.700109,
					"seconds":	0.099990002810955048,
					"bytes":	5242880,
					"bits_per_second":	419472335.44236547,
					"retransmits":	0,
					"snd_cwnd":	2699072,
					"snd_wnd":	8375296,
					"rtt":	61768,
					"rttvar":	212,
					"pmtu":	1500,
					"omitted":	false,
					"sender":	true
				}],
			"sum":	{
				"start":	0.600119,
				"end":	0.700109,
				"seconds":	0.099990002810955048,
				"bytes":	5242880,
				"bits_per_second":	419472335.44236547,
				"retransmits":	0,
				"omitted":	false,
				"sender":	true
			}
		}, {
			"streams":	[{
					"socket":	6,
					"start":	0.700109,
					"end":	0.800174,
					"seconds":	0.10006500035524368,
					"bytes":	3932160,
					"bits_per_second":	314368459.384626,
					"retransmits":	0,
					"snd_cwnd":	2839528,
					"snd_wnd":	8384000,
					"rtt":	62878,
					"rttvar":	196,
					"pmtu":	1500,
					"omitted":	false,
					"sender":	true
				}],
			"sum":	{
				"start":	0.700109,
				"end":	0.800174,
				"seconds":	0.10006500035524368,
				"bytes":	3932160,
				"bits_per_second":	314368459.384626,
				"retransmits":	0,
				"omitted":	false,
				"sender":	true
			}
		}, {
			"streams":	[{
					"socket":	6,
					"start":	0.800174,
					"end":	0.900137,
					"seconds":	0.0999630019068718,
					"bytes":	5242880,
					"bits_per_second":	419585638.6853534,
					"retransmits":	0,
					"snd_cwnd":	3124784,
					"snd_wnd":	8387584,
					"rtt":	64932,
					"rttvar":	271,
					"pmtu":	1500,
					"omitted":	false,
					"sender":	true
				}],
			"sum":	{
				"start":	0.800174,
				"end":	0.900137,
				"seconds":	0.0999630019068718,
				"bytes":	5242880,
				"bits_per_second":	419585638.6853534,
				"retransmits":	0,
				"omitted":	false,
				"sender":	true
			}
		}, {
			"streams":	[{
					"socket":	6,
					"start":	0.900137,
					"end":	1.000133,
					"seconds":	0.099996000528335571,
					"bytes":	3932160,
					"bits_per_second":	314585381.75320363,
					"retransmits":	0,
					"snd_cwnd":	3299992,
					"snd_wnd":	8359936,
					"rtt":	67175,
					"rttvar":	265,
					"pmtu":	1500,
					"omitted":	false,
					"sender":	true
				}],
			"sum":	{
				"start":	0.900137,
				"end":	1.000133,
				"seconds":	0.099996000528335571,
				"bytes":	3932160,
				"bits_per_second":	314585381.75320363,
				"retransmits":	0,
				"omitted":	false,
				"sender":	true
			}
		}, {
			"streams":	[{
					"socket":	6,
					"start":	1.000133,
					"end":	1.100133,
					"seconds":	0.10000000149011612,
					"bytes":	7864320,
					"bits_per_second":	629145590.625,
					"retransmits":	0,
					"snd_cwnd":	3618552,
					"snd_wnd":	8373248,
					"rtt":	70488,
					"rttvar":	266,
					"pmtu":	1500,
					"omitted":	false,
					"sender":	true
				}],
			"sum":	{
				"start":	1.000133,
				"end":	1.100133,
				"seconds":	0.10000000149011612,
				"bytes":	7864320,
				"bits_per_second":	629145590.625,
				"retransmits":	0,
				"omitted":	false,
				"sender":	true
			}
		}, {
			"streams":	[{
					"socket":	6,
					"start":	1.100133,
					"end":	1.200167,
					"seconds":	0.10003399848937988,
					"bytes":	3932160,
					"bits_per_second":	314465886.34902626,
					"retransmits":	0,
					"snd_cwnd":	3798104,
					"snd_wnd":	8359936,
					"rtt":	71489,
					"rttvar":	291,
					"pmtu":	1500,
					"omitted":	false,
					"sender":	true
				}],
			"sum":	{
				"start":	1.100133,
				"end":	1.200167,
				"seconds":	0.10003399848937988,
				"bytes":	3932160,
				"bits_per_second":	314465886.34902626,
				"retransmits":	0,