{
	"start":	{
		"connected":	[{
				"socket":	6,
				"local_host":	"10.0.0.3",
				"local_port":	6002,
				"remote_host":	"10.0.0.1",
				"remote_port":	5002
			}],
		"version":	"iperf 3.12",
		"system_info":	"Linux cs244c-vm 6.1.0-43-cloud-amd64 #1 SMP PREEMPT_DYNAMIC Debian 6.1.162-1 (2026-02-08) x86_64",
		"timestamp":	{
			"time":	"Mon, 09 Mar 2026 06:15:06 GMT",
			"timesecs":	1773036906
		},
		"connecting_to":	{
			"host":	"10.0.0.1",
			"port":	5002
		},
		"cookie":	"wid6ti64vjquiqx573e7aarnj6dshonxynhv",
		"tcp_mss_default":	1448,
		"target_bitrate":	0,
		"sock_bufsize":	0,
		"sndbuf_actual":	87380,
		"rcvbuf_actual":	87380,
		"test_start":	{
			"protocol":	"TCP",
			"num_streams":	1,
			"blksize":	131072,
			"omit":	0,
			"duration":	0,
			"bytes":	52428800,
			"blocks":	0,
			"reverse":	0,
			"tos":	0,
			"target_bitrate":	0
		}
	},
	"intervals":	[{
			"streams":	[{
					"socket":	6,
					"start":	0,
					"end":	0.100186,
					"seconds":	0.10018599778413773,
					"bytes":	79640,
					"bits_per_second":	6359371.7095351834,
					"retransmits":	0,
					"snd_cwnd":	28960,
					"snd_wnd":	39936,
					"rtt":	73716,
					"rttvar":	9268,
					"pmtu":	1500,
					"omitted":	false,
					"sender":	true
				}],
			"sum":	{
				"start":	0,
				"end":	0.100186,
				"seconds":	0.10018599778413773,
				"bytes":	79640,
				"bits_per_second":	6359371.7095351834,
				"retransmits":	0,
				"omitted":	false,
				"sender":	true
			}
		}, {
			"streams":	[{
					"socket":	6,
					"start":	0.100186,
					"end":	0.200154,
					"seconds":	0.099968001246452332,
					"bytes":	117288,
					"bits_per_second":	9386043.41690085,
					"retransmits":	0,
					"snd_cwnd":	57920,
					"snd_wnd":	65536,
					"rtt":	72806,
					"rttvar":	2516,
					"pmtu":	1500,
					"omitted":	false,
					"sender":	true
				}],
			"sum":	{
				"start":	0.100186,
				"end":	0.200154,
				"seconds":	0.099968001246452332,
				"bytes":	117288,
				"bits_per_second":	9386043.41690085,
				"retransmits":	0,
				"omitted":	false,
				"sender":	true
			}
		}, {
			"streams":	[{
					"socket":	6,
					"start":	0.200154,
					"end":	0.300109,
					"seconds":	0.0999549999833107,
					"bytes":	571960,
					"bits_per_second":	45777399.83756683,
					"retransmits":	0,
					"snd_cwnd":	231680,
					"snd_wnd":	379392,
					"rtt":	73080,
					"rttvar":	407,
					"pmtu":	1500,
					"omitted":	false,
					"sender":	true
				}],
			"sum":	{
				"start":	0.200154,
				"end":	0.300109,
				"seconds":	0.0999549999833107,
				"bytes":	571960,
				"bits_per_second":	45777399.83756683,
				"retransmits":	0,
				"omitted":	false,
				"sender":	true
			}
		}, {
			"streams":	[{
					"socket":	6,
					"start":	0.300109,
					"end":	0.400138,
					"seconds":	0.10002899914979935,
					"bytes":	586440,
					"bits_per_second":	46901598.935066529,
					"retransmits":	0,
					"snd_cwnd":	463360,
					"snd_wnd":	829440,
					"rtt":	74035,
					"rttvar":	134,
					"pmtu":	1500,
					"omitted":	false,
					"sender":	true
				}],
			"sum":	{
				"start":	0.300109,
				"end":	0.400138,
				"seconds":	0.10002899914979935,
				"bytes":	586440,
				"bits_per_second":	46901598.935066529,
				"retransmits":	0,
				"omitted":	false,
				"sender":	true
			}
		}, {
			"streams":	[{
					"socket":	6,
					"start":	0.400138,
					"end":	0.500077,
					"seconds":	0.0999390035867691,
					"bytes":	1759320,
					"bits_per_second":	140831502.16501984,
					"retransmits":	0,
					"snd_cwnd":	926720,
					"snd_wnd":	1512960,
					"rtt":	76462,
					"rttvar":	363,
					"pmtu":	1500,
					"omitted":	false,
					"sender":	true
				}],
			"sum":	{
				"start":	0.400138,
				"end":	0.500077,
				"seconds":	0.0999390035867691,
				"bytes":	1759320,
				"bits_per_second":	140831502.16501984,
				"retransmits":	0,
				"omitted":	false,
				"sender":	true
			}
		}, {
			"streams":	[{
					"socket":	6,
					"start":	0.500077,
					"end":	0.60009,
					"seconds":	0.10001300275325775,
					"bytes":	6453608,
					"bits_per_second":	516221516.98988241,
					"retransmits":	0,
					"snd_cwnd":	2868488,
					"snd_wnd":	4889600,
					"rtt":	83034,
					"rttvar":	875,
					"pmtu":	1500,
					"omitted":	false,
					"sender":	true
				}],
			"sum":	{
				"start":	0.500077,
				"end":	0.60009,
				"seconds":	0.10001300275325775,
				"bytes":	6453608,
				"bits_per_second":	516221516.98988241,
				"retransmits":	0,
				"omitted":	false,
				"sender":	true
			}
		}, {
			"streams":	[{
					"socket":	6,
					"start":	0.60009,
					"end":	0.700152,
					"seconds":	0.10006199777126312,
					"bytes":	5242880,
					"bits_per_second":	419170523.61756516,
					"retransmits":	0,
					"snd_cwnd":	4065984,
					"snd_wnd":	8355840,
					"rtt":	96593,
					"rttvar":	1648,
					"pmtu":	1500,
					"omitted":	false,
					"sender":	true
				}],
			"sum":	{
				"start":	0.60009,
				"end":	0.700152,
				"seconds":	0.10006199777126312,
				"bytes":	5242880,
				"bits_per_second":	419170523.61756516,
				"retransmits":	0,
				"omitted":	false,
				"sender":	true
			}
		}, {
			"streams":	[{
					"socket":	6,
					"start":	0.700152,
					"end":	0.800113,
					"seconds":	0.099960997700691223,
					"bytes":	3932160,
					"bits_per_second":	314695538.49583548,
					"retransmits":	0,
					"snd_cwnd":	4228160,
					"snd_wnd":	8363520,
					"rtt":	106397,
					"rttvar":	252,
					"pmtu":	1500,
					"omitted":	false,
					"sender":	true
				}],
			"sum":	{
				"start":	0.700152,
				"end":	0.800113,
				"seconds":	0.099960997700691223,
				"bytes":	3932160,
				"bits_per_second":	314695538.49583548,
				"retransmits":	0,
				"omitted":	false,
				"sender":	true
			}
		}, {
			"streams":	[{
					"socket":	6,
					"start":	0.800113,
					"end":	0.900179,
					"seconds":	0.10006599873304367,
					"bytes":	1310720,
					"bits_per_second":	104788440.95659244,
					"retransmits":	151,
					"snd_cwnd":	3547600,
					"snd_wnd":	8379392,
					"rtt":	105178,
					"rttvar":	202,
					"pmtu":	1500,
					"omitted":	false,
					"sender":	true
				}],
			"sum":	{
				"start":	0.800113,
				"end":	0.900179,
				"seconds":	0.10006599873304367,
				"bytes":	1310720,
				"bits_per_second":	104788440.95659244,
				"retransmits":	151,
				"omitted":	false,
				"sender":	true
			}
		}, {
			"streams":	[{
					"socket":	6,
					"start":	0.900179,
					"end":	1.000141,
					"seconds":	0.0999620035290718,
					"bytes":	9175040,
					"bits_per_second":	734282201.3231566,
					"retransmits":	288,
					"snd_cwnd":	2111184,
					"snd_wnd":	8375296,
					"rtt":	62113,
					"rttvar":	36,
					"pmtu":	1500,
					"omitted":	false,
					"sender":	true
				}],
			"sum":	{
				"start":	0.900179,
				"end":	1.000141,
				"seconds":	0.0999620035290718,
				"bytes":	9175040,
				"bits_per_second":	734282201.3231566,
				"retransmits":	288,
				"omitted":	false,
				"sender":	true
			}
		}, {
			"streams":	[{
					"socket":	6,
					"start":	1.000141,
					"end":	1.100167,
					"seconds":	0.10002599656581879,
					"bytes":	1310720,
					"bits_per_second":	104830347.70965959,
					"retransmits":	0,
					"snd_cwnd":	2118424,
					"snd_wnd":	8375296,
					"rtt":	67714,
					"rttvar":	1464,
					"pmtu":	1500,
					"omitted":	false,
					"sender":	true
				}],
			"sum":	{
				"start":	1.000141,
				"end":	1.100167,
				"seconds":	0.10002599656581879,
				"bytes":	1310720,
				"bits_per_second":	104830347.70965959,
				"retransmits":	0,
				"omitted":	false,
				"sender":	true
			}
		}, {
			"streams":	[{
					"socket":	6,
					"start":	1.100167,
					"end":	1.20017,
					"seconds":	0.10000299662351608,
					"bytes":	3932160,
					"bits_per_second":	314563373.71997011,
					"retransmits":	89,
					"snd_cwnd":	1485648,
					"snd_wnd":	8373760,
					"rtt":	33654,
					"rttvar":	155,
					"pmtu":	1500,
					"omitted":	false,
					"sender":	true
				}],
			"sum":	{
				"start":	1.100167,
				"end":	1.20017,
				"seconds":	0.10000299662351608,
				"bytes":	3932160,
				"bits_per_second":	314563373.71997011,
				"retransmits":	89,