{
	"start":	{
		"connected":	[{
				"socket":	6,
				"local_host":	"10.0.0.5",
				"local_port":	6004,
				"remote_host":	"10.0.0.1",
				"remote_port":	5004
			}],
		"version":	"iperf 3.12",
		"system_info":	"Linux cs244c-vm 6.1.0-43-cloud-amd64 #1 SMP PREEMPT_DYNAMIC Debian 6.1.162-1 (2026-02-08) x86_64",
		"timestamp":	{
			"time":	"Mon, 09 Mar 2026 06:15:10 GMT",
			"timesecs":	1773036910
		},
		"connecting_to":	{
			"host":	"10.0.0.1",
			"port":	5004
		},
		"cookie":	"vmxsmldcgb2qkxxcwxaof35y4qmodmtnocqc",
		"tcp_mss_default":	1448,
		"target_bitrate":	0,
		"sock_bufsize":	0,
		"sndbuf_actual":	87380,
		"rcvbuf_actual":	87380,
		"test_start":	{
			"protocol":	"TCP",
			"num_streams":	1,
			"blksize":	131072,
			"omit":	0,
			"duration":	0,
			"bytes":	52428800,
			"blocks":	0,
			"reverse":	0,
			"tos":	0,
			"target_bitrate":	0
		}
	},
	"intervals":	[{
			"streams":	[{
					"socket":	6,
					"start":	0,
					"end":	0.100146,
					"seconds":	0.10014600306749344,
					"bytes":	140456,
					"bits_per_second":	11220098.312288279,
					"retransmits":	0,
					"snd_cwnd":	57920,
					"snd_wnd":	56832,
					"rtt":	42666,
					"rttvar":	701,
					"pmtu":	1500,
					"omitted":	false,
					"sender":	true
				}],
			"sum":	{
				"start":	0,
				"end":	0.100146,
				"seconds":	0.10014600306749344,
				"bytes":	140456,
				"bits_per_second":	11220098.312288279,
				"retransmits":	0,
				"omitted":	false,
				"sender":	true
			}
		}, {
			"streams":	[{
					"socket":	6,
					"start":	0.100146,
					"end":	0.20013,
					"seconds":	0.099983997642993927,
					"bytes":	697936,
					"bits_per_second":	55843816.326854438,
					"retransmits":	0,
					"snd_cwnd":	228784,
					"snd_wnd":	324608,
					"rtt":	42966,
					"rttvar":	202,
					"pmtu":	1500,
					"omitted":	false,
					"sender":	true
				}],
			"sum":	{
				"start":	0.100146,
				"end":	0.20013,
				"seconds":	0.099983997642993927,
				"bytes":	697936,
				"bits_per_second":	55843816.326854438,
				"retransmits":	0,
				"omitted":	false,
				"sender":	true
			}
		}, {
			"streams":	[{
					"socket":	6,
					"start":	0.20013,
					"end":	0.300124,
					"seconds":	0.099993996322155,
					"bytes":	2867040,
					"bits_per_second":	229376971.05439273,
					"retransmits":	0,
					"snd_cwnd":	915136,
					"snd_wnd":	1427456,
					"rtt":	44979,
					"rttvar":	514,
					"pmtu":	1500,
					"omitted":	false,
					"sender":	true
				}],
			"sum":	{
				"start":	0.20013,
				"end":	0.300124,
				"seconds":	0.099993996322155,
				"bytes":	2867040,
				"bits_per_second":	229376971.05439273,
				"retransmits":	0,
				"omitted":	false,
				"sender":	true
			}
		}, {
			"streams":	[{
					"socket":	6,
					"start":	0.300124,
					"end":	0.400125,
					"seconds":	0.10000099986791611,
					"bytes":	5207464,
					"bits_per_second":	416592954.620706,
					"retransmits":	0,
					"snd_cwnd":	2148832,
					"snd_wnd":	5649408,
					"rtt":	55804,
					"rttvar":	1567,
					"pmtu":	1500,
					"omitted":	false,
					"sender":	true
				}],
			"sum":	{
				"start":	0.300124,
				"end":	0.400125,
				"seconds":	0.10000099986791611,
				"bytes":	5207464,
				"bits_per_second":	416592954.620706,
				"retransmits":	0,
				"omitted":	false,
				"sender":	true
			}
		}, {
			"streams":	[{
					"socket":	6,
					"start":	0.400125,
					"end":	0.500163,
					"seconds":	0.10003799945116043,
					"bytes":	5242880,
					"bits_per_second":	419271079.290995,
					"retransmits":	0,
					"snd_cwnd":	2370376,
					"snd_wnd":	8386048,
					"rtt":	61573,
					"rttvar":	202,
					"pmtu":	1500,
					"omitted":	false,
					"sender":	true
				}],
			"sum":	{
				"start":	0.400125,
				"end":	0.500163,
				"seconds":	0.10003799945116043,
				"bytes":	5242880,
				"bits_per_second":	419271079.290995,
				"retransmits":	0,
				"omitted":	false,
				"sender":	true
			}
		}, {
			"streams":	[{
					"socket":	6,
					"start":	0.500163,
					"end":	0.600113,
					"seconds":	0.099950000643730164,
					"bytes":	2621440,
					"bits_per_second":	209820108.70367652,
					"retransmits":	0,
					"snd_cwnd":	2526760,
					"snd_wnd":	8365568,
					"rtt":	62343,
					"rttvar":	117,
					"pmtu":	1500,
					"omitted":	false,
					"sender":	true
				}],
			"sum":	{
				"start":	0.500163,
				"end":	0.600113,
				"seconds":	0.099950000643730164,
				"bytes":	2621440,
				"bits_per_second":	209820108.70367652,
				"retransmits":	0,
				"omitted":	false,
				"sender":	true
			}
		}, {
			"streams":	[{
					"socket":	6,
					"start":	0.600113,
					"end":	0.700103,
					"seconds":	0.099990002810955048,
					"bytes":	5242880,
					"bits_per_second":	419472335.44236547,
					"retransmits":	0,
					"snd_cwnd":	2743960,
					"snd_wnd":	8376832,
					"rtt":	64810,
					"rttvar":	192,
					"pmtu":	1500,
					"omitted":	false,
					"sender":	true
				}],
			"sum":	{
				"start":	0.600113,
				"end":	0.700103,
				"seconds":	0.099990002810955048,
				"bytes":	5242880,
				"bits_per_second":	419472335.44236547,
				"retransmits":	0,
				"omitted":	false,
				"sender":	true
			}
		}, {
			"streams":	[{
					"socket":	6,
					"start":	0.700103,
					"end":	0.800094,
					"seconds":	0.099991001188755035,
					"bytes":	3932160,
					"bits_per_second":	314601110.36009586,
					"retransmits":	0,
					"snd_cwnd":	2946680,
					"snd_wnd":	8363008,
					"rtt":	66601,
					"rttvar":	176,
					"pmtu":	1500,
					"omitted":	false,
					"sender":	true
				}],
			"sum":	{
				"start":	0.700103,
				"end":	0.800094,
				"seconds":	0.099991001188755035,
				"bytes":	3932160,
				"bits_per_second":	314601110.36009586,
				"retransmits":	0,
				"omitted":	false,
				"sender":	true
			}
		}, {
			"streams":	[{
					"socket":	6,
					"start":	0.800094,
					"end":	0.900083,
					"seconds":	0.099988996982574463,
					"bytes":	5242880,
					"bits_per_second":	419476555.07845134,
					"retransmits":	0,
					"snd_cwnd":	3175464,
					"snd_wnd":	8385536,
					"rtt":	68609,
					"rttvar":	287,
					"pmtu":	1500,
					"omitted":	false,
					"sender":	true
				}],
			"sum":	{
				"start":	0.800094,
				"end":	0.900083,
				"seconds":	0.099988996982574463,
				"bytes":	5242880,
				"bits_per_second":	419476555.07845134,
				"retransmits":	0,
				"omitted":	false,
				"sender":	true
			}
		}, {
			"streams":	[{
					"socket":	6,
					"start":	0.900083,
					"end":	1.000136,
					"seconds":	0.10005299746990204,
					"bytes":	3932160,
					"bits_per_second":	314406172.683262,
					"retransmits":	0,
					"snd_cwnd":	3370944,
					"snd_wnd":	8361472,
					"rtt":	69559,
					"rttvar":	164,
					"pmtu":	1500,
					"omitted":	false,
					"sender":	true
				}],
			"sum":	{
				"start":	0.900083,
				"end":	1.000136,
				"seconds":	0.10005299746990204,
				"bytes":	3932160,
				"bits_per_second":	314406172.683262,
				"retransmits":	0,
				"omitted":	false,
				"sender":	true
			}
		}, {
			"streams":	[{
					"socket":	6,
					"start":	1.000136,
					"end":	1.100138,
					"seconds":	0.10000199824571609,
					"bytes":	7864320,
					"bits_per_second":	629133028.376212,
					"retransmits":	0,
					"snd_cwnd":	3676472,
					"snd_wnd":	8364544,
					"rtt":	71972,
					"rttvar":	236,
					"pmtu":	1500,
					"omitted":	false,
					"sender":	true
				}],
			"sum":	{
				"start":	1.000136,
				"end":	1.100138,
				"seconds":	0.10000199824571609,
				"bytes":	7864320,
				"bits_per_second":	629133028.376212,
				"retransmits":	0,
				"omitted":	false,
				"sender":	true
			}
		}, {
			"streams":	[{
					"socket":	6,
					"start":	1.100138,
					"end":	1.2001,
					"seconds":	0.0999620035290718,
					"bytes":	3932160,
					"bits_per_second":	314692371.99563855,
					"retransmits":	0,
					"snd_cwnd":	3860368,
					"snd_wnd":	8379392,
					"rtt":	74006,
					"rttvar":	288,
					"pmtu":	1500,
					"omitted":	false,
					"sender":	true
				}],
			"sum":	{
				"start":	1.100138,
				"end":	1.2001,
				"seconds":	0.0999620035290718,
				"bytes":	3932160,
				"bits_per_second":	314692371.99563855,
				"retransmits":	0,
				"omitted":	false,