{
	"start":	{
		"connected":	[{
				"socket":	6,
				"local_host":	"10.0.0.5",
				"local_port":	55038,
				"remote_host":	"10.0.0.1",
				"remote_port":	5004
			}],
		"version":	"iperf 3.12",
		"system_info":	"Linux cs244c-vm 6.1.0-43-cloud-amd64 #1 SMP PREEMPT_DYNAMIC Debian 6.1.162-1 (2026-02-08) x86_64",
		"timestamp":	{
			"time":	"Thu, 12 Mar 2026 01:15:08 GMT",
			"timesecs":	1773278108
		},
		"connecting_to":	{
			"host":	"10.0.0.1",
			"port":	5004
		},
		"cookie":	"c63ysl5572gi3vgrg4yt3tswzvst5qnrlmuj",
		"tcp_mss_default":	1448,
		"target_bitrate":	0,
		"sock_bufsize":	0,
		"sndbuf_actual":	87380,
		"rcvbuf_actual":	87380,
		"test_start":	{
			"protocol":	"TCP",
			"num_streams":	1,
			"blksize":	131072,
			"omit":	0,
			"duration":	0,
			"bytes":	20971520,
			"blocks":	0,
			"reverse":	0,
			"tos":	0,
			"target_bitrate":	0
		}
	},
	"intervals":	[{
			"streams":	[{
					"socket":	6,
					"start":	0,
					"end":	0.100123,
					"seconds":	0.10012300312519073,
					"bytes":	10613840,
					"bits_per_second":	848064054.70908856,
					"retransmits":	326,
					"snd_cwnd":	195480,
					"snd_wnd":	8356352,
					"rtt":	1667,
					"rttvar":	333,
					"pmtu":	1500,
					"omitted":	false,
					"sender":	true
				}],
			"sum":	{
				"start":	0,
				"end":	0.100123,
				"seconds":	0.10012300312519073,
				"bytes":	10613840,
				"bits_per_second":	848064054.70908856,
				"retransmits":	326,
				"omitted":	false,
				"sender":	true
			}
		}, {
			"streams":	[{
					"socket":	6,
					"start":	0.100123,
					"end":	0.193862,
					"seconds":	0.09373900294303894,
					"bytes":	10357680,
					"bits_per_second":	883959050.11227,
					"retransmits":	0,
					"snd_cwnd":	260640,
					"snd_wnd":	8388608,
					"rtt":	1845,
					"rttvar":	180,
					"pmtu":	1500,
					"omitted":	false,
					"sender":	true
				}],
			"sum":	{
				"start":	0.100123,
				"end":	0.193862,
				"seconds":	0.09373900294303894,
				"bytes":	10357680,
				"bits_per_second":	883959050.11227,
				"retransmits":	0,
				"omitted":	false,
				"sender":	true
			}
		}],
	"end":	{
		"streams":	[{
				"sender":	{
					"socket":	6,
					"start":	0,
					"end":	0.193862,
					"seconds":	0.193862,
					"bytes":	20971520,
					"bits_per_second":	865420556.8909843,
					"retransmits":	326,
					"max_snd_cwnd":	260640,
					"max_snd_wnd":	8388608,
					"max_rtt":	1845,
					"min_rtt":	1667,
					"mean_rtt":	1756,
					"sender":	true
				},
				"receiver":	{
					"socket":	6,
					"start":	0,
					"end":	0.197362,
					"seconds":	0.193862,
					"bytes":	19801400,
					"bits_per_second":	802642859.31435633,
					"sender":	true
				}
			}],
		"sum_sent":	{
			"start":	0,
			"end":	0.193862,
			"seconds":	0.193862,
			"bytes":	20971520,
			"bits_per_second":	865420556.8909843,
			"retransmits":	326,
			"sender":	true
		},
		"sum_received":	{
			"start":	0,
			"end":	0.197362,
			"seconds":	0.197362,
			"bytes":	19801400,
			"bits_per_second":	802642859.31435633,
			"sender":	true
		},
		"cpu_utilization_percent":	{
			"host_total":	6.3464996286596564,
			"host_user":	0,
			"host_system":	6.3464996286596564,
			"remote_total":	9.0015147753927529,
			"remote_user":	0,
			"remote_system":	9.00202138923648
		},
		"sender_tcp_congestion":	"dctcp-reno",
		"receiver_tcp_congestion":	"dctcp-reno"
	}
}
