{
	"start":	{
		"connected":	[{
				"socket":	6,
				"local_host":	"10.0.0.3",
				"local_port":	40420,
				"remote_host":	"10.0.0.1",
				"remote_port":	5002
			}],
		"version":	"iperf 3.12",
		"system_info":	"Linux cs244c-vm 6.1.0-43-cloud-amd64 #1 SMP PREEMPT_DYNAMIC Debian 6.1.162-1 (2026-02-08) x86_64",
		"timestamp":	{
			"time":	"Thu, 12 Mar 2026 01:15:04 GMT",
			"timesecs":	1773278104
		},
		"connecting_to":	{
			"host":	"10.0.0.1",
			"port":	5002
		},
		"cookie":	"m2amkld226zg6jwxaucoi6cm5qhlnk5tehhv",
		"tcp_mss_default":	1448,
		"target_bitrate":	0,
		"sock_bufsize":	0,
		"sndbuf_actual":	87380,
		"rcvbuf_actual":	87380,
		"test_start":	{
			"protocol":	"TCP",
			"num_streams":	1,
			"blksize":	131072,
			"omit":	0,
			"duration":	0,
			"bytes":	20971520,
			"blocks":	0,
			"reverse":	0,
			"tos":	0,
			"target_bitrate":	0
		}
	},
	"intervals":	[{
			"streams":	[{
					"socket":	6,
					"start":	0,
					"end":	0.100128,
					"seconds":	0.10012800246477127,
					"bytes":	5027456,
					"bits_per_second":	401682316.73403013,
					"retransmits":	84,
					"snd_cwnd":	59368,
					"snd_wnd":	2930688,
					"rtt":	1692,
					"rttvar":	190,
					"pmtu":	1500,
					"omitted":	false,
					"sender":	true
				}],
			"sum":	{
				"start":	0,
				"end":	0.100128,
				"seconds":	0.10012800246477127,
				"bytes":	5027456,
				"bits_per_second":	401682316.73403013,
				"retransmits":	84,
				"omitted":	false,
				"sender":	true
			}
		}, {
			"streams":	[{
					"socket":	6,
					"start":	0.100128,
					"end":	0.200115,
					"seconds":	0.0999870002269745,
					"bytes":	3974760,
					"bits_per_second":	318022142.15665126,
					"retransmits":	3,
					"snd_cwnd":	91224,
					"snd_wnd":	2930688,
					"rtt":	1795,
					"rttvar":	237,
					"pmtu":	1500,
					"omitted":	false,
					"sender":	true
				}],
			"sum":	{
				"start":	0.100128,
				"end":	0.200115,
				"seconds":	0.0999870002269745,
				"bytes":	3974760,
				"bits_per_second":	318022142.15665126,
				"retransmits":	3,
				"omitted":	false,
				"sender":	true
			}
		}, {
			"streams":	[{
					"socket":	6,
					"start":	0.200115,
					"end":	0.300145,
					"seconds":	0.10002999752759933,
					"bytes":	4952160,
					"bits_per_second":	396053993.59396338,
					"retransmits":	49,
					"snd_cwnd":	94120,
					"snd_wnd":	2930688,
					"rtt":	1957,
					"rttvar":	162,
					"pmtu":	1500,
					"omitted":	false,
					"sender":	true
				}],
			"sum":	{
				"start":	0.200115,
				"end":	0.300145,
				"seconds":	0.10002999752759933,
				"bytes":	4952160,
				"bits_per_second":	396053993.59396338,
				"retransmits":	49,
				"omitted":	false,
				"sender":	true
			}
		}, {
			"streams":	[{
					"socket":	6,
					"start":	0.300145,
					"end":	0.400177,
					"seconds":	0.10003200173377991,
					"bytes":	4821840,
					"bits_per_second":	385623793.70014811,
					"retransmits":	40,
					"snd_cwnd":	105704,
					"snd_wnd":	2930688,
					"rtt":	1657,
					"rttvar":	258,
					"pmtu":	1500,
					"omitted":	false,
					"sender":	true
				}],
			"sum":	{
				"start":	0.300145,
				"end":	0.400177,
				"seconds":	0.10003200173377991,
				"bytes":	4821840,
				"bits_per_second":	385623793.70014811,
				"retransmits":	40,
				"omitted":	false,
				"sender":	true
			}
		}, {
			"streams":	[{
					"socket":	6,
					"start":	0.400177,
					"end":	0.432279,
					"seconds":	0.032101999968290329,
					"bytes":	2195304,
					"bits_per_second":	547082176.10578144,
					"retransmits":	3,
					"snd_cwnd":	128872,
					"snd_wnd":	2930688,
					"rtt":	1895,
					"rttvar":	240,
					"pmtu":	1500,
					"omitted":	false,
					"sender":	true
				}],
			"sum":	{
				"start":	0.400177,
				"end":	0.432279,
				"seconds":	0.032101999968290329,
				"bytes":	2195304,
				"bits_per_second":	547082176.10578144,
				"retransmits":	3,
				"omitted":	false,
				"sender":	true
			}
		}],
	"end":	{
		"streams":	[{
				"sender":	{
					"socket":	6,
					"start":	0,
					"end":	0.432279,
					"seconds":	0.432279,
					"bytes":	20971520,
					"bits_per_second":	388110826.57265329,
					"retransmits":	179,
					"max_snd_cwnd":	128872,
					"max_snd_wnd":	2930688,
					"max_rtt":	1957,
					"min_rtt":	1657,
					"mean_rtt":	1799,
					"sender":	true
				},
				"receiver":	{
					"socket":	6,
					"start":	0,
					"end":	0.435467,
					"seconds":	0.432279,
					"bytes":	20461688,
					"bits_per_second":	375903349.73717868,
					"sender":	true
				}
			}],
		"sum_sent":	{
			"start":	0,
			"end":	0.432279,
			"seconds":	0.432279,
			"bytes":	20971520,
			"bits_per_second":	388110826.57265329,
			"retransmits":	179,
			"sender":	true
		},
		"sum_received":	{
			"start":	0,
			"end":	0.435467,
			"seconds":	0.435467,
			"bytes":	20461688,
			"bits_per_second":	375903349.73717868,
			"sender":	true
		},
		"cpu_utilization_percent":	{
			"host_total":	3.8811350297950957,
			"host_user":	0,
			"host_system":	3.8809097360683991,
			"remote_total":	8.14614610936847,
			"remote_user":	0,
			"remote_system":	8.14637573998466
		},
		"sender_tcp_congestion":	"dctcp-reno",
		"receiver_tcp_congestion":	"dctcp-reno"
	}
}
