{
	"start":	{
		"connected":	[{
				"socket":	6,
				"local_host":	"10.0.0.4",
				"local_port":	38194,
				"remote_host":	"10.0.0.1",
				"remote_port":	5003
			}],
		"version":	"iperf 3.12",
		"system_info":	"Linux cs244c-vm 6.1.0-43-cloud-amd64 #1 SMP PREEMPT_DYNAMIC Debian 6.1.162-1 (2026-02-08) x86_64",
		"timestamp":	{
			"time":	"Thu, 12 Mar 2026 01:15:06 GMT",
			"timesecs":	1773278106
		},
		"connecting_to":	{
			"host":	"10.0.0.1",
			"port":	5003
		},
		"cookie":	"u7hyc42u4nitrr5ute3npij2b73w6sxiq3qq",
		"tcp_mss_default":	1448,
		"target_bitrate":	0,
		"sock_bufsize":	0,
		"sndbuf_actual":	87380,
		"rcvbuf_actual":	87380,
		"test_start":	{
			"protocol":	"TCP",
			"num_streams":	1,
			"blksize":	131072,
			"omit":	0,
			"duration":	0,
			"bytes":	20971520,
			"blocks":	0,
			"reverse":	0,
			"tos":	0,
			"target_bitrate":	0
		}
	},
	"intervals":	[{
			"streams":	[{
					"socket":	6,
					"start":	0,
					"end":	0.100137,
					"seconds":	0.10013700276613235,
					"bytes":	6970672,
					"bits_per_second":	556890804.19391763,
					"retransmits":	298,
					"snd_cwnd":	123080,
					"snd_wnd":	6082560,
					"rtt":	2067,
					"rttvar":	265,
					"pmtu":	1500,
					"omitted":	false,
					"sender":	true
				}],
			"sum":	{
				"start":	0,
				"end":	0.100137,
				"seconds":	0.10013700276613235,
				"bytes":	6970672,
				"bits_per_second":	556890804.19391763,
				"retransmits":	298,
				"omitted":	false,
				"sender":	true
			}
		}, {
			"streams":	[{
					"socket":	6,
					"start":	0.100137,
					"end":	0.200144,
					"seconds":	0.10000699758529663,
					"bytes":	3909600,
					"bits_per_second":	312746115.32381833,
					"retransmits":	17,
					"snd_cwnd":	92672,
					"snd_wnd":	6082560,
					"rtt":	1755,
					"rttvar":	178,
					"pmtu":	1500,
					"omitted":	false,
					"sender":	true
				}],
			"sum":	{
				"start":	0.100137,
				"end":	0.200144,
				"seconds":	0.10000699758529663,
				"bytes":	3909600,
				"bits_per_second":	312746115.32381833,
				"retransmits":	17,
				"omitted":	false,
				"sender":	true
			}
		}, {
			"streams":	[{
					"socket":	6,
					"start":	0.200144,
					"end":	0.300149,
					"seconds":	0.10000500082969666,
					"bytes":	4561200,
					"bits_per_second":	364877753.08496726,
					"retransmits":	42,
					"snd_cwnd":	56472,
					"snd_wnd":	6082560,
					"rtt":	1921,
					"rttvar":	270,
					"pmtu":	1500,
					"omitted":	false,
					"sender":	true
				}],
			"sum":	{
				"start":	0.200144,
				"end":	0.300149,
				"seconds":	0.10000500082969666,
				"bytes":	4561200,
				"bits_per_second":	364877753.08496726,
				"retransmits":	42,
				"omitted":	false,
				"sender":	true
			}
		}, {
			"streams":	[{
					"socket":	6,
					"start":	0.300149,
					"end":	0.400134,
					"seconds":	0.0999850034713745,
					"bytes":	1954800,
					"bits_per_second":	156407455.68886477,
					"retransmits":	35,
					"snd_cwnd":	53576,
					"snd_wnd":	6069760,
					"rtt":	1733,
					"rttvar":	181,
					"pmtu":	1500,
					"omitted":	false,
					"sender":	true
				}],
			"sum":	{
				"start":	0.300149,
				"end":	0.400134,
				"seconds":	0.0999850034713745,
				"bytes":	1954800,
				"bits_per_second":	156407455.68886477,
				"retransmits":	35,
				"omitted":	false,
				"sender":	true
			}
		}, {
			"streams":	[{
					"socket":	6,
					"start":	0.400134,
					"end":	0.500125,
					"seconds":	0.099991001188755035,
					"bytes":	3258000,
					"bits_per_second":	260663456.61244515,
					"retransmits":	28,
					"snd_cwnd":	83984,
					"snd_wnd":	6082560,
					"rtt":	1652,
					"rttvar":	324,
					"pmtu":	1500,
					"omitted":	false,
					"sender":	true
				}],
			"sum":	{
				"start":	0.400134,
				"end":	0.500125,
				"seconds":	0.099991001188755035,
				"bytes":	3258000,
				"bits_per_second":	260663456.61244515,
				"retransmits":	28,
				"omitted":	false,
				"sender":	true
			}
		}, {
			"streams":	[{
					"socket":	6,
					"start":	0.500125,
					"end":	0.504368,
					"seconds":	0.0042429999448359,
					"bytes":	317248,
					"bits_per_second":	598157914.91794538,
					"retransmits":	0,
					"snd_cwnd":	88328,
					"snd_wnd":	6072320,
					"rtt":	1670,
					"rttvar":	200,
					"pmtu":	1500,
					"omitted":	false,
					"sender":	true
				}],
			"sum":	{
				"start":	0.500125,
				"end":	0.504368,
				"seconds":	0.0042429999448359,
				"bytes":	317248,
				"bits_per_second":	598157914.91794538,
				"retransmits":	0,
				"omitted":	false,
				"sender":	true
			}
		}],
	"end":	{
		"streams":	[{
				"sender":	{
					"socket":	6,
					"start":	0,
					"end":	0.504368,
					"seconds":	0.504368,
					"bytes":	20971520,
					"bits_per_second":	332638391.01608348,
					"retransmits":	420,
					"max_snd_cwnd":	123080,
					"max_snd_wnd":	6082560,
					"max_rtt":	2067,
					"min_rtt":	1652,
					"mean_rtt":	1799,
					"sender":	true
				},
				"receiver":	{
					"socket":	6,
					"start":	0,
					"end":	0.50654,
					"seconds":	0.504368,
					"bytes":	19588544,
					"bits_per_second":	309370142.535634,
					"sender":	true
				}
			}],
		"sum_sent":	{
			"start":	0,
			"end":	0.504368,
			"seconds":	0.504368,
			"bytes":	20971520,
			"bits_per_second":	332638391.01608348,
			"retransmits":	420,
			"sender":	true
		},
		"sum_received":	{
			"start":	0,
			"end":	0.50654,
			"seconds":	0.50654,
			"bytes":	19588544,
			"bits_per_second":	309370142.535634,
			"sender":	true
		},
		"cpu_utilization_percent":	{
			"host_total":	2.6586586043737039,
			"host_user":	0.19096943133331915,
			"host_system":	2.4676891730403843,
			"remote_total":	7.4333701168848343,
			"remote_user":	5.8320024794351,
			"remote_system":	1.601170230196598
		},
		"sender_tcp_congestion":	"dctcp-reno",
		"receiver_tcp_congestion":	"dctcp-reno"
	}
}
