{
	"start":	{
		"connected":	[{
				"socket":	6,
				"local_host":	"10.0.0.5",
				"local_port":	59686,
				"remote_host":	"10.0.0.1",
				"remote_port":	5004
			}],
		"version":	"iperf 3.12",
		"system_info":	"Linux cs244c-vm 6.1.0-43-cloud-amd64 #1 SMP PREEMPT_DYNAMIC Debian 6.1.162-1 (2026-02-08) x86_64",
		"timestamp":	{
			"time":	"Mon, 09 Mar 2026 04:11:56 GMT",
			"timesecs":	1773029516
		},
		"connecting_to":	{
			"host":	"10.0.0.1",
			"port":	5004
		},
		"cookie":	"j7mvveetrbiyncwqj3eo24tgoj2e7fkfstxj",
		"tcp_mss_default":	1448,
		"target_bitrate":	0,
		"sock_bufsize":	0,
		"sndbuf_actual":	87380,
		"rcvbuf_actual":	87380,
		"test_start":	{
			"protocol":	"TCP",
			"num_streams":	1,
			"blksize":	131072,
			"omit":	0,
			"duration":	0,
			"bytes":	20971520,
			"blocks":	0,
			"reverse":	0,
			"tos":	0,
			"target_bitrate":	0
		}
	},
	"intervals":	[{
			"streams":	[{
					"socket":	6,
					"start":	0,
					"end":	0.100122,
					"seconds":	0.10012199729681015,
					"bytes":	366344,
					"bits_per_second":	29271809.184068013,
					"retransmits":	0,
					"snd_cwnd":	111496,
					"snd_wnd":	105984,
					"rtt":	20303,
					"rttvar":	115,
					"pmtu":	1500,
					"omitted":	false,
					"sender":	true
				}],
			"sum":	{
				"start":	0,
				"end":	0.100122,
				"seconds":	0.10012199729681015,
				"bytes":	366344,
				"bits_per_second":	29271809.184068013,
				"retransmits":	0,
				"omitted":	false,
				"sender":	true
			}
		}, {
			"streams":	[{
					"socket":	6,
					"start":	0.100122,
					"end":	0.200095,
					"seconds":	0.099973000586032867,
					"bytes":	10643704,
					"bits_per_second":	851726281.10450232,
					"retransmits":	0,
					"snd_cwnd":	3253656,
					"snd_wnd":	4785152,
					"rtt":	28907,
					"rttvar":	2109,
					"pmtu":	1500,
					"omitted":	false,
					"sender":	true
				}],
			"sum":	{
				"start":	0.100122,
				"end":	0.200095,
				"seconds":	0.099973000586032867,
				"bytes":	10643704,
				"bits_per_second":	851726281.10450232,
				"retransmits":	0,
				"omitted":	false,
				"sender":	true
			}
		}, {
			"streams":	[{
					"socket":	6,
					"start":	0.200095,
					"end":	0.286567,
					"seconds":	0.0864719972014427,
					"bytes":	9961472,
					"bits_per_second":	921590556.239291,
					"retransmits":	0,
					"snd_cwnd":	9248376,
					"snd_wnd":	8355840,
					"rtt":	54677,
					"rttvar":	2170,
					"pmtu":	1500,
					"omitted":	false,
					"sender":	true
				}],
			"sum":	{
				"start":	0.200095,
				"end":	0.286567,
				"seconds":	0.0864719972014427,
				"bytes":	9961472,
				"bits_per_second":	921590556.239291,
				"retransmits":	0,
				"omitted":	false,
				"sender":	true
			}
		}],
	"end":	{
		"streams":	[{
				"sender":	{
					"socket":	6,
					"start":	0,
					"end":	0.286567,
					"seconds":	0.286567,
					"bytes":	20971520,
					"bits_per_second":	585455268.75041437,
					"retransmits":	0,
					"max_snd_cwnd":	9248376,
					"max_snd_wnd":	8355840,
					"max_rtt":	54677,
					"min_rtt":	20303,
					"mean_rtt":	34629,
					"sender":	true
				},
				"receiver":	{
					"socket":	6,
					"start":	0,
					"end":	0.374935,
					"seconds":	0.286567,
					"bytes":	17581616,
					"bits_per_second":	375139498.84646672,
					"sender":	true
				}
			}],
		"sum_sent":	{
			"start":	0,
			"end":	0.286567,
			"seconds":	0.286567,
			"bytes":	20971520,
			"bits_per_second":	585455268.75041437,
			"retransmits":	0,
			"sender":	true
		},
		"sum_received":	{
			"start":	0,
			"end":	0.374935,
			"seconds":	0.374935,
			"bytes":	17581616,
			"bits_per_second":	375139498.84646672,
			"sender":	true
		},
		"cpu_utilization_percent":	{
			"host_total":	8.01568518508625,
			"host_user":	0.925297703317075,
			"host_system":	7.0903874817691781,
			"remote_total":	3.1358095151736589,
			"remote_user":	1.9594142292890688,
			"remote_system":	1.17612859005918
		},
		"sender_tcp_congestion":	"dctcp",
		"receiver_tcp_congestion":	"dctcp"
	}
}
