{
	"start":	{
		"connected":	[{
				"socket":	6,
				"local_host":	"10.0.0.3",
				"local_port":	38402,
				"remote_host":	"10.0.0.1",
				"remote_port":	5002
			}],
		"version":	"iperf 3.12",
		"system_info":	"Linux cs244c-vm 6.1.0-43-cloud-amd64 #1 SMP PREEMPT_DYNAMIC Debian 6.1.162-1 (2026-02-08) x86_64",
		"timestamp":	{
			"time":	"Mon, 09 Mar 2026 04:11:52 GMT",
			"timesecs":	1773029512
		},
		"connecting_to":	{
			"host":	"10.0.0.1",
			"port":	5002
		},
		"cookie":	"woohazqajosn3aubmjlteru66ygfku3olsay",
		"tcp_mss_default":	1448,
		"target_bitrate":	0,
		"sock_bufsize":	0,
		"sndbuf_actual":	87380,
		"rcvbuf_actual":	87380,
		"test_start":	{
			"protocol":	"TCP",
			"num_streams":	1,
			"blksize":	131072,
			"omit":	0,
			"duration":	0,
			"bytes":	20971520,
			"blocks":	0,
			"reverse":	0,
			"tos":	0,
			"target_bitrate":	0
		}
	},
	"intervals":	[{
			"streams":	[{
					"socket":	6,
					"start":	0,
					"end":	0.10013,
					"seconds":	0.10012999922037125,
					"bytes":	794008,
					"bits_per_second":	63438170.872448042,
					"retransmits":	0,
					"snd_cwnd":	199824,
					"snd_wnd":	241152,
					"rtt":	21032,
					"rttvar":	326,
					"pmtu":	1500,
					"omitted":	false,
					"sender":	true
				}],
			"sum":	{
				"start":	0,
				"end":	0.10013,
				"seconds":	0.10012999922037125,
				"bytes":	794008,
				"bits_per_second":	63438170.872448042,
				"retransmits":	0,
				"omitted":	false,
				"sender":	true
			}
		}, {
			"streams":	[{
					"socket":	6,
					"start":	0.10013,
					"end":	0.20037,
					"seconds":	0.10023999959230423,
					"bytes":	12706408,
					"bits_per_second":	1014078854.8826382,
					"retransmits":	0,
					"snd_cwnd":	4002272,
					"snd_wnd":	6626816,
					"rtt":	30146,
					"rttvar":	2160,
					"pmtu":	1500,
					"omitted":	false,
					"sender":	true
				}],
			"sum":	{
				"start":	0.10013,
				"end":	0.20037,
				"seconds":	0.10023999959230423,
				"bytes":	12706408,
				"bits_per_second":	1014078854.8826382,
				"retransmits":	0,
				"omitted":	false,
				"sender":	true
			}
		}, {
			"streams":	[{
					"socket":	6,
					"start":	0.20037,
					"end":	0.260242,
					"seconds":	0.05987200140953064,
					"bytes":	7471104,
					"bits_per_second":	998276833.79373026,
					"retransmits":	0,
					"snd_cwnd":	9149912,
					"snd_wnd":	8355840,
					"rtt":	52729,
					"rttvar":	2248,
					"pmtu":	1500,
					"omitted":	false,
					"sender":	true
				}],
			"sum":	{
				"start":	0.20037,
				"end":	0.260242,
				"seconds":	0.05987200140953064,
				"bytes":	7471104,
				"bits_per_second":	998276833.79373026,
				"retransmits":	0,
				"omitted":	false,
				"sender":	true
			}
		}],
	"end":	{
		"streams":	[{
				"sender":	{
					"socket":	6,
					"start":	0,
					"end":	0.260242,
					"seconds":	0.260242,
					"bytes":	20971520,
					"bits_per_second":	644677492.4877615,
					"retransmits":	0,
					"max_snd_cwnd":	9149912,
					"max_snd_wnd":	8355840,
					"max_rtt":	52729,
					"min_rtt":	21032,
					"mean_rtt":	34635,
					"sender":	true
				},
				"receiver":	{
					"socket":	6,
					"start":	0,
					"end":	0.345403,
					"seconds":	0.260242,
					"bytes":	17474968,
					"bits_per_second":	404743861.51828444,
					"sender":	true
				}
			}],
		"sum_sent":	{
			"start":	0,
			"end":	0.260242,
			"seconds":	0.260242,
			"bytes":	20971520,
			"bits_per_second":	644677492.4877615,
			"retransmits":	0,
			"sender":	true
		},
		"sum_received":	{
			"start":	0,
			"end":	0.345403,
			"seconds":	0.345403,
			"bytes":	17474968,
			"bits_per_second":	404743861.51828444,
			"sender":	true
		},
		"cpu_utilization_percent":	{
			"host_total":	8.6615215502109262,
			"host_user":	2.157898674585772,
			"host_system":	6.5033351174341183,
			"remote_total":	3.5535728243594162,
			"remote_user":	1.5696514748412833,
			"remote_system":	1.983631852750364
		},
		"sender_tcp_congestion":	"dctcp",
		"receiver_tcp_congestion":	"dctcp"
	}
}
