{
	"start":	{
		"connected":	[{
				"socket":	6,
				"local_host":	"10.0.0.3",
				"local_port":	44204,
				"remote_host":	"10.0.0.1",
				"remote_port":	5002
			}],
		"version":	"iperf 3.12",
		"system_info":	"Linux cs244c-vm 6.1.0-43-cloud-amd64 #1 SMP PREEMPT_DYNAMIC Debian 6.1.162-1 (2026-02-08) x86_64",
		"timestamp":	{
			"time":	"Thu, 12 Mar 2026 01:53:16 GMT",
			"timesecs":	1773280396
		},
		"connecting_to":	{
			"host":	"10.0.0.1",
			"port":	5002
		},
		"cookie":	"dnbo6nv243y55czrw3ckdr5gtrndsbz4l4zr",
		"tcp_mss_default":	1448,
		"target_bitrate":	0,
		"sock_bufsize":	0,
		"sndbuf_actual":	87380,
		"rcvbuf_actual":	87380,
		"test_start":	{
			"protocol":	"TCP",
			"num_streams":	1,
			"blksize":	131072,
			"omit":	0,
			"duration":	0,
			"bytes":	20971520,
			"blocks":	0,
			"reverse":	0,
			"tos":	0,
			"target_bitrate":	0
		}
	},
	"intervals":	[{
			"streams":	[{
					"socket":	6,
					"start":	0,
					"end":	0.100082,
					"seconds":	0.10008200258016586,
					"bytes":	2140144,
					"bits_per_second":	171071237.17159763,
					"retransmits":	28,
					"snd_cwnd":	36200,
					"snd_wnd":	397312,
					"rtt":	1330,
					"rttvar":	113,
					"pmtu":	1500,
					"omitted":	false,
					"sender":	true
				}],
			"sum":	{
				"start":	0,
				"end":	0.100082,
				"seconds":	0.10008200258016586,
				"bytes":	2140144,
				"bits_per_second":	171071237.17159763,
				"retransmits":	28,
				"omitted":	false,
				"sender":	true
			}
		}, {
			"streams":	[{
					"socket":	6,
					"start":	0.100082,
					"end":	0.20011,
					"seconds":	0.10002800077199936,
					"bytes":	3174016,
					"bits_per_second":	253850199.98428249,
					"retransmits":	27,
					"snd_cwnd":	56472,
					"snd_wnd":	397312,
					"rtt":	1810,
					"rttvar":	158,
					"pmtu":	1500,
					"omitted":	false,
					"sender":	true
				}],
			"sum":	{
				"start":	0.100082,
				"end":	0.20011,
				"seconds":	0.10002800077199936,
				"bytes":	3174016,
				"bits_per_second":	253850199.98428249,
				"retransmits":	27,
				"omitted":	false,
				"sender":	true
			}
		}, {
			"streams":	[{
					"socket":	6,
					"start":	0.20011,
					"end":	0.300112,
					"seconds":	0.10000199824571609,
					"bytes":	4898584,
					"bits_per_second":	391878889.29688233,
					"retransmits":	0,
					"snd_cwnd":	86880,
					"snd_wnd":	397312,
					"rtt":	1601,
					"rttvar":	333,
					"pmtu":	1500,
					"omitted":	false,
					"sender":	true
				}],
			"sum":	{
				"start":	0.20011,
				"end":	0.300112,
				"seconds":	0.10000199824571609,
				"bytes":	4898584,
				"bits_per_second":	391878889.29688233,
				"retransmits":	0,
				"omitted":	false,
				"sender":	true
			}
		}, {
			"streams":	[{
					"socket":	6,
					"start":	0.300112,
					"end":	0.40012,
					"seconds":	0.10000800341367722,
					"bytes":	4365720,
					"bits_per_second":	349229649.70645052,
					"retransmits":	55,
					"snd_cwnd":	34752,
					"snd_wnd":	395264,
					"rtt":	1499,
					"rttvar":	192,
					"pmtu":	1500,
					"omitted":	false,
					"sender":	true
				}],
			"sum":	{
				"start":	0.300112,
				"end":	0.40012,
				"seconds":	0.10000800341367722,
				"bytes":	4365720,
				"bits_per_second":	349229649.70645052,
				"retransmits":	55,
				"omitted":	false,
				"sender":	true
			}
		}, {
			"streams":	[{
					"socket":	6,
					"start":	0.40012,
					"end":	0.500145,
					"seconds":	0.1000249981880188,
					"bytes":	4561200,
					"bits_per_second":	364804805.40884227,
					"retransmits":	12,
					"snd_cwnd":	65160,
					"snd_wnd":	655872,
					"rtt":	1478,
					"rttvar":	291,
					"pmtu":	1500,
					"omitted":	false,
					"sender":	true
				}],
			"sum":	{
				"start":	0.40012,
				"end":	0.500145,
				"seconds":	0.1000249981880188,
				"bytes":	4561200,
				"bits_per_second":	364804805.40884227,
				"retransmits":	12,
				"omitted":	false,
				"sender":	true
			}
		}, {
			"streams":	[{
					"socket":	6,
					"start":	0.500145,
					"end":	0.544801,
					"seconds":	0.044656001031398773,
					"bytes":	1831856,
					"bits_per_second":	328171973.78905028,
					"retransmits":	18,
					"snd_cwnd":	53576,
					"snd_wnd":	663040,
					"rtt":	1768,
					"rttvar":	286,
					"pmtu":	1500,
					"omitted":	false,
					"sender":	true
				}],
			"sum":	{
				"start":	0.500145,
				"end":	0.544801,
				"seconds":	0.044656001031398773,
				"bytes":	1831856,
				"bits_per_second":	328171973.78905028,
				"retransmits":	18,
				"omitted":	false,
				"sender":	true
			}
		}],
	"end":	{
		"streams":	[{
				"sender":	{
					"socket":	6,
					"start":	0,
					"end":	0.544801,
					"seconds":	0.544801,
					"bytes":	20971520,
					"bits_per_second":	307951270.28034091,
					"retransmits":	140,
					"max_snd_cwnd":	86880,
					"max_snd_wnd":	663040,
					"max_rtt":	1810,
					"min_rtt":	1330,
					"mean_rtt":	1581,
					"sender":	true
				},
				"receiver":	{
					"socket":	6,
					"start":	0,
					"end":	0.547048,
					"seconds":	0.544801,
					"bytes":	20703504,
					"bits_per_second":	302766908.936693,
					"sender":	true
				}
			}],
		"sum_sent":	{
			"start":	0,
			"end":	0.544801,
			"seconds":	0.544801,
			"bytes":	20971520,
			"bits_per_second":	307951270.28034091,
			"retransmits":	140,
			"sender":	true
		},
		"sum_received":	{
			"start":	0,
			"end":	0.547048,
			"seconds":	0.547048,
			"bytes":	20703504,
			"bits_per_second":	302766908.936693,
			"sender":	true
		},
		"cpu_utilization_percent":	{
			"host_total":	3.9410476429828027,
			"host_user":	0,
			"host_system":	3.9410476429828027,
			"remote_total":	7.0086479352620428,
			"remote_user":	0,
			"remote_system":	7.0088307282289
		},
		"sender_tcp_congestion":	"dctcp-reno",
		"receiver_tcp_congestion":	"dctcp-reno"
	}
}
