{
	"start":	{
		"connected":	[{
				"socket":	6,
				"local_host":	"10.0.0.5",
				"local_port":	54878,
				"remote_host":	"10.0.0.1",
				"remote_port":	5004
			}],
		"version":	"iperf 3.12",
		"system_info":	"Linux cs244c-vm 6.1.0-43-cloud-amd64 #1 SMP PREEMPT_DYNAMIC Debian 6.1.162-1 (2026-02-08) x86_64",
		"timestamp":	{
			"time":	"Thu, 12 Mar 2026 01:53:20 GMT",
			"timesecs":	1773280400
		},
		"connecting_to":	{
			"host":	"10.0.0.1",
			"port":	5004
		},
		"cookie":	"twpyokdrujvdx3pcu4bakbm52adlgqsrtvmx",
		"tcp_mss_default":	1448,
		"target_bitrate":	0,
		"sock_bufsize":	0,
		"sndbuf_actual":	87380,
		"rcvbuf_actual":	87380,
		"test_start":	{
			"protocol":	"TCP",
			"num_streams":	1,
			"blksize":	131072,
			"omit":	0,
			"duration":	0,
			"bytes":	20971520,
			"blocks":	0,
			"reverse":	0,
			"tos":	0,
			"target_bitrate":	0
		}
	},
	"intervals":	[{
			"streams":	[{
					"socket":	6,
					"start":	0,
					"end":	0.100121,
					"seconds":	0.10012099891901016,
					"bytes":	2939440,
					"bits_per_second":	234871008.61850333,
					"retransmits":	20,
					"snd_cwnd":	82536,
					"snd_wnd":	588800,
					"rtt":	1499,
					"rttvar":	165,
					"pmtu":	1500,
					"omitted":	false,
					"sender":	true
				}],
			"sum":	{
				"start":	0,
				"end":	0.100121,
				"seconds":	0.10012099891901016,
				"bytes":	2939440,
				"bits_per_second":	234871008.61850333,
				"retransmits":	20,
				"omitted":	false,
				"sender":	true
			}
		}, {
			"streams":	[{
					"socket":	6,
					"start":	0.100121,
					"end":	0.200138,
					"seconds":	0.1000170037150383,
					"bytes":	5483576,
					"bits_per_second":	438611499.75045723,
					"retransmits":	5,
					"snd_cwnd":	52128,
					"snd_wnd":	811008,
					"rtt":	1586,
					"rttvar":	149,
					"pmtu":	1500,
					"omitted":	false,
					"sender":	true
				}],
			"sum":	{
				"start":	0.100121,
				"end":	0.200138,
				"seconds":	0.1000170037150383,
				"bytes":	5483576,
				"bits_per_second":	438611499.75045723,
				"retransmits":	5,
				"omitted":	false,
				"sender":	true
			}
		}, {
			"streams":	[{
					"socket":	6,
					"start":	0.200138,
					"end":	0.300137,
					"seconds":	0.099999003112316132,
					"bytes":	5082480,
					"bits_per_second":	406602453.36978,
					"retransmits":	19,
					"snd_cwnd":	94120,
					"snd_wnd":	835584,
					"rtt":	1529,
					"rttvar":	119,
					"pmtu":	1500,
					"omitted":	false,
					"sender":	true
				}],
			"sum":	{
				"start":	0.200138,
				"end":	0.300137,
				"seconds":	0.099999003112316132,
				"bytes":	5082480,
				"bits_per_second":	406602453.36978,
				"retransmits":	19,
				"omitted":	false,
				"sender":	true
			}
		}, {
			"streams":	[{
					"socket":	6,
					"start":	0.300137,
					"end":	0.400147,
					"seconds":	0.10001000016927719,
					"bytes":	5473440,
					"bits_per_second":	437831416.11723953,
					"retransmits":	12,
					"snd_cwnd":	124528,
					"snd_wnd":	800768,
					"rtt":	1723,
					"rttvar":	308,
					"pmtu":	1500,
					"omitted":	false,
					"sender":	true
				}],
			"sum":	{
				"start":	0.300137,
				"end":	0.400147,
				"seconds":	0.10001000016927719,
				"bytes":	5473440,
				"bits_per_second":	437831416.11723953,
				"retransmits":	12,
				"omitted":	false,
				"sender":	true
			}
		}, {
			"streams":	[{
					"socket":	6,
					"start":	0.400147,
					"end":	0.439167,
					"seconds":	0.039019998162984848,
					"bytes":	1992584,
					"bits_per_second":	408525698.37180674,
					"retransmits":	30,
					"snd_cwnd":	97016,
					"snd_wnd":	835584,
					"rtt":	1371,
					"rttvar":	165,
					"pmtu":	1500,
					"omitted":	false,
					"sender":	true
				}],
			"sum":	{
				"start":	0.400147,
				"end":	0.439167,
				"seconds":	0.039019998162984848,
				"bytes":	1992584,
				"bits_per_second":	408525698.37180674,
				"retransmits":	30,
				"omitted":	false,
				"sender":	true
			}
		}],
	"end":	{
		"streams":	[{
				"sender":	{
					"socket":	6,
					"start":	0,
					"end":	0.439167,
					"seconds":	0.439167,
					"bytes":	20971520,
					"bits_per_second":	382023603.77715087,
					"retransmits":	86,
					"max_snd_cwnd":	124528,
					"max_snd_wnd":	835584,
					"max_rtt":	1723,
					"min_rtt":	1371,
					"mean_rtt":	1541,
					"sender":	true
				},
				"receiver":	{
					"socket":	6,
					"start":	0,
					"end":	0.441165,
					"seconds":	0.439167,
					"bytes":	20817896,
					"bits_per_second":	377507662.665896,
					"sender":	true
				}
			}],
		"sum_sent":	{
			"start":	0,
			"end":	0.439167,
			"seconds":	0.439167,
			"bytes":	20971520,
			"bits_per_second":	382023603.77715087,
			"retransmits":	86,
			"sender":	true
		},
		"sum_received":	{
			"start":	0,
			"end":	0.441165,
			"seconds":	0.441165,
			"bytes":	20817896,
			"bits_per_second":	377507662.665896,
			"sender":	true
		},
		"cpu_utilization_percent":	{
			"host_total":	4.729250518626217,
			"host_user":	1.4685544069930319,
			"host_system":	3.2606961116331852,
			"remote_total":	7.9436064236091442,
			"remote_user":	0,
			"remote_system":	7.9436064236091442
		},
		"sender_tcp_congestion":	"dctcp-reno",
		"receiver_tcp_congestion":	"dctcp-reno"
	}
}
