{
	"start":	{
		"connected":	[{
				"socket":	6,
				"local_host":	"10.0.0.4",
				"local_port":	32928,
				"remote_host":	"10.0.0.1",
				"remote_port":	5003
			}],
		"version":	"iperf 3.12",
		"system_info":	"Linux cs244c-vm 6.1.0-43-cloud-amd64 #1 SMP PREEMPT_DYNAMIC Debian 6.1.162-1 (2026-02-08) x86_64",
		"timestamp":	{
			"time":	"Thu, 12 Mar 2026 01:53:18 GMT",
			"timesecs":	1773280398
		},
		"connecting_to":	{
			"host":	"10.0.0.1",
			"port":	5003
		},
		"cookie":	"qk7qlwkuadqq34vjcbdnlvtbetplzwoezxlw",
		"tcp_mss_default":	1448,
		"target_bitrate":	0,
		"sock_bufsize":	0,
		"sndbuf_actual":	87380,
		"rcvbuf_actual":	87380,
		"test_start":	{
			"protocol":	"TCP",
			"num_streams":	1,
			"blksize":	131072,
			"omit":	0,
			"duration":	0,
			"bytes":	20971520,
			"blocks":	0,
			"reverse":	0,
			"tos":	0,
			"target_bitrate":	0
		}
	},
	"intervals":	[{
			"streams":	[{
					"socket":	6,
					"start":	0,
					"end":	0.100118,
					"seconds":	0.1001179963350296,
					"bytes":	8137760,
					"bits_per_second":	650253524.67248571,
					"retransmits":	33,
					"snd_cwnd":	146248,
					"snd_wnd":	8388608,
					"rtt":	1513,
					"rttvar":	347,
					"pmtu":	1500,
					"omitted":	false,
					"sender":	true
				}],
			"sum":	{
				"start":	0,
				"end":	0.100118,
				"seconds":	0.1001179963350296,
				"bytes":	8137760,
				"bits_per_second":	650253524.67248571,
				"retransmits":	33,
				"omitted":	false,
				"sender":	true
			}
		}, {
			"streams":	[{
					"socket":	6,
					"start":	0.100118,
					"end":	0.200118,
					"seconds":	0.10000000149011612,
					"bytes":	10425600,
					"bits_per_second":	834047987.57171655,
					"retransmits":	0,
					"snd_cwnd":	227336,
					"snd_wnd":	8388608,
					"rtt":	1783,
					"rttvar":	119,
					"pmtu":	1500,
					"omitted":	false,
					"sender":	true
				}],
			"sum":	{
				"start":	0.100118,
				"end":	0.200118,
				"seconds":	0.10000000149011612,
				"bytes":	10425600,
				"bits_per_second":	834047987.57171655,
				"retransmits":	0,
				"omitted":	false,
				"sender":	true
			}
		}, {
			"streams":	[{
					"socket":	6,
					"start":	0.200118,
					"end":	0.223065,
					"seconds":	0.022947000339627266,
					"bytes":	2408160,
					"bits_per_second":	839555485.024799,
					"retransmits":	0,
					"snd_cwnd":	243264,
					"snd_wnd":	8388608,
					"rtt":	1896,
					"rttvar":	139,
					"pmtu":	1500,
					"omitted":	false,
					"sender":	true
				}],
			"sum":	{
				"start":	0.200118,
				"end":	0.223065,
				"seconds":	0.022947000339627266,
				"bytes":	2408160,
				"bits_per_second":	839555485.024799,
				"retransmits":	0,
				"omitted":	false,
				"sender":	true
			}
		}],
	"end":	{
		"streams":	[{
				"sender":	{
					"socket":	6,
					"start":	0,
					"end":	0.223065,
					"seconds":	0.223065,
					"bytes":	20971520,
					"bits_per_second":	752122296.191693,
					"retransmits":	33,
					"max_snd_cwnd":	243264,
					"max_snd_wnd":	8388608,
					"max_rtt":	1896,
					"min_rtt":	1513,
					"mean_rtt":	1730,
					"sender":	true
				},
				"receiver":	{
					"socket":	6,
					"start":	0,
					"end":	0.430311,
					"seconds":	0.223065,
					"bytes":	20971520,
					"bits_per_second":	389885826.76250434,
					"sender":	true
				}
			}],
		"sum_sent":	{
			"start":	0,
			"end":	0.223065,
			"seconds":	0.223065,
			"bytes":	20971520,
			"bits_per_second":	752122296.191693,
			"retransmits":	33,
			"sender":	true
		},
		"sum_received":	{
			"start":	0,
			"end":	0.430311,
			"seconds":	0.430311,
			"bytes":	20971520,
			"bits_per_second":	389885826.76250434,
			"sender":	true
		},
		"cpu_utilization_percent":	{
			"host_total":	6.5733053163864978,
			"host_user":	1.3491697416974169,
			"host_system":	5.22413557468908,
			"remote_total":	4.8024594392367,
			"remote_user":	0,
			"remote_system":	4.8022270659150168
		},
		"sender_tcp_congestion":	"dctcp-reno",
		"receiver_tcp_congestion":	"dctcp-reno"
	}
}
