{
	"start":	{
		"connected":	[{
				"socket":	6,
				"local_host":	"10.0.0.2",
				"local_port":	53998,
				"remote_host":	"10.0.0.1",
				"remote_port":	5001
			}],
		"version":	"iperf 3.12",
		"system_info":	"Linux cs244c-vm 6.1.0-43-cloud-amd64 #1 SMP PREEMPT_DYNAMIC Debian 6.1.162-1 (2026-02-08) x86_64",
		"timestamp":	{
			"time":	"Wed, 04 Mar 2026 02:45:02 GMT",
			"timesecs":	1772592302
		},
		"connecting_to":	{
			"host":	"10.0.0.1",
			"port":	5001
		},
		"cookie":	"q2o73xsytgxkiidajc44rgggu3vh2lg65gho",
		"tcp_mss_default":	1448,
		"target_bitrate":	5000000,
		"sock_bufsize":	0,
		"sndbuf_actual":	87380,
		"rcvbuf_actual":	87380,
		"test_start":	{
			"protocol":	"TCP",
			"num_streams":	1,
			"blksize":	131072,
			"omit":	0,
			"duration":	15,
			"bytes":	0,
			"blocks":	0,
			"reverse":	0,
			"tos":	0,
			"target_bitrate":	5000000
		}
	},
	"intervals":	[{
			"streams":	[{
					"socket":	6,
					"start":	0,
					"end":	1.000116,
					"seconds":	1.0001159906387329,
					"bytes":	524288,
					"bits_per_second":	4193817.5564229013,
					"retransmits":	74,
					"snd_cwnd":	36200,
					"snd_wnd":	258560,
					"rtt":	100132,
					"rttvar":	2270,
					"pmtu":	1500,
					"omitted":	false,
					"sender":	true
				}],
			"sum":	{
				"start":	0,
				"end":	1.000116,
				"seconds":	1.0001159906387329,
				"bytes":	524288,
				"bits_per_second":	4193817.5564229013,
				"retransmits":	74,
				"omitted":	false,
				"sender":	true
			}
		}, {
			"streams":	[{
					"socket":	6,
					"start":	1.000116,
					"end":	2.000096,
					"seconds":	0.99997997283935547,
					"bytes":	393216,
					"bits_per_second":	3145791.0012617363,
					"retransmits":	3,
					"snd_cwnd":	28960,
					"snd_wnd":	935936,
					"rtt":	79027,
					"rttvar":	2648,
					"pmtu":	1500,
					"omitted":	false,
					"sender":	true
				}],
			"sum":	{
				"start":	1.000116,
				"end":	2.000096,
				"seconds":	0.99997997283935547,
				"bytes":	393216,
				"bits_per_second":	3145791.0012617363,
				"retransmits":	3,
				"omitted":	false,
				"sender":	true
			}
		}, {
			"streams":	[{
					"socket":	6,
					"start":	2.000096,
					"end":	3.000123,
					"seconds":	1.0000269412994385,
					"bytes":	262144,
					"bits_per_second":	2097095.5015221424,
					"retransmits":	1,
					"snd_cwnd":	18824,
					"snd_wnd":	1413632,
					"rtt":	113238,
					"rttvar":	1291,
					"pmtu":	1500,
					"omitted":	false,
					"sender":	true
				}],
			"sum":	{
				"start":	2.000096,
				"end":	3.000123,
				"seconds":	1.0000269412994385,
				"bytes":	262144,
				"bits_per_second":	2097095.5015221424,
				"retransmits":	1,
				"omitted":	false,
				"sender":	true
			}
		}, {
			"streams":	[{
					"socket":	6,
					"start":	3.000123,
					"end":	4.000099,
					"seconds":	0.99997597932815552,
					"bytes":	393216,
					"bits_per_second":	3145803.5643151058,
					"retransmits":	2,
					"snd_cwnd":	15928,
					"snd_wnd":	1413632,
					"rtt":	105127,
					"rttvar":	513,
					"pmtu":	1500,
					"omitted":	false,
					"sender":	true
				}],
			"sum":	{
				"start":	3.000123,
				"end":	4.000099,
				"seconds":	0.99997597932815552,
				"bytes":	393216,
				"bits_per_second":	3145803.5643151058,
				"retransmits":	2,
				"omitted":	false,
				"sender":	true
			}
		}, {
			"streams":	[{
					"socket":	6,
					"start":	4.000099,
					"end":	5.000102,
					"seconds":	1.0000029802322388,
					"bytes":	131072,
					"bits_per_second":	1048572.8750093132,
					"retransmits":	0,
					"snd_cwnd":	31856,
					"snd_wnd":	1413632,
					"rtt":	111228,
					"rttvar":	2056,
					"pmtu":	1500,
					"omitted":	false,
					"sender":	true
				}],
			"sum":	{
				"start":	4.000099,
				"end":	5.000102,
				"seconds":	1.0000029802322388,
				"bytes":	131072,
				"bits_per_second":	1048572.8750093132,
				"retransmits":	0,
				"omitted":	false,
				"sender":	true
			}
		}, {
			"streams":	[{
					"socket":	6,
					"start":	5.000102,
					"end":	6.000084,
					"seconds":	0.99998199939727783,
					"bytes":	262144,
					"bits_per_second":	2097189.7506795349,
					"retransmits":	1,
					"snd_cwnd":	27512,
					"snd_wnd":	1413632,
					"rtt":	95262,
					"rttvar":	3480,
					"pmtu":	1500,
					"omitted":	false,
					"sender":	true
				}],
			"sum":	{
				"start":	5.000102,
				"end":	6.000084,
				"seconds":	0.99998199939727783,
				"bytes":	262144,
				"bits_per_second":	2097189.7506795349,
				"retransmits":	1,
				"omitted":	false,
				"sender":	true
			}
		}, {
			"streams":	[{
					"socket":	6,
					"start":	6.000084,
					"end":	7.00008,
					"seconds":	0.9999960064888,
					"bytes":	391320,
					"bits_per_second":	3130572.5019763489,
					"retransmits":	1,
					"snd_cwnd":	24616,
					"snd_wnd":	1413120,
					"rtt":	77773,
					"rttvar":	1694,
					"pmtu":	1500,
					"omitted":	false,
					"sender":	true
				}],
			"sum":	{
				"start":	6.000084,
				"end":	7.00008,
				"seconds":	0.9999960064888,
				"bytes":	391320,
				"bits_per_second":	3130572.5019763489,
				"retransmits":	1,
				"omitted":	false,
				"sender":	true
			}
		}, {
			"streams":	[{
					"socket":	6,
					"start":	7.00008,
					"end":	8.00005,
					"seconds":	0.999970018863678,
					"bytes":	260640,
					"bits_per_second":	2085182.5161412726,
					"retransmits":	1,
					"snd_cwnd":	18824,
					"snd_wnd":	1413632,
					"rtt":	86758,
					"rttvar":	5255,
					"pmtu":	1500,
					"omitted":	false,
					"sender":	true
				}],
			"sum":	{
				"start":	7.00008,
				"end":	8.00005,
				"seconds":	0.999970018863678,
				"bytes":	260640,
				"bits_per_second":	2085182.5161412726,
				"retransmits":	1,
				"omitted":	false,
				"sender":	true
			}
		}, {
			"streams":	[{
					"socket":	6,
					"start":	8.00005,
					"end":	9.000099,
					"seconds":	1.0000489950180054,
					"bytes":	260640,
					"bits_per_second":	2085017.8445131665,
					"retransmits":	0,
					"snd_cwnd":	34752,
					"snd_wnd":	1413632,
					"rtt":	109958,
					"rttvar":	1670,
					"pmtu":	1500,
					"omitted":	false,
					"sender":	true
				}],
			"sum":	{
				"start":	8.00005,
				"end":	9.000099,
				"seconds":	1.0000489950180054,
				"bytes":	260640,
				"bits_per_second":	2085017.8445131665,
				"retransmits":	0,
				"omitted":	false,
				"sender":	true
			}
		}, {
			"streams":	[{
					"socket":	6,
					"start":	9.000099,
					"end":	10.000101,
					"seconds":	1.0000020265579224,
					"bytes":	260640,
					"bits_per_second":	2085115.7743921084,
					"retransmits":	1,
					"snd_cwnd":	28960,
					"snd_wnd":	1413120,
					"rtt":	91438,
					"rttvar":	1125,
					"pmtu":	1500,
					"omitted":	false,
					"sender":	true
				}],
			"sum":	{
				"start":	9.000099,
				"end":	10.000101,
				"seconds":	1.0000020265579224,
				"bytes":	260640,
				"bits_per_second":	2085115.7743921084,
				"retransmits":	1,
				"omitted":	false,
				"sender":	true
			}
		}, {
			"streams":	[{
					"socket":	6,
					"start":	10.000101,
					"end":	11.000068,
					"seconds":	0.99996697902679443,
					"bytes":	390960,
					"bits_per_second":	3127783.2824479626,
					"retransmits":	1,
					"snd_cwnd":	27512,
					"snd_wnd":	1413632,
					"rtt":	82955,
					"rttvar":	2231,
					"pmtu":	1500,
					"omitted":	false,
					"sender":	true
				}],
			"sum":	{
				"start":	10.000101,
				"end":	11.000068,
				"seconds":	0.99996697902679443,
				"bytes":	390960,
				"bits_per_second":	3127783.2824479626,
				"retransmits":	1,
				"omitted":	false,
				"sender":	true
			}
		}, {
			"streams":	[{
					"socket":	6,
					"start":	11.000068,
					"end":	12.000095,
					"seconds":	1.0000269412994385,
					"bytes":	260640,
					"bits_per_second":	2085063.8256711243,
					"retransmits":	1,
					"snd_cwnd":	23168,
					"snd_wnd":	1413632,
					"rtt":	66584,
					"rttvar":	1267,
					"pmtu":	1500,
					"omitted":	false,
					"sender":	true
				}],
			"sum":	{
				"start":	11.000068,
				"end":	12.000095,
				"seconds":	1.0000269412994385,
				"bytes":	260640,
				"bits_per_second":	2085063.8256711243,
				"retransmits":	1,
				"omitted":	false,