{
	"start":	{
		"connected":	[{
				"socket":	6,
				"local_host":	"10.0.0.3",
				"local_port":	38396,
				"remote_host":	"10.0.0.1",
				"remote_port":	5002
			}],
		"version":	"iperf 3.12",
		"system_info":	"Linux cs244c-vm 6.1.0-43-cloud-amd64 #1 SMP PREEMPT_DYNAMIC Debian 6.1.162-1 (2026-02-08) x86_64",
		"timestamp":	{
			"time":	"Wed, 04 Mar 2026 02:45:02 GMT",
			"timesecs":	1772592302
		},
		"connecting_to":	{
			"host":	"10.0.0.1",
			"port":	5002
		},
		"cookie":	"ibjvtkscy4ilhyenvzcqfwqgnz3m3f35ghur",
		"tcp_mss_default":	1448,
		"target_bitrate":	5000000,
		"sock_bufsize":	0,
		"sndbuf_actual":	87380,
		"rcvbuf_actual":	87380,
		"test_start":	{
			"protocol":	"TCP",
			"num_streams":	1,
			"blksize":	131072,
			"omit":	0,
			"duration":	15,
			"bytes":	0,
			"blocks":	0,
			"reverse":	0,
			"tos":	0,
			"target_bitrate":	5000000
		}
	},
	"intervals":	[{
			"streams":	[{
					"socket":	6,
					"start":	0,
					"end":	1.0001,
					"seconds":	1.0001000165939331,
					"bytes":	392464,
					"bits_per_second":	3139398.0081042289,
					"retransmits":	77,
					"snd_cwnd":	21720,
					"snd_wnd":	132608,
					"rtt":	116786,
					"rttvar":	18761,
					"pmtu":	1500,
					"omitted":	false,
					"sender":	true
				}],
			"sum":	{
				"start":	0,
				"end":	1.0001,
				"seconds":	1.0001000165939331,
				"bytes":	392464,
				"bits_per_second":	3139398.0081042289,
				"retransmits":	77,
				"omitted":	false,
				"sender":	true
			}
		}, {
			"streams":	[{
					"socket":	6,
					"start":	1.0001,
					"end":	2.000109,
					"seconds":	1.0000089406967163,
					"bytes":	357656,
					"bits_per_second":	2861222.4186781165,
					"retransmits":	25,
					"snd_cwnd":	24616,
					"snd_wnd":	684544,
					"rtt":	78204,
					"rttvar":	2761,
					"pmtu":	1500,
					"omitted":	false,
					"sender":	true
				}],
			"sum":	{
				"start":	1.0001,
				"end":	2.000109,
				"seconds":	1.0000089406967163,
				"bytes":	357656,
				"bits_per_second":	2861222.4186781165,
				"retransmits":	25,
				"omitted":	false,
				"sender":	true
			}
		}, {
			"streams":	[{
					"socket":	6,
					"start":	2.000109,
					"end":	3.000122,
					"seconds":	1.000012993812561,
					"bytes":	260640,
					"bits_per_second":	2085092.906693598,
					"retransmits":	2,
					"snd_cwnd":	11584,
					"snd_wnd":	939008,
					"rtt":	113792,
					"rttvar":	2234,
					"pmtu":	1500,
					"omitted":	false,
					"sender":	true
				}],
			"sum":	{
				"start":	2.000109,
				"end":	3.000122,
				"seconds":	1.000012993812561,
				"bytes":	260640,
				"bits_per_second":	2085092.906693598,
				"retransmits":	2,
				"omitted":	false,
				"sender":	true
			}
		}, {
			"streams":	[{
					"socket":	6,
					"start":	3.000122,
					"end":	4.000083,
					"seconds":	0.999961018562317,
					"bytes":	260640,
					"bits_per_second":	2085201.2841439147,
					"retransmits":	0,
					"snd_cwnd":	23168,
					"snd_wnd":	938496,
					"rtt":	97666,
					"rttvar":	2119,
					"pmtu":	1500,
					"omitted":	false,
					"sender":	true
				}],
			"sum":	{
				"start":	3.000122,
				"end":	4.000083,
				"seconds":	0.999961018562317,
				"bytes":	260640,
				"bits_per_second":	2085201.2841439147,
				"retransmits":	0,
				"omitted":	false,
				"sender":	true
			}
		}, {
			"streams":	[{
					"socket":	6,
					"start":	4.000083,
					"end":	5.000118,
					"seconds":	1.0000350475311279,
					"bytes":	260640,
					"bits_per_second":	2085046.924253019,
					"retransmits":	0,
					"snd_cwnd":	39096,
					"snd_wnd":	938496,
					"rtt":	112647,
					"rttvar":	3185,
					"pmtu":	1500,
					"omitted":	false,
					"sender":	true
				}],
			"sum":	{
				"start":	4.000083,
				"end":	5.000118,
				"seconds":	1.0000350475311279,
				"bytes":	260640,
				"bits_per_second":	2085046.924253019,
				"retransmits":	0,
				"omitted":	false,
				"sender":	true
			}
		}, {
			"streams":	[{
					"socket":	6,
					"start":	5.000118,
					"end":	6.00011,
					"seconds":	0.9999920129776,
					"bytes":	390960,
					"bits_per_second":	3127704.9810497439,
					"retransmits":	1,
					"snd_cwnd":	33304,
					"snd_wnd":	937472,
					"rtt":	96009,
					"rttvar":	1566,
					"pmtu":	1500,
					"omitted":	false,
					"sender":	true
				}],
			"sum":	{
				"start":	5.000118,
				"end":	6.00011,
				"seconds":	0.9999920129776,
				"bytes":	390960,
				"bits_per_second":	3127704.9810497439,
				"retransmits":	1,
				"omitted":	false,
				"sender":	true
			}
		}, {
			"streams":	[{
					"socket":	6,
					"start":	6.00011,
					"end":	7.000092,
					"seconds":	0.99998199939727783,
					"bytes":	260640,
					"bits_per_second":	2085157.5340923844,
					"retransmits":	2,
					"snd_cwnd":	26064,
					"snd_wnd":	938496,
					"rtt":	77208,
					"rttvar":	2544,
					"pmtu":	1500,
					"omitted":	false,
					"sender":	true
				}],
			"sum":	{
				"start":	6.00011,
				"end":	7.000092,
				"seconds":	0.99998199939727783,
				"bytes":	260640,
				"bits_per_second":	2085157.5340923844,
				"retransmits":	2,
				"omitted":	false,
				"sender":	true
			}
		}, {
			"streams":	[{
					"socket":	6,
					"start":	7.000092,
					"end":	8.000092,
					"seconds":	1,
					"bytes":	306728,
					"bits_per_second":	2453824,
					"retransmits":	1,
					"snd_cwnd":	18824,
					"snd_wnd":	939008,
					"rtt":	92949,
					"rttvar":	4982,
					"pmtu":	1500,
					"omitted":	false,
					"sender":	true
				}],
			"sum":	{
				"start":	7.000092,
				"end":	8.000092,
				"seconds":	1,
				"bytes":	306728,
				"bits_per_second":	2453824,
				"retransmits":	1,
				"omitted":	false,
				"sender":	true
			}
		}, {
			"streams":	[{
					"socket":	6,
					"start":	8.000092,
					"end":	9.000092,
					"seconds":	1,
					"bytes":	344872,
					"bits_per_second":	2758976,
					"retransmits":	0,
					"snd_cwnd":	34752,
					"snd_wnd":	939008,
					"rtt":	108607,
					"rttvar":	2261,
					"pmtu":	1500,
					"omitted":	false,
					"sender":	true
				}],
			"sum":	{
				"start":	8.000092,
				"end":	9.000092,
				"seconds":	1,
				"bytes":	344872,
				"bits_per_second":	2758976,
				"retransmits":	0,
				"omitted":	false,
				"sender":	true
			}
		}, {
			"streams":	[{
					"socket":	6,
					"start":	9.000092,
					"end":	10.000084,
					"seconds":	0.9999920129776,
					"bytes":	260640,
					"bits_per_second":	2085136.6540331626,
					"retransmits":	1,
					"snd_cwnd":	30408,
					"snd_wnd":	938496,
					"rtt":	93820,
					"rttvar":	2840,
					"pmtu":	1500,
					"omitted":	false,
					"sender":	true
				}],
			"sum":	{
				"start":	9.000092,
				"end":	10.000084,
				"seconds":	0.9999920129776,
				"bytes":	260640,
				"bits_per_second":	2085136.6540331626,
				"retransmits":	1,
				"omitted":	false,
				"sender":	true
			}
		}, {
			"streams":	[{
					"socket":	6,
					"start":	10.000084,
					"end":	11.000108,
					"seconds":	1.0000239610672,
					"bytes":	311992,
					"bits_per_second":	2495876.1961427419,
					"retransmits":	1,
					"snd_cwnd":	27512,
					"snd_wnd":	938496,
					"rtt":	80968,
					"rttvar":	2404,
					"pmtu":	1500,
					"omitted":	false,
					"sender":	true
				}],
			"sum":	{
				"start":	10.000084,
				"end":	11.000108,
				"seconds":	1.0000239610672,
				"bytes":	311992,
				"bits_per_second":	2495876.1961427419,
				"retransmits":	1,
				"omitted":	false,
				"sender":	true
			}
		}, {
			"streams":	[{
					"socket":	6,
					"start":	11.000108,
					"end":	12.000096,
					"seconds":	0.9999880194664,
					"bytes":	393216,
					"bits_per_second":	3145765.6879515219,
					"retransmits":	3,
					"snd_cwnd":	21720,
					"snd_wnd":	939008,
					"rtt":	67900,
					"rttvar":	2709,
					"pmtu":	1500,
					"omitted":	false,
					"sender":	true
				}],
			"sum":	{
				"start":	11.000108,
				"end":	12.000096,
				"seconds":	0.9999880194664,
				"bytes":	393216,
				"bits_per_second":	3145765.6879515219,
				"retransmits":	3,
				"omitted":	false,
				"sender":	true
			}
		}, {
			"streams":	[{
					"socket":	6,
					"start":	12.000096,
					"end":	13.000113,
					"seconds":	1.0000170469284058,
					"bytes":	262144,