{
	"start":	{
		"connected":	[{
				"socket":	6,
				"local_host":	"10.0.0.4",
				"local_port":	50996,
				"remote_host":	"10.0.0.1",
				"remote_port":	5003
			}],
		"version":	"iperf 3.12",
		"system_info":	"Linux cs244c-vm 6.1.0-43-cloud-amd64 #1 SMP PREEMPT_DYNAMIC Debian 6.1.162-1 (2026-02-08) x86_64",
		"timestamp":	{
			"time":	"Wed, 04 Mar 2026 02:45:02 GMT",
			"timesecs":	1772592302
		},
		"connecting_to":	{
			"host":	"10.0.0.1",
			"port":	5003
		},
		"cookie":	"ejg33vdwklwvvi5usdf6jj5w47dfr3bc6kbk",
		"tcp_mss_default":	1448,
		"target_bitrate":	5000000,
		"sock_bufsize":	0,
		"sndbuf_actual":	87380,
		"rcvbuf_actual":	87380,
		"test_start":	{
			"protocol":	"TCP",
			"num_streams":	1,
			"blksize":	131072,
			"omit":	0,
			"duration":	15,
			"bytes":	0,
			"blocks":	0,
			"reverse":	0,
			"tos":	0,
			"target_bitrate":	5000000
		}
	},
	"intervals":	[{
			"streams":	[{
					"socket":	6,
					"start":	0,
					"end":	1.000094,
					"seconds":	1.0000940561294556,
					"bytes":	524288,
					"bits_per_second":	4193909.5371016534,
					"retransmits":	45,
					"snd_cwnd":	26064,
					"snd_wnd":	296448,
					"rtt":	98733,
					"rttvar":	1232,
					"pmtu":	1500,
					"omitted":	false,
					"sender":	true
				}],
			"sum":	{
				"start":	0,
				"end":	1.000094,
				"seconds":	1.0000940561294556,
				"bytes":	524288,
				"bits_per_second":	4193909.5371016534,
				"retransmits":	45,
				"omitted":	false,
				"sender":	true
			}
		}, {
			"streams":	[{
					"socket":	6,
					"start":	1.000094,
					"end":	2.000095,
					"seconds":	1.0000009536743164,
					"bytes":	262144,
					"bits_per_second":	2097150.0000019073,
					"retransmits":	1,
					"snd_cwnd":	24616,
					"snd_wnd":	549888,
					"rtt":	76324,
					"rttvar":	2088,
					"pmtu":	1500,
					"omitted":	false,
					"sender":	true
				}],
			"sum":	{
				"start":	1.000094,
				"end":	2.000095,
				"seconds":	1.0000009536743164,
				"bytes":	262144,
				"bits_per_second":	2097150.0000019073,
				"retransmits":	1,
				"omitted":	false,
				"sender":	true
			}
		}, {
			"streams":	[{
					"socket":	6,
					"start":	2.000095,
					"end":	3.000114,
					"seconds":	1.0000189542770386,
					"bytes":	262144,
					"bits_per_second":	2097112.2507534183,
					"retransmits":	1,
					"snd_cwnd":	17376,
					"snd_wnd":	550912,
					"rtt":	111047,
					"rttvar":	1351,
					"pmtu":	1500,
					"omitted":	false,
					"sender":	true
				}],
			"sum":	{
				"start":	2.000095,
				"end":	3.000114,
				"seconds":	1.0000189542770386,
				"bytes":	262144,
				"bits_per_second":	2097112.2507534183,
				"retransmits":	1,
				"omitted":	false,
				"sender":	true
			}
		}, {
			"streams":	[{
					"socket":	6,
					"start":	3.000114,
					"end":	4.000085,
					"seconds":	0.99997097253799438,
					"bytes":	262144,
					"bits_per_second":	2097212.876767098,
					"retransmits":	1,
					"snd_cwnd":	15928,
					"snd_wnd":	550912,
					"rtt":	98919,
					"rttvar":	1974,
					"pmtu":	1500,
					"omitted":	false,
					"sender":	true
				}],
			"sum":	{
				"start":	3.000114,
				"end":	4.000085,
				"seconds":	0.99997097253799438,
				"bytes":	262144,
				"bits_per_second":	2097212.876767098,
				"retransmits":	1,
				"omitted":	false,
				"sender":	true
			}
		}, {
			"streams":	[{
					"socket":	6,
					"start":	4.000085,
					"end":	5.000092,
					"seconds":	1.0000070333480835,
					"bytes":	260776,
					"bits_per_second":	2086193.3270761613,
					"retransmits":	0,
					"snd_cwnd":	31856,
					"snd_wnd":	549888,
					"rtt":	113337,
					"rttvar":	2351,
					"pmtu":	1500,
					"omitted":	false,
					"sender":	true
				}],
			"sum":	{
				"start":	4.000085,
				"end":	5.000092,
				"seconds":	1.0000070333480835,
				"bytes":	260776,
				"bits_per_second":	2086193.3270761613,
				"retransmits":	0,
				"omitted":	false,
				"sender":	true
			}
		}, {
			"streams":	[{
					"socket":	6,
					"start":	5.000092,
					"end":	6.000108,
					"seconds":	1.0000159740448,
					"bytes":	260640,
					"bits_per_second":	2085086.6927317588,
					"retransmits":	1,
					"snd_cwnd":	28960,
					"snd_wnd":	550912,
					"rtt":	95061,
					"rttvar":	2292,
					"pmtu":	1500,
					"omitted":	false,
					"sender":	true
				}],
			"sum":	{
				"start":	5.000092,
				"end":	6.000108,
				"seconds":	1.0000159740448,
				"bytes":	260640,
				"bits_per_second":	2085086.6927317588,
				"retransmits":	1,
				"omitted":	false,
				"sender":	true
			}
		}, {
			"streams":	[{
					"socket":	6,
					"start":	6.000108,
					"end":	7.000119,
					"seconds":	1.0000109672546387,
					"bytes":	260640,
					"bits_per_second":	2085097.1322088046,
					"retransmits":	1,
					"snd_cwnd":	24616,
					"snd_wnd":	550912,
					"rtt":	76085,
					"rttvar":	2966,
					"pmtu":	1500,
					"omitted":	false,
					"sender":	true
				}],
			"sum":	{
				"start":	6.000108,
				"end":	7.000119,
				"seconds":	1.0000109672546387,
				"bytes":	260640,
				"bits_per_second":	2085097.1322088046,
				"retransmits":	1,
				"omitted":	false,
				"sender":	true
			}
		}, {
			"streams":	[{
					"socket":	6,
					"start":	7.000119,
					"end":	8.000085,
					"seconds":	0.999966025352478,
					"bytes":	390960,
					"bits_per_second":	3127786.2654358922,
					"retransmits":	1,
					"snd_cwnd":	18824,
					"snd_wnd":	549888,
					"rtt":	99305,
					"rttvar":	3503,
					"pmtu":	1500,
					"omitted":	false,
					"sender":	true
				}],
			"sum":	{
				"start":	7.000119,
				"end":	8.000085,
				"seconds":	0.999966025352478,
				"bytes":	390960,
				"bits_per_second":	3127786.2654358922,
				"retransmits":	1,
				"omitted":	false,
				"sender":	true
			}
		}, {
			"streams":	[{
					"socket":	6,
					"start":	8.000085,
					"end":	9.000118,
					"seconds":	1.0000330209732056,
					"bytes":	260640,
					"bits_per_second":	2085051.1495818575,
					"retransmits":	0,
					"snd_cwnd":	34752,
					"snd_wnd":	550912,
					"rtt":	110553,
					"rttvar":	2925,
					"pmtu":	1500,
					"omitted":	false,
					"sender":	true
				}],
			"sum":	{
				"start":	8.000085,
				"end":	9.000118,
				"seconds":	1.0000330209732056,
				"bytes":	260640,
				"bits_per_second":	2085051.1495818575,
				"retransmits":	0,
				"omitted":	false,
				"sender":	true
			}
		}, {
			"streams":	[{
					"socket":	6,
					"start":	9.000118,
					"end":	10.000107,
					"seconds":	0.99998897314071655,
					"bytes":	260640,
					"bits_per_second":	2085142.9925783651,
					"retransmits":	1,
					"snd_cwnd":	30408,
					"snd_wnd":	549888,
					"rtt":	93728,
					"rttvar":	1351,
					"pmtu":	1500,
					"omitted":	false,
					"sender":	true
				}],
			"sum":	{
				"start":	9.000118,
				"end":	10.000107,
				"seconds":	0.99998897314071655,
				"bytes":	260640,
				"bits_per_second":	2085142.9925783651,
				"retransmits":	1,
				"omitted":	false,
				"sender":	true
			}
		}, {
			"streams":	[{
					"socket":	6,
					"start":	10.000107,
					"end":	11.00013,
					"seconds":	1.0000230073928833,
					"bytes":	260640,
					"bits_per_second":	2085072.0279286634,
					"retransmits":	1,
					"snd_cwnd":	27512,
					"snd_wnd":	549888,
					"rtt":	85350,
					"rttvar":	1501,
					"pmtu":	1500,
					"omitted":	false,
					"sender":	true
				}],
			"sum":	{
				"start":	10.000107,
				"end":	11.00013,
				"seconds":	1.0000230073928833,
				"bytes":	260640,
				"bits_per_second":	2085072.0279286634,
				"retransmits":	1,
				"omitted":	false,
				"sender":	true
			}
		}, {
			"streams":	[{
					"socket":	6,
					"start":	11.00013,
					"end":	12.000116,
					"seconds":	0.99998599290847778,
					"bytes":	273288,
					"bits_per_second":	2186334.62418918,
					"retransmits":	1,
					"snd_cwnd":	23168,
					"snd_wnd":	549888,
					"rtt":	68164,
					"rttvar":	1522,
					"pmtu":	1500,
					"omitted":	false,
					"sender":	true
				}],
			"sum":	{
				"start":	11.00013,
				"end":	12.000116,
				"seconds":	0.99998599290847778,
				"bytes":	273288,
				"bits_per_second":	2186334.62418918,
				"retransmits":	1,
				"omitted":	false,