{
	"start":	{
		"connected":	[{
				"socket":	6,
				"local_host":	"10.0.0.5",
				"local_port":	33124,
				"remote_host":	"10.0.0.1",
				"remote_port":	5004
			}],
		"version":	"iperf 3.12",
		"system_info":	"Linux cs244c-vm 6.1.0-43-cloud-amd64 #1 SMP PREEMPT_DYNAMIC Debian 6.1.162-1 (2026-02-08) x86_64",
		"timestamp":	{
			"time":	"Wed, 04 Mar 2026 02:45:02 GMT",
			"timesecs":	1772592302
		},
		"connecting_to":	{
			"host":	"10.0.0.1",
			"port":	5004
		},
		"cookie":	"4bbf76abstil7clzrtndppk4x5cnbxtfoxvs",
		"tcp_mss_default":	1448,
		"target_bitrate":	5000000,
		"sock_bufsize":	0,
		"sndbuf_actual":	87380,
		"rcvbuf_actual":	87380,
		"test_start":	{
			"protocol":	"TCP",
			"num_streams":	1,
			"blksize":	131072,
			"omit":	0,
			"duration":	15,
			"bytes":	0,
			"blocks":	0,
			"reverse":	0,
			"tos":	0,
			"target_bitrate":	5000000
		}
	},
	"intervals":	[{
			"streams":	[{
					"socket":	6,
					"start":	0,
					"end":	1.000113,
					"seconds":	1.0001130104064941,
					"bytes":	502456,
					"bits_per_second":	4019193.7892760951,
					"retransmits":	55,
					"snd_cwnd":	26064,
					"snd_wnd":	352768,
					"rtt":	100115,
					"rttvar":	2531,
					"pmtu":	1500,
					"omitted":	false,
					"sender":	true
				}],
			"sum":	{
				"start":	0,
				"end":	1.000113,
				"seconds":	1.0001130104064941,
				"bytes":	502456,
				"bits_per_second":	4019193.7892760951,
				"retransmits":	55,
				"omitted":	false,
				"sender":	true
			}
		}, {
			"streams":	[{
					"socket":	6,
					"start":	1.000113,
					"end":	2.000104,
					"seconds":	0.999990999698639,
					"bytes":	260640,
					"bits_per_second":	2085138.7668772815,
					"retransmits":	1,
					"snd_cwnd":	24616,
					"snd_wnd":	901120,
					"rtt":	79342,
					"rttvar":	2867,
					"pmtu":	1500,
					"omitted":	false,
					"sender":	true
				}],
			"sum":	{
				"start":	1.000113,
				"end":	2.000104,
				"seconds":	0.999990999698639,
				"bytes":	260640,
				"bits_per_second":	2085138.7668772815,
				"retransmits":	1,
				"omitted":	false,
				"sender":	true
			}
		}, {
			"streams":	[{
					"socket":	6,
					"start":	2.000104,
					"end":	3.000088,
					"seconds":	0.9999840259552002,
					"bytes":	260640,
					"bits_per_second":	2085153.3083323617,
					"retransmits":	0,
					"snd_cwnd":	39096,
					"snd_wnd":	1218048,
					"rtt":	109311,
					"rttvar":	1743,
					"pmtu":	1500,
					"omitted":	false,
					"sender":	true
				}],
			"sum":	{
				"start":	2.000104,
				"end":	3.000088,
				"seconds":	0.9999840259552002,
				"bytes":	260640,
				"bits_per_second":	2085153.3083323617,
				"retransmits":	0,
				"omitted":	false,
				"sender":	true
			}
		}, {
			"streams":	[{
					"socket":	6,
					"start":	3.000088,
					"end":	4.000112,
					"seconds":	1.0000239610672,
					"bytes":	521280,
					"bits_per_second":	4170140.0789933349,
					"retransmits":	2,
					"snd_cwnd":	26064,
					"snd_wnd":	1190400,
					"rtt":	101442,
					"rttvar":	1026,
					"pmtu":	1500,
					"omitted":	false,
					"sender":	true
				}],
			"sum":	{
				"start":	3.000088,
				"end":	4.000112,
				"seconds":	1.0000239610672,
				"bytes":	521280,
				"bits_per_second":	4170140.0789933349,
				"retransmits":	2,
				"omitted":	false,
				"sender":	true
			}
		}, {
			"streams":	[{
					"socket":	6,
					"start":	4.000112,
					"end":	5.000097,
					"seconds":	0.9999849796295166,
					"bytes":	390960,
					"bits_per_second":	3127726.979618005,
					"retransmits":	0,
					"snd_cwnd":	40544,
					"snd_wnd":	1218048,
					"rtt":	112584,
					"rttvar":	1282,
					"pmtu":	1500,
					"omitted":	false,
					"sender":	true
				}],
			"sum":	{
				"start":	4.000112,
				"end":	5.000097,
				"seconds":	0.9999849796295166,
				"bytes":	390960,
				"bits_per_second":	3127726.979618005,
				"retransmits":	0,
				"omitted":	false,
				"sender":	true
			}
		}, {
			"streams":	[{
					"socket":	6,
					"start":	5.000097,
					"end":	6.000097,
					"seconds":	1,
					"bytes":	260640,
					"bits_per_second":	2085120,
					"retransmits":	1,
					"snd_cwnd":	33304,
					"snd_wnd":	1218048,
					"rtt":	94193,
					"rttvar":	1617,
					"pmtu":	1500,
					"omitted":	false,
					"sender":	true
				}],
			"sum":	{
				"start":	5.000097,
				"end":	6.000097,
				"seconds":	1,
				"bytes":	260640,
				"bits_per_second":	2085120,
				"retransmits":	1,
				"omitted":	false,
				"sender":	true
			}
		}, {
			"streams":	[{
					"socket":	6,
					"start":	6.000097,
					"end":	7.000101,
					"seconds":	1.0000040531158447,
					"bytes":	390960,
					"bits_per_second":	3127667.3232020154,
					"retransmits":	1,
					"snd_cwnd":	26064,
					"snd_wnd":	1217024,
					"rtt":	78740,
					"rttvar":	2082,
					"pmtu":	1500,
					"omitted":	false,
					"sender":	true
				}],
			"sum":	{
				"start":	6.000097,
				"end":	7.000101,
				"seconds":	1.0000040531158447,
				"bytes":	390960,
				"bits_per_second":	3127667.3232020154,
				"retransmits":	1,
				"omitted":	false,
				"sender":	true
			}
		}, {
			"streams":	[{
					"socket":	6,
					"start":	7.000101,
					"end":	8.000123,
					"seconds":	1.0000220537185669,
					"bytes":	296008,
					"bits_per_second":	2368011.7765347171,
					"retransmits":	1,
					"snd_cwnd":	18824,
					"snd_wnd":	1218048,
					"rtt":	92875,
					"rttvar":	5173,
					"pmtu":	1500,
					"omitted":	false,
					"sender":	true
				}],
			"sum":	{
				"start":	7.000101,
				"end":	8.000123,
				"seconds":	1.0000220537185669,
				"bytes":	296008,
				"bits_per_second":	2368011.7765347171,
				"retransmits":	1,
				"omitted":	false,
				"sender":	true
			}
		}, {
			"streams":	[{
					"socket":	6,
					"start":	8.000123,
					"end":	9.000114,
					"seconds":	0.999990999698639,
					"bytes":	262144,
					"bits_per_second":	2097170.8751698821,
					"retransmits":	0,
					"snd_cwnd":	36200,
					"snd_wnd":	1218048,
					"rtt":	111141,
					"rttvar":	1679,
					"pmtu":	1500,
					"omitted":	false,
					"sender":	true
				}],
			"sum":	{
				"start":	8.000123,
				"end":	9.000114,
				"seconds":	0.999990999698639,
				"bytes":	262144,
				"bits_per_second":	2097170.8751698821,
				"retransmits":	0,
				"omitted":	false,
				"sender":	true
			}
		}, {
			"streams":	[{
					"socket":	6,
					"start":	9.000114,
					"end":	10.000103,
					"seconds":	0.99998897314071655,
					"bytes":	354088,
					"bits_per_second":	2832735.2361728367,
					"retransmits":	1,
					"snd_cwnd":	30408,
					"snd_wnd":	1218048,
					"rtt":	92872,
					"rttvar":	1830,
					"pmtu":	1500,
					"omitted":	false,
					"sender":	true
				}],
			"sum":	{
				"start":	9.000114,
				"end":	10.000103,
				"seconds":	0.99998897314071655,
				"bytes":	354088,
				"bits_per_second":	2832735.2361728367,
				"retransmits":	1,
				"omitted":	false,
				"sender":	true
			}
		}, {
			"streams":	[{
					"socket":	6,
					"start":	10.000103,
					"end":	11.000063,
					"seconds":	0.99996000528335571,
					"bytes":	260640,
					"bits_per_second":	2085203.3971190136,
					"retransmits":	1,
					"snd_cwnd":	27512,
					"snd_wnd":	1217024,
					"rtt":	84052,
					"rttvar":	1364,
					"pmtu":	1500,
					"omitted":	false,
					"sender":	true
				}],
			"sum":	{
				"start":	10.000103,
				"end":	11.000063,
				"seconds":	0.99996000528335571,
				"bytes":	260640,
				"bits_per_second":	2085203.3971190136,
				"retransmits":	1,
				"omitted":	false,
				"sender":	true
			}
		}, {
			"streams":	[{
					"socket":	6,
					"start":	11.000063,
					"end":	12.000114,
					"seconds":	1.0000510215759277,
					"bytes":	302776,
					"bits_per_second":	2422084.4214357883,
					"retransmits":	1,
					"snd_cwnd":	21720,
					"snd_wnd":	1218048,
					"rtt":	67893,
					"rttvar":	2059,
					"pmtu":	1500,
					"omitted":	false,
					"sender":	true
				}],
			"sum":	{
				"start":	11.000063,
				"end":	12.000114,
				"seconds":	1.0000510215759277,
				"bytes":	302776,
				"bits_per_second":	2422084.4214357883,
				"retransmits":	1,
				"omitted":	false,
				"sender":	true
			}
		}, {
			"streams":	[{
					"socket":	6,