{
	"start":	{
		"connected":	[{
				"socket":	6,
				"local_host":	"10.0.0.4",
				"local_port":	33086,
				"remote_host":	"10.0.0.1",
				"remote_port":	5003
			}],
		"version":	"iperf 3.12",
		"system_info":	"Linux cs244c-vm 6.1.0-43-cloud-amd64 #1 SMP PREEMPT_DYNAMIC Debian 6.1.162-1 (2026-02-08) x86_64",
		"timestamp":	{
			"time":	"Wed, 11 Mar 2026 04:33:15 GMT",
			"timesecs":	1773203595
		},
		"connecting_to":	{
			"host":	"10.0.0.1",
			"port":	5003
		},
		"cookie":	"3hsndsqo5tnwdsxqhb4as6vxbbxagxorl6zd",
		"tcp_mss_default":	1448,
		"target_bitrate":	0,
		"sock_bufsize":	0,
		"sndbuf_actual":	87380,
		"rcvbuf_actual":	87380,
		"test_start":	{
			"protocol":	"TCP",
			"num_streams":	1,
			"blksize":	131072,
			"omit":	0,
			"duration":	0,
			"bytes":	20971520,
			"blocks":	0,
			"reverse":	0,
			"tos":	0,
			"target_bitrate":	0
		}
	},
	"intervals":	[{
			"streams":	[{
					"socket":	6,
					"start":	0,
					"end":	0.100146,
					"seconds":	0.10014600306749344,
					"bytes":	965816,
					"bits_per_second":	77152634.7865596,
					"retransmits":	7,
					"snd_cwnd":	17376,
					"snd_wnd":	215552,
					"rtt":	1436,
					"rttvar":	127,
					"pmtu":	1500,
					"omitted":	false,
					"sender":	true
				}],
			"sum":	{
				"start":	0,
				"end":	0.100146,
				"seconds":	0.10014600306749344,
				"bytes":	965816,
				"bits_per_second":	77152634.7865596,
				"retransmits":	7,
				"omitted":	false,
				"sender":	true
			}
		}, {
			"streams":	[{
					"socket":	6,
					"start":	0.100146,
					"end":	0.200168,
					"seconds":	0.10002200305461884,
					"bytes":	1685472,
					"bits_per_second":	134808098.10054433,
					"retransmits":	1,
					"snd_cwnd":	24616,
					"snd_wnd":	269824,
					"rtt":	1290,
					"rttvar":	140,
					"pmtu":	1500,
					"omitted":	false,
					"sender":	true
				}],
			"sum":	{
				"start":	0.100146,
				"end":	0.200168,
				"seconds":	0.10002200305461884,
				"bytes":	1685472,
				"bits_per_second":	134808098.10054433,
				"retransmits":	1,
				"omitted":	false,
				"sender":	true
			}
		}, {
			"streams":	[{
					"socket":	6,
					"start":	0.200168,
					"end":	0.300069,
					"seconds":	0.0999009981751442,
					"bytes":	2686040,
					"bits_per_second":	215096149.11281624,
					"retransmits":	0,
					"snd_cwnd":	56472,
					"snd_wnd":	261120,
					"rtt":	1439,
					"rttvar":	133,
					"pmtu":	1500,
					"omitted":	false,
					"sender":	true
				}],
			"sum":	{
				"start":	0.200168,
				"end":	0.300069,
				"seconds":	0.0999009981751442,
				"bytes":	2686040,
				"bits_per_second":	215096149.11281624,
				"retransmits":	0,
				"omitted":	false,
				"sender":	true
			}
		}, {
			"streams":	[{
					"socket":	6,
					"start":	0.300069,
					"end":	0.40015,
					"seconds":	0.10008099675178528,
					"bytes":	5228728,
					"bits_per_second":	417959706.21419519,
					"retransmits":	6,
					"snd_cwnd":	68056,
					"snd_wnd":	333824,
					"rtt":	1610,
					"rttvar":	279,
					"pmtu":	1500,
					"omitted":	false,
					"sender":	true
				}],
			"sum":	{
				"start":	0.300069,
				"end":	0.40015,
				"seconds":	0.10008099675178528,
				"bytes":	5228728,
				"bits_per_second":	417959706.21419519,
				"retransmits":	6,
				"omitted":	false,
				"sender":	true
			}
		}, {
			"streams":	[{
					"socket":	6,
					"start":	0.40015,
					"end":	0.500126,
					"seconds":	0.099976003170013428,
					"bytes":	5408280,
					"bits_per_second":	432766250.18129528,
					"retransmits":	0,
					"snd_cwnd":	86880,
					"snd_wnd":	329728,
					"rtt":	1555,
					"rttvar":	102,
					"pmtu":	1500,
					"omitted":	false,
					"sender":	true
				}],
			"sum":	{
				"start":	0.40015,
				"end":	0.500126,
				"seconds":	0.099976003170013428,
				"bytes":	5408280,
				"bits_per_second":	432766250.18129528,
				"retransmits":	0,
				"omitted":	false,
				"sender":	true
			}
		}, {
			"streams":	[{
					"socket":	6,
					"start":	0.500126,
					"end":	0.576291,
					"seconds":	0.076164998114109039,
					"bytes":	4997184,
					"bits_per_second":	524879839.688389,
					"retransmits":	0,
					"snd_cwnd":	94120,
					"snd_wnd":	317952,
					"rtt":	1363,
					"rttvar":	222,
					"pmtu":	1500,
					"omitted":	false,
					"sender":	true
				}],
			"sum":	{
				"start":	0.500126,
				"end":	0.576291,
				"seconds":	0.076164998114109039,
				"bytes":	4997184,
				"bits_per_second":	524879839.688389,
				"retransmits":	0,
				"omitted":	false,
				"sender":	true
			}
		}],
	"end":	{
		"streams":	[{
				"sender":	{
					"socket":	6,
					"start":	0,
					"end":	0.576291,
					"seconds":	0.576291,
					"bytes":	20971520,
					"bits_per_second":	291124032.823695,
					"retransmits":	14,
					"max_snd_cwnd":	94120,
					"max_snd_wnd":	333824,
					"max_rtt":	1610,
					"min_rtt":	1290,
					"mean_rtt":	1448,
					"sender":	true
				},
				"receiver":	{
					"socket":	6,
					"start":	0,
					"end":	0.577924,
					"seconds":	0.576291,
					"bytes":	20732464,
					"bits_per_second":	286992255.03699446,
					"sender":	true
				}
			}],
		"sum_sent":	{
			"start":	0,
			"end":	0.576291,
			"seconds":	0.576291,
			"bytes":	20971520,
			"bits_per_second":	291124032.823695,
			"retransmits":	14,
			"sender":	true
		},
		"sum_received":	{
			"start":	0,
			"end":	0.577924,
			"seconds":	0.577924,
			"bytes":	20732464,
			"bits_per_second":	286992255.03699446,
			"sender":	true
		},
		"cpu_utilization_percent":	{
			"host_total":	3.7982410795663233,
			"host_user":	0,
			"host_system":	3.7982410795663233,
			"remote_total":	6.0476028985306636,
			"remote_user":	4.21491206821375,
			"remote_system":	1.8326908303169143
		},
		"sender_tcp_congestion":	"dctcp",
		"receiver_tcp_congestion":	"dctcp"
	}
}
