{
	"start":	{
		"connected":	[{
				"socket":	6,
				"local_host":	"10.0.0.4",
				"local_port":	6003,
				"remote_host":	"10.0.0.1",
				"remote_port":	5003
			}],
		"version":	"iperf 3.12",
		"system_info":	"Linux cs244c-vm 6.1.0-43-cloud-amd64 #1 SMP PREEMPT_DYNAMIC Debian 6.1.162-1 (2026-02-08) x86_64",
		"timestamp":	{
			"time":	"Mon, 09 Mar 2026 06:54:31 GMT",
			"timesecs":	1773039271
		},
		"connecting_to":	{
			"host":	"10.0.0.1",
			"port":	5003
		},
		"cookie":	"alljwr7shgmx75egjjwvrr46iwiip2ferncd",
		"tcp_mss_default":	1448,
		"target_bitrate":	0,
		"sock_bufsize":	0,
		"sndbuf_actual":	87380,
		"rcvbuf_actual":	87380,
		"test_start":	{
			"protocol":	"TCP",
			"num_streams":	1,
			"blksize":	131072,
			"omit":	0,
			"duration":	0,
			"bytes":	52428800,
			"blocks":	0,
			"reverse":	0,
			"tos":	0,
			"target_bitrate":	0
		}
	},
	"intervals":	[{
			"streams":	[{
					"socket":	6,
					"start":	0,
					"end":	0.10017,
					"seconds":	0.10017000138759613,
					"bytes":	79640,
					"bits_per_second":	6360387.2534127114,
					"retransmits":	0,
					"snd_cwnd":	28960,
					"snd_wnd":	35840,
					"rtt":	74687,
					"rttvar":	8526,
					"pmtu":	1500,
					"omitted":	false,
					"sender":	true
				}],
			"sum":	{
				"start":	0,
				"end":	0.10017,
				"seconds":	0.10017000138759613,
				"bytes":	79640,
				"bits_per_second":	6360387.2534127114,
				"retransmits":	0,
				"omitted":	false,
				"sender":	true
			}
		}, {
			"streams":	[{
					"socket":	6,
					"start":	0.10017,
					"end":	0.200119,
					"seconds":	0.099949002265930176,
					"bytes":	79640,
					"bits_per_second":	6374450.82548039,
					"retransmits":	0,
					"snd_cwnd":	57920,
					"snd_wnd":	42496,
					"rtt":	78372,
					"rttvar":	11118,
					"pmtu":	1500,
					"omitted":	false,
					"sender":	true
				}],
			"sum":	{
				"start":	0.10017,
				"end":	0.200119,
				"seconds":	0.099949002265930176,
				"bytes":	79640,
				"bits_per_second":	6374450.82548039,
				"retransmits":	0,
				"omitted":	false,
				"sender":	true
			}
		}, {
			"streams":	[{
					"socket":	6,
					"start":	0.200119,
					"end":	0.300097,
					"seconds":	0.0999779999256134,
					"bytes":	390960,
					"bits_per_second":	31283682.433406215,
					"retransmits":	0,
					"snd_cwnd":	173760,
					"snd_wnd":	265728,
					"rtt":	73143,
					"rttvar":	78,
					"pmtu":	1500,
					"omitted":	false,
					"sender":	true
				}],
			"sum":	{
				"start":	0.200119,
				"end":	0.300097,
				"seconds":	0.0999779999256134,
				"bytes":	390960,
				"bits_per_second":	31283682.433406215,
				"retransmits":	0,
				"omitted":	false,
				"sender":	true
			}
		}, {
			"streams":	[{
					"socket":	6,
					"start":	0.300097,
					"end":	0.400121,
					"seconds":	0.10002399981021881,
					"bytes":	847080,
					"bits_per_second":	67750140.094954237,
					"retransmits":	0,
					"snd_cwnd":	347520,
					"snd_wnd":	552960,
					"rtt":	73537,
					"rttvar":	110,
					"pmtu":	1500,
					"omitted":	false,
					"sender":	true
				}],
			"sum":	{
				"start":	0.300097,
				"end":	0.400121,
				"seconds":	0.10002399981021881,
				"bytes":	847080,
				"bits_per_second":	67750140.094954237,
				"retransmits":	0,
				"omitted":	false,
				"sender":	true
			}
		}, {
			"streams":	[{
					"socket":	6,
					"start":	0.400121,
					"end":	0.500097,
					"seconds":	0.099976003170013428,
					"bytes":	1368360,
					"bits_per_second":	109495075.3470747,
					"retransmits":	0,
					"snd_cwnd":	741376,
					"snd_wnd":	1269248,
					"rtt":	75696,
					"rttvar":	289,
					"pmtu":	1500,
					"omitted":	false,
					"sender":	true
				}],
			"sum":	{
				"start":	0.400121,
				"end":	0.500097,
				"seconds":	0.099976003170013428,
				"bytes":	1368360,
				"bits_per_second":	109495075.3470747,
				"retransmits":	0,
				"omitted":	false,
				"sender":	true
			}
		}, {
			"streams":	[{
					"socket":	6,
					"start":	0.500097,
					"end":	0.600104,
					"seconds":	0.10000699758529663,
					"bytes":	3656848,
					"bits_per_second":	292527370.147758,
					"retransmits":	0,
					"snd_cwnd":	2015616,
					"snd_wnd":	3376128,
					"rtt":	80761,
					"rttvar":	731,
					"pmtu":	1500,
					"omitted":	false,
					"sender":	true
				}],
			"sum":	{
				"start":	0.500097,
				"end":	0.600104,
				"seconds":	0.10000699758529663,
				"bytes":	3656848,
				"bits_per_second":	292527370.147758,
				"retransmits":	0,
				"omitted":	false,
				"sender":	true
			}
		}, {
			"streams":	[{
					"socket":	6,
					"start":	0.600104,
					"end":	0.700082,
					"seconds":	0.0999779999256134,
					"bytes":	10485760,
					"bits_per_second":	839045390.61007154,
					"retransmits":	0,
					"snd_cwnd":	5179496,
					"snd_wnd":	8385536,
					"rtt":	93727,
					"rttvar":	1072,
					"pmtu":	1500,
					"omitted":	false,
					"sender":	true
				}],
			"sum":	{
				"start":	0.600104,
				"end":	0.700082,
				"seconds":	0.0999779999256134,
				"bytes":	10485760,
				"bits_per_second":	839045390.61007154,
				"retransmits":	0,
				"omitted":	false,
				"sender":	true
			}
		}, {
			"streams":	[{
					"socket":	6,
					"start":	0.700082,
					"end":	0.800096,
					"seconds":	0.10001400113105774,
					"bytes":	2621440,
					"bits_per_second":	209685841.61050659,
					"retransmits":	0,
					"snd_cwnd":	8311520,
					"snd_wnd":	8387584,
					"rtt":	106357,
					"rttvar":	2332,
					"pmtu":	1500,
					"omitted":	false,
					"sender":	true
				}],
			"sum":	{
				"start":	0.700082,
				"end":	0.800096,
				"seconds":	0.10001400113105774,
				"bytes":	2621440,
				"bits_per_second":	209685841.61050659,
				"retransmits":	0,
				"omitted":	false,
				"sender":	true
			}
		}, {
			"streams":	[{
					"socket":	6,
					"start":	0.800096,
					"end":	0.900133,
					"seconds":	0.10003700107336044,
					"bytes":	3932160,
					"bits_per_second":	314456447.73908544,
					"retransmits":	0,
					"snd_cwnd":	11862016,
					"snd_wnd":	8387584,
					"rtt":	122228,
					"rttvar":	2142,
					"pmtu":	1500,
					"omitted":	false,
					"sender":	true
				}],
			"sum":	{
				"start":	0.800096,
				"end":	0.900133,
				"seconds":	0.10003700107336044,
				"bytes":	3932160,
				"bits_per_second":	314456447.73908544,
				"retransmits":	0,
				"omitted":	false,
				"sender":	true
			}
		}, {
			"streams":	[{
					"socket":	6,
					"start":	0.900133,
					"end":	1.000123,
					"seconds":	0.099990002810955048,
					"bytes":	7864320,
					"bits_per_second":	629208503.16354823,
					"retransmits":	0,
					"snd_cwnd":	16717160,
					"snd_wnd":	8387584,
					"rtt":	145558,
					"rttvar":	44,
					"pmtu":	1500,
					"omitted":	false,
					"sender":	true
				}],
			"sum":	{
				"start":	0.900133,
				"end":	1.000123,
				"seconds":	0.099990002810955048,
				"bytes":	7864320,
				"bits_per_second":	629208503.16354823,
				"retransmits":	0,
				"omitted":	false,
				"sender":	true
			}
		}, {
			"streams":	[{
					"socket":	6,
					"start":	1.000123,
					"end":	1.100126,
					"seconds":	0.10000299662351608,
					"bytes":	6553600,
					"bits_per_second":	524272289.53328353,
					"retransmits":	0,
					"snd_cwnd":	16793904,
					"snd_wnd":	8388096,
					"rtt":	144941,
					"rttvar":	31,
					"pmtu":	1500,
					"omitted":	false,
					"sender":	true
				}],
			"sum":	{
				"start":	1.000123,
				"end":	1.100126,
				"seconds":	0.10000299662351608,
				"bytes":	6553600,
				"bits_per_second":	524272289.53328353,
				"retransmits":	0,
				"omitted":	false,
				"sender":	true
			}
		}, {
			"streams":	[{
					"socket":	6,
					"start":	1.100126,
					"end":	1.200104,
					"seconds":	0.0999779999256134,
					"bytes":	2621440,
					"bits_per_second":	209761347.65251788,
					"retransmits":	0,
					"snd_cwnd":	16793904,
					"snd_wnd":	8388096,
					"rtt":	145108,
					"rttvar":	77,
					"pmtu":	1500,
					"omitted":	false,
					"sender":	true
				}],
			"sum":	{
				"start":	1.100126,
				"end":	1.200104,
				"seconds":	0.0999779999256134,
				"bytes":	2621440,
				"bits_per_second":	209761347.65251788,
				"retransmits":	0,
				"omitted":	false,