{
	"start":	{
		"connected":	[{
				"socket":	6,
				"local_host":	"10.0.0.5",
				"local_port":	6004,
				"remote_host":	"10.0.0.1",
				"remote_port":	5004
			}],
		"version":	"iperf 3.12",
		"system_info":	"Linux cs244c-vm 6.1.0-43-cloud-amd64 #1 SMP PREEMPT_DYNAMIC Debian 6.1.162-1 (2026-02-08) x86_64",
		"timestamp":	{
			"time":	"Mon, 09 Mar 2026 06:54:33 GMT",
			"timesecs":	1773039273
		},
		"connecting_to":	{
			"host":	"10.0.0.1",
			"port":	5004
		},
		"cookie":	"gq3hwhpkiq6bcc6g6vsdxsrm6jz2wg4nms2f",
		"tcp_mss_default":	1448,
		"target_bitrate":	0,
		"sock_bufsize":	0,
		"sndbuf_actual":	87380,
		"rcvbuf_actual":	87380,
		"test_start":	{
			"protocol":	"TCP",
			"num_streams":	1,
			"blksize":	131072,
			"omit":	0,
			"duration":	0,
			"bytes":	52428800,
			"blocks":	0,
			"reverse":	0,
			"tos":	0,
			"target_bitrate":	0
		}
	},
	"intervals":	[{
			"streams":	[{
					"socket":	6,
					"start":	0,
					"end":	0.10017,
					"seconds":	0.10017000138759613,
					"bytes":	79640,
					"bits_per_second":	6360387.2534127114,
					"retransmits":	0,
					"snd_cwnd":	28960,
					"snd_wnd":	39936,
					"rtt":	74036,
					"rttvar":	8723,
					"pmtu":	1500,
					"omitted":	false,
					"sender":	true
				}],
			"sum":	{
				"start":	0,
				"end":	0.10017,
				"seconds":	0.10017000138759613,
				"bytes":	79640,
				"bits_per_second":	6360387.2534127114,
				"retransmits":	0,
				"omitted":	false,
				"sender":	true
			}
		}, {
			"streams":	[{
					"socket":	6,
					"start":	0.10017,
					"end":	0.200123,
					"seconds":	0.099953003227710724,
					"bytes":	114392,
					"bits_per_second":	9155662.86602872,
					"retransmits":	0,
					"snd_cwnd":	57920,
					"snd_wnd":	41984,
					"rtt":	73355,
					"rttvar":	1723,
					"pmtu":	1500,
					"omitted":	false,
					"sender":	true
				}],
			"sum":	{
				"start":	0.10017,
				"end":	0.200123,
				"seconds":	0.099953003227710724,
				"bytes":	114392,
				"bits_per_second":	9155662.86602872,
				"retransmits":	0,
				"omitted":	false,
				"sender":	true
			}
		}, {
			"streams":	[{
					"socket":	6,
					"start":	0.200123,
					"end":	0.300128,
					"seconds":	0.10000500082969666,
					"bytes":	498112,
					"bits_per_second":	39846967.321025,
					"retransmits":	0,
					"snd_cwnd":	185344,
					"snd_wnd":	285696,
					"rtt":	73522,
					"rttvar":	155,
					"pmtu":	1500,
					"omitted":	false,
					"sender":	true
				}],
			"sum":	{
				"start":	0.200123,
				"end":	0.300128,
				"seconds":	0.10000500082969666,
				"bytes":	498112,
				"bits_per_second":	39846967.321025,
				"retransmits":	0,
				"omitted":	false,
				"sender":	true
			}
		}, {
			"streams":	[{
					"socket":	6,
					"start":	0.300128,
					"end":	0.400117,
					"seconds":	0.099988996982574463,
					"bytes":	390960,
					"bits_per_second":	31280241.770452753,
					"retransmits":	0,
					"snd_cwnd":	370688,
					"snd_wnd":	656384,
					"rtt":	74241,
					"rttvar":	127,
					"pmtu":	1500,
					"omitted":	false,
					"sender":	true
				}],
			"sum":	{
				"start":	0.300128,
				"end":	0.400117,
				"seconds":	0.099988996982574463,
				"bytes":	390960,
				"bits_per_second":	31280241.770452753,
				"retransmits":	0,
				"omitted":	false,
				"sender":	true
			}
		}, {
			"streams":	[{
					"socket":	6,
					"start":	0.400117,
					"end":	0.500138,
					"seconds":	0.10002099722623825,
					"bytes":	1238040,
					"bits_per_second":	99022408.0409571,
					"retransmits":	0,
					"snd_cwnd":	741376,
					"snd_wnd":	1183744,
					"rtt":	76382,
					"rttvar":	366,
					"pmtu":	1500,
					"omitted":	false,
					"sender":	true
				}],
			"sum":	{
				"start":	0.400117,
				"end":	0.500138,
				"seconds":	0.10002099722623825,
				"bytes":	1238040,
				"bits_per_second":	99022408.0409571,
				"retransmits":	0,
				"omitted":	false,
				"sender":	true
			}
		}, {
			"streams":	[{
					"socket":	6,
					"start":	0.500138,
					"end":	0.600145,
					"seconds":	0.10000699758529663,
					"bytes":	4756744,
					"bits_per_second":	380512893.28572768,
					"retransmits":	0,
					"snd_cwnd":	1988104,
					"snd_wnd":	3319808,
					"rtt":	81329,
					"rttvar":	734,
					"pmtu":	1500,
					"omitted":	false,
					"sender":	true
				}],
			"sum":	{
				"start":	0.500138,
				"end":	0.600145,
				"seconds":	0.10000699758529663,
				"bytes":	4756744,
				"bits_per_second":	380512893.28572768,
				"retransmits":	0,
				"omitted":	false,
				"sender":	true
			}
		}, {
			"streams":	[{
					"socket":	6,
					"start":	0.600145,
					"end":	0.700146,
					"seconds":	0.10000099986791611,
					"bytes":	9175040,
					"bits_per_second":	733995861.01088023,
					"retransmits":	0,
					"snd_cwnd":	5059312,
					"snd_wnd":	8384512,
					"rtt":	93877,
					"rttvar":	939,
					"pmtu":	1500,
					"omitted":	false,
					"sender":	true
				}],
			"sum":	{
				"start":	0.600145,
				"end":	0.700146,
				"seconds":	0.10000099986791611,
				"bytes":	9175040,
				"bits_per_second":	733995861.01088023,
				"retransmits":	0,
				"omitted":	false,
				"sender":	true
			}
		}, {
			"streams":	[{
					"socket":	6,
					"start":	0.700146,
					"end":	0.800157,
					"seconds":	0.10001099854707718,
					"bytes":	3932160,
					"bits_per_second":	314538205.367407,
					"retransmits":	0,
					"snd_cwnd":	8194232,
					"snd_wnd":	8387584,
					"rtt":	105999,
					"rttvar":	2161,
					"pmtu":	1500,
					"omitted":	false,
					"sender":	true
				}],
			"sum":	{
				"start":	0.700146,
				"end":	0.800157,
				"seconds":	0.10001099854707718,
				"bytes":	3932160,
				"bits_per_second":	314538205.367407,
				"retransmits":	0,
				"omitted":	false,
				"sender":	true
			}
		}, {
			"streams":	[{
					"socket":	6,
					"start":	0.800157,
					"end":	0.900137,
					"seconds":	0.099979996681213379,
					"bytes":	3932160,
					"bits_per_second":	314635737.5896067,
					"retransmits":	0,
					"snd_cwnd":	11862016,
					"snd_wnd":	8387584,
					"rtt":	121807,
					"rttvar":	2186,
					"pmtu":	1500,
					"omitted":	false,
					"sender":	true
				}],
			"sum":	{
				"start":	0.800157,
				"end":	0.900137,
				"seconds":	0.099979996681213379,
				"bytes":	3932160,
				"bits_per_second":	314635737.5896067,
				"retransmits":	0,
				"omitted":	false,
				"sender":	true
			}
		}, {
			"streams":	[{
					"socket":	6,
					"start":	0.900137,
					"end":	1.000122,
					"seconds":	0.0999850034713745,
					"bytes":	7864320,
					"bits_per_second":	629239964.151347,
					"retransmits":	0,
					"snd_cwnd":	16730192,
					"snd_wnd":	8387584,
					"rtt":	145340,
					"rttvar":	59,
					"pmtu":	1500,
					"omitted":	false,
					"sender":	true
				}],
			"sum":	{
				"start":	0.900137,
				"end":	1.000122,
				"seconds":	0.0999850034713745,
				"bytes":	7864320,
				"bits_per_second":	629239964.151347,
				"retransmits":	0,
				"omitted":	false,
				"sender":	true
			}
		}, {
			"streams":	[{
					"socket":	6,
					"start":	1.000122,
					"end":	1.100092,
					"seconds":	0.0999699980020523,
					"bytes":	5242880,
					"bits_per_second":	419556275.26509446,
					"retransmits":	0,
					"snd_cwnd":	16777976,
					"snd_wnd":	8387584,
					"rtt":	145885,
					"rttvar":	20,
					"pmtu":	1500,
					"omitted":	false,
					"sender":	true
				}],
			"sum":	{
				"start":	1.000122,
				"end":	1.100092,
				"seconds":	0.0999699980020523,
				"bytes":	5242880,
				"bits_per_second":	419556275.26509446,
				"retransmits":	0,
				"omitted":	false,
				"sender":	true
			}
		}, {
			"streams":	[{
					"socket":	6,
					"start":	1.100092,
					"end":	1.200117,
					"seconds":	0.1000249981880188,
					"bytes":	3932160,
					"bits_per_second":	314494182.15303719,
					"retransmits":	0,
					"snd_cwnd":	16777976,
					"snd_wnd":	8387584,
					"rtt":	146199,
					"rttvar":	127,
					"pmtu":	1500,
					"omitted":	false,
					"sender":	true
				}],
			"sum":	{
				"start":	1.100092,
				"end":	1.200117,
				"seconds":	0.1000249981880188,
				"bytes":	3932160,
				"bits_per_second":	314494182.15303719,
				"retransmits":	0,
				"omitted":	false,