{
	"start":	{
		"connected":	[{
				"socket":	6,
				"local_host":	"10.0.0.3",
				"local_port":	6002,
				"remote_host":	"10.0.0.1",
				"remote_port":	5002
			}],
		"version":	"iperf 3.12",
		"system_info":	"Linux cs244c-vm 6.1.0-43-cloud-amd64 #1 SMP PREEMPT_DYNAMIC Debian 6.1.162-1 (2026-02-08) x86_64",
		"timestamp":	{
			"time":	"Mon, 09 Mar 2026 06:54:29 GMT",
			"timesecs":	1773039269
		},
		"connecting_to":	{
			"host":	"10.0.0.1",
			"port":	5002
		},
		"cookie":	"p4o7qo5qilwqfshh7dat4xn443mwrs43ht2s",
		"tcp_mss_default":	1448,
		"target_bitrate":	0,
		"sock_bufsize":	0,
		"sndbuf_actual":	87380,
		"rcvbuf_actual":	87380,
		"test_start":	{
			"protocol":	"TCP",
			"num_streams":	1,
			"blksize":	131072,
			"omit":	0,
			"duration":	0,
			"bytes":	52428800,
			"blocks":	0,
			"reverse":	0,
			"tos":	0,
			"target_bitrate":	0
		}
	},
	"intervals":	[{
			"streams":	[{
					"socket":	6,
					"start":	0,
					"end":	0.100192,
					"seconds":	0.10019200295209885,
					"bytes":	79640,
					"bits_per_second":	6358990.5504195075,
					"retransmits":	0,
					"snd_cwnd":	28960,
					"snd_wnd":	41984,
					"rtt":	74049,
					"rttvar":	8606,
					"pmtu":	1500,
					"omitted":	false,
					"sender":	true
				}],
			"sum":	{
				"start":	0,
				"end":	0.100192,
				"seconds":	0.10019200295209885,
				"bytes":	79640,
				"bits_per_second":	6358990.5504195075,
				"retransmits":	0,
				"omitted":	false,
				"sender":	true
			}
		}, {
			"streams":	[{
					"socket":	6,
					"start":	0.100192,
					"end":	0.200091,
					"seconds":	0.0998990014195442,
					"bytes":	130320,
					"bits_per_second":	10436140.35361152,
					"retransmits":	0,
					"snd_cwnd":	57920,
					"snd_wnd":	42496,
					"rtt":	73479,
					"rttvar":	1615,
					"pmtu":	1500,
					"omitted":	false,
					"sender":	true
				}],
			"sum":	{
				"start":	0.100192,
				"end":	0.200091,
				"seconds":	0.0998990014195442,
				"bytes":	130320,
				"bits_per_second":	10436140.35361152,
				"retransmits":	0,
				"omitted":	false,
				"sender":	true
			}
		}, {
			"streams":	[{
					"socket":	6,
					"start":	0.200091,
					"end":	0.300106,
					"seconds":	0.10001499950885773,
					"bytes":	282360,
					"bits_per_second":	22585412.299081646,
					"retransmits":	0,
					"snd_cwnd":	133216,
					"snd_wnd":	144384,
					"rtt":	73402,
					"rttvar":	118,
					"pmtu":	1500,
					"omitted":	false,
					"sender":	true
				}],
			"sum":	{
				"start":	0.200091,
				"end":	0.300106,
				"seconds":	0.10001499950885773,
				"bytes":	282360,
				"bits_per_second":	22585412.299081646,
				"retransmits":	0,
				"omitted":	false,
				"sender":	true
			}
		}, {
			"streams":	[{
					"socket":	6,
					"start":	0.300106,
					"end":	0.400217,
					"seconds":	0.10011100023984909,
					"bytes":	456120,
					"bits_per_second":	36449141.365661182,
					"retransmits":	0,
					"snd_cwnd":	266432,
					"snd_wnd":	410112,
					"rtt":	74166,
					"rttvar":	257,
					"pmtu":	1500,
					"omitted":	false,
					"sender":	true
				}],
			"sum":	{
				"start":	0.300106,
				"end":	0.400217,
				"seconds":	0.10011100023984909,
				"bytes":	456120,
				"bits_per_second":	36449141.365661182,
				"retransmits":	0,
				"omitted":	false,
				"sender":	true
			}
		}, {
			"streams":	[{
					"socket":	6,
					"start":	0.400217,
					"end":	0.500112,
					"seconds":	0.099895000457763672,
					"bytes":	1042560,
					"bits_per_second":	83492466.707845062,
					"retransmits":	2,
					"snd_cwnd":	527072,
					"snd_wnd":	943104,
					"rtt":	75202,
					"rttvar":	221,
					"pmtu":	1500,
					"omitted":	false,
					"sender":	true
				}],
			"sum":	{
				"start":	0.400217,
				"end":	0.500112,
				"seconds":	0.099895000457763672,
				"bytes":	1042560,
				"bits_per_second":	83492466.707845062,
				"retransmits":	2,
				"omitted":	false,
				"sender":	true
			}
		}, {
			"streams":	[{
					"socket":	6,
					"start":	0.500112,
					"end":	0.600115,
					"seconds":	0.10000299662351608,
					"bytes":	4431528,
					"bits_per_second":	354511616.6215291,
					"retransmits":	0,
					"snd_cwnd":	1812896,
					"snd_wnd":	3219456,
					"rtt":	81117,
					"rttvar":	570,
					"pmtu":	1500,
					"omitted":	false,
					"sender":	true
				}],
			"sum":	{
				"start":	0.500112,
				"end":	0.600115,
				"seconds":	0.10000299662351608,
				"bytes":	4431528,
				"bits_per_second":	354511616.6215291,
				"retransmits":	0,
				"omitted":	false,
				"sender":	true
			}
		}, {
			"streams":	[{
					"socket":	6,
					"start":	0.600115,
					"end":	0.700096,
					"seconds":	0.099981002509593964,
					"bytes":	6553600,
					"bits_per_second":	524387620.48789263,
					"retransmits":	0,
					"snd_cwnd":	4216576,
					"snd_wnd":	6284288,
					"rtt":	90033,
					"rttvar":	1107,
					"pmtu":	1500,
					"omitted":	false,
					"sender":	true
				}],
			"sum":	{
				"start":	0.600115,
				"end":	0.700096,
				"seconds":	0.099981002509593964,
				"bytes":	6553600,
				"bits_per_second":	524387620.48789263,
				"retransmits":	0,
				"omitted":	false,
				"sender":	true
			}
		}, {
			"streams":	[{
					"socket":	6,
					"start":	0.700096,
					"end":	0.8001,
					"seconds":	0.10000400245189667,
					"bytes":	6553600,
					"bits_per_second":	524267016.46485591,
					"retransmits":	0,
					"snd_cwnd":	8110248,
					"snd_wnd":	8380928,
					"rtt":	105420,
					"rttvar":	2168,
					"pmtu":	1500,
					"omitted":	false,
					"sender":	true
				}],
			"sum":	{
				"start":	0.700096,
				"end":	0.8001,
				"seconds":	0.10000400245189667,
				"bytes":	6553600,
				"bits_per_second":	524267016.46485591,
				"retransmits":	0,
				"omitted":	false,
				"sender":	true
			}
		}, {
			"streams":	[{
					"socket":	6,
					"start":	0.8001,
					"end":	0.900093,
					"seconds":	0.099992997944355,
					"bytes":	2621440,
					"bits_per_second":	209729885.40328011,
					"retransmits":	0,
					"snd_cwnd":	11107608,
					"snd_wnd":	8386560,
					"rtt":	119679,
					"rttvar":	2279,
					"pmtu":	1500,
					"omitted":	false,
					"sender":	true
				}],
			"sum":	{
				"start":	0.8001,
				"end":	0.900093,
				"seconds":	0.099992997944355,
				"bytes":	2621440,
				"bits_per_second":	209729885.40328011,
				"retransmits":	0,
				"omitted":	false,
				"sender":	true
			}
		}, {
			"streams":	[{
					"socket":	6,
					"start":	0.900093,
					"end":	1.000113,
					"seconds":	0.10001999884843826,
					"bytes":	6553600,
					"bits_per_second":	524183169.40241235,
					"retransmits":	0,
					"snd_cwnd":	16711368,
					"snd_wnd":	8386560,
					"rtt":	145039,
					"rttvar":	2330,
					"pmtu":	1500,
					"omitted":	false,
					"sender":	true
				}],
			"sum":	{
				"start":	0.900093,
				"end":	1.000113,
				"seconds":	0.10001999884843826,
				"bytes":	6553600,
				"bits_per_second":	524183169.40241235,
				"retransmits":	0,
				"omitted":	false,
				"sender":	true
			}
		}, {
			"streams":	[{
					"socket":	6,
					"start":	1.000113,
					"end":	1.100219,
					"seconds":	0.10010600090026855,
					"bytes":	6553600,
					"bits_per_second":	523732838.47621316,
					"retransmits":	0,
					"snd_cwnd":	16805488,
					"snd_wnd":	8386560,
					"rtt":	146163,
					"rttvar":	295,
					"pmtu":	1500,
					"omitted":	false,
					"sender":	true
				}],
			"sum":	{
				"start":	1.000113,
				"end":	1.100219,
				"seconds":	0.10010600090026855,
				"bytes":	6553600,
				"bits_per_second":	523732838.47621316,
				"retransmits":	0,
				"omitted":	false,
				"sender":	true
			}
		}, {
			"streams":	[{
					"socket":	6,
					"start":	1.100219,
					"end":	1.200166,
					"seconds":	0.0999469980597496,
					"bytes":	0,
					"bits_per_second":	0,
					"retransmits":	45,
					"snd_cwnd":	6675280,
					"snd_wnd":	8386560,
					"rtt":	78220,
					"rttvar":	463,
					"pmtu":	1500,
					"omitted":	false,
					"sender":	true
				}],
			"sum":	{
				"start":	1.100219,
				"end":	1.200166,
				"seconds":	0.0999469980597496,
				"bytes":	0,
				"bits_per_second":	0,
				"retransmits":	45,
				"omitted":	false,