{
	"start":	{
		"connected":	[{
				"socket":	6,
				"local_host":	"10.0.0.5",
				"local_port":	55276,
				"remote_host":	"10.0.0.1",
				"remote_port":	5004
			}],
		"version":	"iperf 3.12",
		"system_info":	"Linux cs244c-vm 6.1.0-43-cloud-amd64 #1 SMP PREEMPT_DYNAMIC Debian 6.1.162-1 (2026-02-08) x86_64",
		"timestamp":	{
			"time":	"Thu, 12 Mar 2026 04:09:05 GMT",
			"timesecs":	1773288545
		},
		"connecting_to":	{
			"host":	"10.0.0.1",
			"port":	5004
		},
		"cookie":	"zbwu6fymygdlae6kizecxs6jtbcgln4sn2pk",
		"tcp_mss_default":	1448,
		"target_bitrate":	0,
		"sock_bufsize":	0,
		"sndbuf_actual":	87380,
		"rcvbuf_actual":	87380,
		"test_start":	{
			"protocol":	"TCP",
			"num_streams":	1,
			"blksize":	131072,
			"omit":	0,
			"duration":	0,
			"bytes":	20971520,
			"blocks":	0,
			"reverse":	0,
			"tos":	0,
			"target_bitrate":	0
		}
	},
	"intervals":	[{
			"streams":	[{
					"socket":	6,
					"start":	0,
					"end":	0.100123,
					"seconds":	0.10012300312519073,
					"bytes":	695040,
					"bits_per_second":	55534890.349299118,
					"retransmits":	0,
					"snd_cwnd":	231680,
					"snd_wnd":	398848,
					"rtt":	20546,
					"rttvar":	206,
					"pmtu":	1500,
					"omitted":	false,
					"sender":	true
				}],
			"sum":	{
				"start":	0,
				"end":	0.100123,
				"seconds":	0.10012300312519073,
				"bytes":	695040,
				"bits_per_second":	55534890.349299118,
				"retransmits":	0,
				"omitted":	false,
				"sender":	true
			}
		}, {
			"streams":	[{
					"socket":	6,
					"start":	0.100123,
					"end":	0.200104,
					"seconds":	0.099981002509593964,
					"bytes":	3127680,
					"bits_per_second":	250261943.48870423,
					"retransmits":	0,
					"snd_cwnd":	131768,
					"snd_wnd":	2940928,
					"rtt":	21077,
					"rttvar":	557,
					"pmtu":	1500,
					"omitted":	false,
					"sender":	true
				}],
			"sum":	{
				"start":	0.100123,
				"end":	0.200104,
				"seconds":	0.099981002509593964,
				"bytes":	3127680,
				"bits_per_second":	250261943.48870423,
				"retransmits":	0,
				"omitted":	false,
				"sender":	true
			}
		}, {
			"streams":	[{
					"socket":	6,
					"start":	0.200104,
					"end":	0.300109,
					"seconds":	0.10000500082969666,
					"bytes":	847080,
					"bits_per_second":	67763011.2872082,
					"retransmits":	0,
					"snd_cwnd":	139008,
					"snd_wnd":	2942464,
					"rtt":	20500,
					"rttvar":	216,
					"pmtu":	1500,
					"omitted":	false,
					"sender":	true
				}],
			"sum":	{
				"start":	0.200104,
				"end":	0.300109,
				"seconds":	0.10000500082969666,
				"bytes":	847080,
				"bits_per_second":	67763011.2872082,
				"retransmits":	0,
				"omitted":	false,
				"sender":	true
			}
		}, {
			"streams":	[{
					"socket":	6,
					"start":	0.300109,
					"end":	0.4001,
					"seconds":	0.099991001188755035,
					"bytes":	847080,
					"bits_per_second":	67772498.719235733,
					"retransmits":	0,
					"snd_cwnd":	144800,
					"snd_wnd":	2939392,
					"rtt":	20254,
					"rttvar":	166,
					"pmtu":	1500,
					"omitted":	false,
					"sender":	true
				}],
			"sum":	{
				"start":	0.300109,
				"end":	0.4001,
				"seconds":	0.099991001188755035,
				"bytes":	847080,
				"bits_per_second":	67772498.719235733,
				"retransmits":	0,
				"omitted":	false,
				"sender":	true
			}
		}, {
			"streams":	[{
					"socket":	6,
					"start":	0.4001,
					"end":	0.500146,
					"seconds":	0.10004600137472153,
					"bytes":	847080,
					"bits_per_second":	67735240.858034372,
					"retransmits":	0,
					"snd_cwnd":	152040,
					"snd_wnd":	2941440,
					"rtt":	20316,
					"rttvar":	206,
					"pmtu":	1500,
					"omitted":	false,
					"sender":	true
				}],
			"sum":	{
				"start":	0.4001,
				"end":	0.500146,
				"seconds":	0.10004600137472153,
				"bytes":	847080,
				"bits_per_second":	67735240.858034372,
				"retransmits":	0,
				"omitted":	false,
				"sender":	true
			}
		}, {
			"streams":	[{
					"socket":	6,
					"start":	0.500146,
					"end":	0.600143,
					"seconds":	0.099996998906135559,
					"bytes":	0,
					"bits_per_second":	0,
					"retransmits":	0,
					"snd_cwnd":	159280,
					"snd_wnd":	2941440,
					"rtt":	20626,
					"rttvar":	44,
					"pmtu":	1500,
					"omitted":	false,
					"sender":	true
				}],
			"sum":	{
				"start":	0.500146,
				"end":	0.600143,
				"seconds":	0.099996998906135559,
				"bytes":	0,
				"bits_per_second":	0,
				"retransmits":	0,
				"omitted":	false,
				"sender":	true
			}
		}, {
			"streams":	[{
					"socket":	6,
					"start":	0.600143,
					"end":	0.700172,
					"seconds":	0.10002899914979935,
					"bytes":	847080,
					"bits_per_second":	67746754.017318323,
					"retransmits":	0,
					"snd_cwnd":	166520,
					"snd_wnd":	2939904,
					"rtt":	20166,
					"rttvar":	55,
					"pmtu":	1500,
					"omitted":	false,
					"sender":	true
				}],
			"sum":	{
				"start":	0.600143,
				"end":	0.700172,
				"seconds":	0.10002899914979935,
				"bytes":	847080,
				"bits_per_second":	67746754.017318323,
				"retransmits":	0,
				"omitted":	false,
				"sender":	true
			}
		}, {
			"streams":	[{
					"socket":	6,
					"start":	0.700172,
					"end":	0.800135,
					"seconds":	0.0999630019068718,
					"bytes":	847080,
					"bits_per_second":	67791481.5554789,
					"retransmits":	0,
					"snd_cwnd":	173760,
					"snd_wnd":	2939904,
					"rtt":	20325,
					"rttvar":	273,
					"pmtu":	1500,
					"omitted":	false,
					"sender":	true
				}],
			"sum":	{
				"start":	0.700172,
				"end":	0.800135,
				"seconds":	0.0999630019068718,
				"bytes":	847080,
				"bits_per_second":	67791481.5554789,
				"retransmits":	0,
				"omitted":	false,
				"sender":	true
			}
		}, {
			"streams":	[{
					"socket":	6,
					"start":	0.800135,
					"end":	0.900131,
					"seconds":	0.099996000528335571,
					"bytes":	847080,
					"bits_per_second":	67769110.406367943,
					"retransmits":	0,
					"snd_cwnd":	181000,
					"snd_wnd":	2939392,
					"rtt":	20311,
					"rttvar":	220,
					"pmtu":	1500,
					"omitted":	false,
					"sender":	true
				}],
			"sum":	{
				"start":	0.800135,
				"end":	0.900131,
				"seconds":	0.099996000528335571,
				"bytes":	847080,
				"bits_per_second":	67769110.406367943,
				"retransmits":	0,
				"omitted":	false,
				"sender":	true
			}
		}, {
			"streams":	[{
					"socket":	6,
					"start":	0.900131,
					"end":	1.000165,
					"seconds":	0.10003399848937988,
					"bytes":	1629000,
					"bits_per_second":	130275708.22717382,
					"retransmits":	0,
					"snd_cwnd":	188240,
					"snd_wnd":	2940928,
					"rtt":	20383,
					"rttvar":	238,
					"pmtu":	1500,
					"omitted":	false,
					"sender":	true
				}],
			"sum":	{
				"start":	0.900131,
				"end":	1.000165,
				"seconds":	0.10003399848937988,
				"bytes":	1629000,
				"bits_per_second":	130275708.22717382,
				"retransmits":	0,
				"omitted":	false,
				"sender":	true
			}
		}, {
			"streams":	[{
					"socket":	6,
					"start":	1.000165,
					"end":	1.100086,
					"seconds":	0.099921002984046936,
					"bytes":	847080,
					"bits_per_second":	67819975.757068172,
					"retransmits":	0,
					"snd_cwnd":	195480,
					"snd_wnd":	2937856,
					"rtt":	20352,
					"rttvar":	208,
					"pmtu":	1500,
					"omitted":	false,
					"sender":	true
				}],
			"sum":	{
				"start":	1.000165,
				"end":	1.100086,
				"seconds":	0.099921002984046936,
				"bytes":	847080,
				"bits_per_second":	67819975.757068172,
				"retransmits":	0,
				"omitted":	false,
				"sender":	true
			}
		}, {
			"streams":	[{
					"socket":	6,
					"start":	1.100086,
					"end":	1.200098,
					"seconds":	0.10001199692487717,
					"bytes":	781920,
					"bits_per_second":	62546096.391802274,
					"retransmits":	0,
					"snd_cwnd":	201272,
					"snd_wnd":	2940928,
					"rtt":	20155,
					"rttvar":	39,
					"pmtu":	1500,
					"omitted":	false,
					"sender":	true
				}],
			"sum":	{
				"start":	1.100086,
				"end":	1.200098,
				"seconds":	0.10001199692487717,
				"bytes":	781920,
				"bits_per_second":	62546096.391802274,
				"retransmits":	0,
				"omitted":	false,