{
	"start":	{
		"connected":	[{
				"socket":	6,
				"local_host":	"10.0.0.4",
				"local_port":	39026,
				"remote_host":	"10.0.0.1",
				"remote_port":	5003
			}],
		"version":	"iperf 3.12",
		"system_info":	"Linux cs244c-vm 6.1.0-43-cloud-amd64 #1 SMP PREEMPT_DYNAMIC Debian 6.1.162-1 (2026-02-08) x86_64",
		"timestamp":	{
			"time":	"Thu, 12 Mar 2026 04:09:03 GMT",
			"timesecs":	1773288543
		},
		"connecting_to":	{
			"host":	"10.0.0.1",
			"port":	5003
		},
		"cookie":	"5hxqz4q4r6ahuf577y7ttbhpwu7r277vyjjk",
		"tcp_mss_default":	1448,
		"target_bitrate":	0,
		"sock_bufsize":	0,
		"sndbuf_actual":	87380,
		"rcvbuf_actual":	87380,
		"test_start":	{
			"protocol":	"TCP",
			"num_streams":	1,
			"blksize":	131072,
			"omit":	0,
			"duration":	0,
			"bytes":	20971520,
			"blocks":	0,
			"reverse":	0,
			"tos":	0,
			"target_bitrate":	0
		}
	},
	"intervals":	[{
			"streams":	[{
					"socket":	6,
					"start":	0,
					"end":	0.100116,
					"seconds":	0.10011599957942963,
					"bytes":	839840,
					"bits_per_second":	67109353.432260633,
					"retransmits":	0,
					"snd_cwnd":	231680,
					"snd_wnd":	410112,
					"rtt":	21675,
					"rttvar":	366,
					"pmtu":	1500,
					"omitted":	false,
					"sender":	true
				}],
			"sum":	{
				"start":	0,
				"end":	0.100116,
				"seconds":	0.10011599957942963,
				"bytes":	839840,
				"bits_per_second":	67109353.432260633,
				"retransmits":	0,
				"omitted":	false,
				"sender":	true
			}
		}, {
			"streams":	[{
					"socket":	6,
					"start":	0.100116,
					"end":	0.200142,
					"seconds":	0.10002599656581879,
					"bytes":	1303200,
					"bits_per_second":	104228904.06435271,
					"retransmits":	0,
					"snd_cwnd":	120184,
					"snd_wnd":	1520128,
					"rtt":	20239,
					"rttvar":	53,
					"pmtu":	1500,
					"omitted":	false,
					"sender":	true
				}],
			"sum":	{
				"start":	0.100116,
				"end":	0.200142,
				"seconds":	0.10002599656581879,
				"bytes":	1303200,
				"bits_per_second":	104228904.06435271,
				"retransmits":	0,
				"omitted":	false,
				"sender":	true
			}
		}, {
			"streams":	[{
					"socket":	6,
					"start":	0.200142,
					"end":	0.300139,
					"seconds":	0.099996998906135559,
					"bytes":	456120,
					"bits_per_second":	36490695.120012335,
					"retransmits":	0,
					"snd_cwnd":	127424,
					"snd_wnd":	1521152,
					"rtt":	20335,
					"rttvar":	91,
					"pmtu":	1500,
					"omitted":	false,
					"sender":	true
				}],
			"sum":	{
				"start":	0.200142,
				"end":	0.300139,
				"seconds":	0.099996998906135559,
				"bytes":	456120,
				"bits_per_second":	36490695.120012335,
				"retransmits":	0,
				"omitted":	false,
				"sender":	true
			}
		}, {
			"streams":	[{
					"socket":	6,
					"start":	0.300139,
					"end":	0.400128,
					"seconds":	0.099988996982574463,
					"bytes":	912240,
					"bits_per_second":	72987230.7977231,
					"retransmits":	0,
					"snd_cwnd":	133216,
					"snd_wnd":	1520128,
					"rtt":	20386,
					"rttvar":	127,
					"pmtu":	1500,
					"omitted":	false,
					"sender":	true
				}],
			"sum":	{
				"start":	0.300139,
				"end":	0.400128,
				"seconds":	0.099988996982574463,
				"bytes":	912240,
				"bits_per_second":	72987230.7977231,
				"retransmits":	0,
				"omitted":	false,
				"sender":	true
			}
		}, {
			"streams":	[{
					"socket":	6,
					"start":	0.400128,
					"end":	0.500146,
					"seconds":	0.10001800209283829,
					"bytes":	456120,
					"bits_per_second":	36483032.290656812,
					"retransmits":	0,
					"snd_cwnd":	140456,
					"snd_wnd":	1522176,
					"rtt":	20446,
					"rttvar":	264,
					"pmtu":	1500,
					"omitted":	false,
					"sender":	true
				}],
			"sum":	{
				"start":	0.400128,
				"end":	0.500146,
				"seconds":	0.10001800209283829,
				"bytes":	456120,
				"bits_per_second":	36483032.290656812,
				"retransmits":	0,
				"omitted":	false,
				"sender":	true
			}
		}, {
			"streams":	[{
					"socket":	6,
					"start":	0.500146,
					"end":	0.60013,
					"seconds":	0.099983997642993927,
					"bytes":	912240,
					"bits_per_second":	72990880.261241272,
					"retransmits":	0,
					"snd_cwnd":	147696,
					"snd_wnd":	1521664,
					"rtt":	20417,
					"rttvar":	89,
					"pmtu":	1500,
					"omitted":	false,
					"sender":	true
				}],
			"sum":	{
				"start":	0.500146,
				"end":	0.60013,
				"seconds":	0.099983997642993927,
				"bytes":	912240,
				"bits_per_second":	72990880.261241272,
				"retransmits":	0,
				"omitted":	false,
				"sender":	true
			}
		}, {
			"streams":	[{
					"socket":	6,
					"start":	0.60013,
					"end":	0.70011,
					"seconds":	0.099979996681213379,
					"bytes":	456120,
					"bits_per_second":	36496900.591372527,
					"retransmits":	0,
					"snd_cwnd":	154936,
					"snd_wnd":	1520128,
					"rtt":	20649,
					"rttvar":	63,
					"pmtu":	1500,
					"omitted":	false,
					"sender":	true
				}],
			"sum":	{
				"start":	0.60013,
				"end":	0.70011,
				"seconds":	0.099979996681213379,
				"bytes":	456120,
				"bits_per_second":	36496900.591372527,
				"retransmits":	0,
				"omitted":	false,
				"sender":	true
			}
		}, {
			"streams":	[{
					"socket":	6,
					"start":	0.70011,
					"end":	0.800114,
					"seconds":	0.10000400245189667,
					"bytes":	912240,
					"bits_per_second":	72976279.159530669,
					"retransmits":	0,
					"snd_cwnd":	162176,
					"snd_wnd":	1523200,
					"rtt":	20694,
					"rttvar":	156,
					"pmtu":	1500,
					"omitted":	false,
					"sender":	true
				}],
			"sum":	{
				"start":	0.70011,
				"end":	0.800114,
				"seconds":	0.10000400245189667,
				"bytes":	912240,
				"bits_per_second":	72976279.159530669,
				"retransmits":	0,
				"omitted":	false,
				"sender":	true
			}
		}, {
			"streams":	[{
					"socket":	6,
					"start":	0.800114,
					"end":	0.90011,
					"seconds":	0.099996000528335571,
					"bytes":	912240,
					"bits_per_second":	72982118.899165466,
					"retransmits":	0,
					"snd_cwnd":	169416,
					"snd_wnd":	1523200,
					"rtt":	20788,
					"rttvar":	308,
					"pmtu":	1500,
					"omitted":	false,
					"sender":	true
				}],
			"sum":	{
				"start":	0.800114,
				"end":	0.90011,
				"seconds":	0.099996000528335571,
				"bytes":	912240,
				"bits_per_second":	72982118.899165466,
				"retransmits":	0,
				"omitted":	false,
				"sender":	true
			}
		}, {
			"streams":	[{
					"socket":	6,
					"start":	0.90011,
					"end":	1.000109,
					"seconds":	0.099999003112316132,
					"bytes":	912240,
					"bits_per_second":	72979927.5279092,
					"retransmits":	0,
					"snd_cwnd":	175208,
					"snd_wnd":	1519616,
					"rtt":	20711,
					"rttvar":	73,
					"pmtu":	1500,
					"omitted":	false,
					"sender":	true
				}],
			"sum":	{
				"start":	0.90011,
				"end":	1.000109,
				"seconds":	0.099999003112316132,
				"bytes":	912240,
				"bits_per_second":	72979927.5279092,
				"retransmits":	0,
				"omitted":	false,
				"sender":	true
			}
		}, {
			"streams":	[{
					"socket":	6,
					"start":	1.000109,
					"end":	1.100151,
					"seconds":	0.10004200041294098,
					"bytes":	456120,
					"bits_per_second":	36474280.651509114,
					"retransmits":	0,
					"snd_cwnd":	182448,
					"snd_wnd":	1520128,
					"rtt":	20848,
					"rttvar":	154,
					"pmtu":	1500,
					"omitted":	false,
					"sender":	true
				}],
			"sum":	{
				"start":	1.000109,
				"end":	1.100151,
				"seconds":	0.10004200041294098,
				"bytes":	456120,
				"bits_per_second":	36474280.651509114,
				"retransmits":	0,
				"omitted":	false,
				"sender":	true
			}
		}, {
			"streams":	[{
					"socket":	6,
					"start":	1.100151,
					"end":	1.200143,
					"seconds":	0.099991999566555023,
					"bytes":	912240,
					"bits_per_second":	72985039.119479537,
					"retransmits":	0,
					"snd_cwnd":	149144,
					"snd_wnd":	1520128,
					"rtt":	20645,
					"rttvar":	155,
					"pmtu":	1500,
					"omitted":	false,
					"sender":	true
				}],
			"sum":	{
				"start":	1.100151,
				"end":	1.200143,
				"seconds":	0.099991999566555023,
				"bytes":	912240,
				"bits_per_second":	72985039.119479537,
				"retransmits":	0,
				"omitted":	false,