{
	"start":	{
		"connected":	[{
				"socket":	6,
				"local_host":	"10.0.0.3",
				"local_port":	41990,
				"remote_host":	"10.0.0.1",
				"remote_port":	5002
			}],
		"version":	"iperf 3.12",
		"system_info":	"Linux cs244c-vm 6.1.0-43-cloud-amd64 #1 SMP PREEMPT_DYNAMIC Debian 6.1.162-1 (2026-02-08) x86_64",
		"timestamp":	{
			"time":	"Thu, 12 Mar 2026 01:51:00 GMT",
			"timesecs":	1773280260
		},
		"connecting_to":	{
			"host":	"10.0.0.1",
			"port":	5002
		},
		"cookie":	"rmeb6i6hpncty3z46ll37fawrlulgoibcf5z",
		"tcp_mss_default":	1448,
		"target_bitrate":	0,
		"sock_bufsize":	0,
		"sndbuf_actual":	87380,
		"rcvbuf_actual":	87380,
		"test_start":	{
			"protocol":	"TCP",
			"num_streams":	1,
			"blksize":	131072,
			"omit":	0,
			"duration":	0,
			"bytes":	20971520,
			"blocks":	0,
			"reverse":	0,
			"tos":	0,
			"target_bitrate":	0
		}
	},
	"intervals":	[{
			"streams":	[{
					"socket":	6,
					"start":	0,
					"end":	0.100127,
					"seconds":	0.10012699663639069,
					"bytes":	8048376,
					"bits_per_second":	643053423.78160226,
					"retransmits":	252,
					"snd_cwnd":	73848,
					"snd_wnd":	8388608,
					"rtt":	1428,
					"rttvar":	243,
					"pmtu":	1500,
					"omitted":	false,
					"sender":	true
				}],
			"sum":	{
				"start":	0,
				"end":	0.100127,
				"seconds":	0.10012699663639069,
				"bytes":	8048376,
				"bits_per_second":	643053423.78160226,
				"retransmits":	252,
				"omitted":	false,
				"sender":	true
			}
		}, {
			"streams":	[{
					"socket":	6,
					"start":	0.100127,
					"end":	0.200136,
					"seconds":	0.1000090017914772,
					"bytes":	3844440,
					"bits_per_second":	307527517.01418334,
					"retransmits":	37,
					"snd_cwnd":	75296,
					"snd_wnd":	8388608,
					"rtt":	1566,
					"rttvar":	203,
					"pmtu":	1500,
					"omitted":	false,
					"sender":	true
				}],
			"sum":	{
				"start":	0.100127,
				"end":	0.200136,
				"seconds":	0.1000090017914772,
				"bytes":	3844440,
				"bits_per_second":	307527517.01418334,
				"retransmits":	37,
				"omitted":	false,
				"sender":	true
			}
		}, {
			"streams":	[{
					"socket":	6,
					"start":	0.200136,
					"end":	0.300094,
					"seconds":	0.09995800256729126,
					"bytes":	3779280,
					"bits_per_second":	302469429.39507473,
					"retransmits":	49,
					"snd_cwnd":	78192,
					"snd_wnd":	8388608,
					"rtt":	1697,
					"rttvar":	216,
					"pmtu":	1500,
					"omitted":	false,
					"sender":	true
				}],
			"sum":	{
				"start":	0.200136,
				"end":	0.300094,
				"seconds":	0.09995800256729126,
				"bytes":	3779280,
				"bits_per_second":	302469429.39507473,
				"retransmits":	49,
				"omitted":	false,
				"sender":	true
			}
		}, {
			"streams":	[{
					"socket":	6,
					"start":	0.300094,
					"end":	0.400088,
					"seconds":	0.099993996322155,
					"bytes":	4626360,
					"bits_per_second":	370131021.47413373,
					"retransmits":	25,
					"snd_cwnd":	68056,
					"snd_wnd":	8386560,
					"rtt":	1323,
					"rttvar":	152,
					"pmtu":	1500,
					"omitted":	false,
					"sender":	true
				}],
			"sum":	{
				"start":	0.300094,
				"end":	0.400088,
				"seconds":	0.099993996322155,
				"bytes":	4626360,
				"bits_per_second":	370131021.47413373,
				"retransmits":	25,
				"omitted":	false,
				"sender":	true
			}
		}, {
			"streams":	[{
					"socket":	6,
					"start":	0.400088,
					"end":	0.414113,
					"seconds":	0.014024999924004078,
					"bytes":	673064,
					"bits_per_second":	383922426.32274789,
					"retransmits":	0,
					"snd_cwnd":	82536,
					"snd_wnd":	8388608,
					"rtt":	1302,
					"rttvar":	150,
					"pmtu":	1500,
					"omitted":	false,
					"sender":	true
				}],
			"sum":	{
				"start":	0.400088,
				"end":	0.414113,
				"seconds":	0.014024999924004078,
				"bytes":	673064,
				"bits_per_second":	383922426.32274789,
				"retransmits":	0,
				"omitted":	false,
				"sender":	true
			}
		}],
	"end":	{
		"streams":	[{
				"sender":	{
					"socket":	6,
					"start":	0,
					"end":	0.414113,
					"seconds":	0.414113,
					"bytes":	20971520,
					"bits_per_second":	405136182.63614035,
					"retransmits":	363,
					"max_snd_cwnd":	82536,
					"max_snd_wnd":	8388608,
					"max_rtt":	1697,
					"min_rtt":	1302,
					"mean_rtt":	1463,
					"sender":	true
				},
				"receiver":	{
					"socket":	6,
					"start":	0,
					"end":	0.415775,
					"seconds":	0.414113,
					"bytes":	19890120,
					"bits_per_second":	382709301.906079,
					"sender":	true
				}
			}],
		"sum_sent":	{
			"start":	0,
			"end":	0.414113,
			"seconds":	0.414113,
			"bytes":	20971520,
			"bits_per_second":	405136182.63614035,
			"retransmits":	363,
			"sender":	true
		},
		"sum_received":	{
			"start":	0,
			"end":	0.415775,
			"seconds":	0.415775,
			"bytes":	19890120,
			"bits_per_second":	382709301.906079,
			"sender":	true
		},
		"cpu_utilization_percent":	{
			"host_total":	2.9849371989800737,
			"host_user":	0,
			"host_system":	2.9847011049202,
			"remote_total":	7.1154563055425282,
			"remote_user":	1.2467982250441936,
			"remote_system":	5.8688985894152026
		},
		"sender_tcp_congestion":	"dctcp-reno",
		"receiver_tcp_congestion":	"dctcp-reno"
	}
}
