{
	"start":	{
		"connected":	[{
				"socket":	6,
				"local_host":	"10.0.0.3",
				"local_port":	6002,
				"remote_host":	"10.0.0.1",
				"remote_port":	5002
			}],
		"version":	"iperf 3.12",
		"system_info":	"Linux cs244c-vm 6.1.0-43-cloud-amd64 #1 SMP PREEMPT_DYNAMIC Debian 6.1.162-1 (2026-02-08) x86_64",
		"timestamp":	{
			"time":	"Mon, 09 Mar 2026 06:14:14 GMT",
			"timesecs":	1773036854
		},
		"connecting_to":	{
			"host":	"10.0.0.1",
			"port":	5002
		},
		"cookie":	"2fyw4tbf2l4xb6c667dcwk7nqn42uhnsy3zb",
		"tcp_mss_default":	1448,
		"target_bitrate":	0,
		"sock_bufsize":	0,
		"sndbuf_actual":	87380,
		"rcvbuf_actual":	87380,
		"test_start":	{
			"protocol":	"TCP",
			"num_streams":	1,
			"blksize":	131072,
			"omit":	0,
			"duration":	0,
			"bytes":	52428800,
			"blocks":	0,
			"reverse":	0,
			"tos":	0,
			"target_bitrate":	0
		}
	},
	"intervals":	[{
			"streams":	[{
					"socket":	6,
					"start":	0,
					"end":	0.10017,
					"seconds":	0.10017000138759613,
					"bytes":	79640,
					"bits_per_second":	6360387.2534127114,
					"retransmits":	0,
					"snd_cwnd":	28960,
					"snd_wnd":	37376,
					"rtt":	74009,
					"rttvar":	9233,
					"pmtu":	1500,
					"omitted":	false,
					"sender":	true
				}],
			"sum":	{
				"start":	0,
				"end":	0.10017,
				"seconds":	0.10017000138759613,
				"bytes":	79640,
				"bits_per_second":	6360387.2534127114,
				"retransmits":	0,
				"omitted":	false,
				"sender":	true
			}
		}, {
			"streams":	[{
					"socket":	6,
					"start":	0.10017,
					"end":	0.200124,
					"seconds":	0.0999540016055107,
					"bytes":	63712,
					"bits_per_second":	5099305.5987055069,
					"retransmits":	0,
					"snd_cwnd":	57920,
					"snd_wnd":	41984,
					"rtt":	72547,
					"rttvar":	1082,
					"pmtu":	1500,
					"omitted":	false,
					"sender":	true
				}],
			"sum":	{
				"start":	0.10017,
				"end":	0.200124,
				"seconds":	0.0999540016055107,
				"bytes":	63712,
				"bits_per_second":	5099305.5987055069,
				"retransmits":	0,
				"omitted":	false,
				"sender":	true
			}
		}, {
			"streams":	[{
					"socket":	6,
					"start":	0.200124,
					"end":	0.300129,
					"seconds":	0.10000500082969666,
					"bytes":	519832,
					"bits_per_second":	41584480.4309534,
					"retransmits":	0,
					"snd_cwnd":	188240,
					"snd_wnd":	267264,
					"rtt":	72311,
					"rttvar":	341,
					"pmtu":	1500,
					"omitted":	false,
					"sender":	true
				}],
			"sum":	{
				"start":	0.200124,
				"end":	0.300129,
				"seconds":	0.10000500082969666,
				"bytes":	519832,
				"bits_per_second":	41584480.4309534,
				"retransmits":	0,
				"omitted":	false,
				"sender":	true
			}
		}, {
			"streams":	[{
					"socket":	6,
					"start":	0.300129,
					"end":	0.400145,
					"seconds":	0.10001599788665771,
					"bytes":	1563840,
					"bits_per_second":	125087188.69332951,
					"retransmits":	0,
					"snd_cwnd":	541552,
					"snd_wnd":	681472,
					"rtt":	57000,
					"rttvar":	2664,
					"pmtu":	1500,
					"omitted":	false,
					"sender":	true
				}],
			"sum":	{
				"start":	0.300129,
				"end":	0.400145,
				"seconds":	0.10001599788665771,
				"bytes":	1563840,
				"bits_per_second":	125087188.69332951,
				"retransmits":	0,
				"omitted":	false,
				"sender":	true
			}
		}, {
			"streams":	[{
					"socket":	6,
					"start":	0.400145,
					"end":	0.500128,
					"seconds":	0.099982999265193939,
					"bytes":	7079088,
					"bits_per_second":	566423336.129255,
					"retransmits":	0,
					"snd_cwnd":	2867040,
					"snd_wnd":	3522048,
					"rtt":	47381,
					"rttvar":	1149,
					"pmtu":	1500,
					"omitted":	false,
					"sender":	true
				}],
			"sum":	{
				"start":	0.400145,
				"end":	0.500128,
				"seconds":	0.099982999265193939,
				"bytes":	7079088,
				"bits_per_second":	566423336.129255,
				"retransmits":	0,
				"omitted":	false,
				"sender":	true
			}
		}, {
			"streams":	[{
					"socket":	6,
					"start":	0.500128,
					"end":	0.600176,
					"seconds":	0.1000479981303215,
					"bytes":	9175040,
					"bits_per_second":	733651061.20753658,
					"retransmits":	0,
					"snd_cwnd":	7379008,
					"snd_wnd":	8361984,
					"rtt":	65534,
					"rttvar":	2000,
					"pmtu":	1500,
					"omitted":	false,
					"sender":	true
				}],
			"sum":	{
				"start":	0.500128,
				"end":	0.600176,
				"seconds":	0.1000479981303215,
				"bytes":	9175040,
				"bits_per_second":	733651061.20753658,
				"retransmits":	0,
				"omitted":	false,
				"sender":	true
			}
		}, {
			"streams":	[{
					"socket":	6,
					"start":	0.600176,
					"end":	0.700128,
					"seconds":	0.099951997399330139,
					"bytes":	7864320,
					"bits_per_second":	629447751.2904774,
					"retransmits":	0,
					"snd_cwnd":	14758016,
					"snd_wnd":	8386560,
					"rtt":	97302,
					"rttvar":	2302,
					"pmtu":	1500,
					"omitted":	false,
					"sender":	true
				}],
			"sum":	{
				"start":	0.600176,
				"end":	0.700128,
				"seconds":	0.099951997399330139,
				"bytes":	7864320,
				"bits_per_second":	629447751.2904774,
				"retransmits":	0,
				"omitted":	false,
				"sender":	true
			}
		}, {
			"streams":	[{
					"socket":	6,
					"start":	0.700128,
					"end":	0.80014,
					"seconds":	0.10001199692487717,
					"bytes":	7864320,
					"bits_per_second":	629070130.92896771,
					"retransmits":	0,
					"snd_cwnd":	16775080,
					"snd_wnd":	8355840,
					"rtt":	108626,
					"rttvar":	95,
					"pmtu":	1500,
					"omitted":	false,
					"sender":	true
				}],
			"sum":	{
				"start":	0.700128,
				"end":	0.80014,
				"seconds":	0.10001199692487717,
				"bytes":	7864320,
				"bits_per_second":	629070130.92896771,
				"retransmits":	0,
				"omitted":	false,
				"sender":	true
			}
		}, {
			"streams":	[{
					"socket":	6,
					"start":	0.80014,
					"end":	0.900135,
					"seconds":	0.0999950021505356,
					"bytes":	6553600,
					"bits_per_second":	524314204.43465817,
					"retransmits":	0,
					"snd_cwnd":	16840240,
					"snd_wnd":	8378880,
					"rtt":	109028,
					"rttvar":	231,
					"pmtu":	1500,
					"omitted":	false,
					"sender":	true
				}],
			"sum":	{
				"start":	0.80014,
				"end":	0.900135,
				"seconds":	0.0999950021505356,
				"bytes":	6553600,
				"bits_per_second":	524314204.43465817,
				"retransmits":	0,
				"omitted":	false,
				"sender":	true
			}
		}, {
			"streams":	[{
					"socket":	6,
					"start":	0.900135,
					"end":	1.00015,
					"seconds":	0.10001499950885773,
					"bytes":	9175040,
					"bits_per_second":	733893119.636514,
					"retransmits":	0,
					"snd_cwnd":	16840240,
					"snd_wnd":	8384000,
					"rtt":	107908,
					"rttvar":	191,
					"pmtu":	1500,
					"omitted":	false,
					"sender":	true
				}],
			"sum":	{
				"start":	0.900135,
				"end":	1.00015,
				"seconds":	0.10001499950885773,
				"bytes":	9175040,
				"bits_per_second":	733893119.636514,
				"retransmits":	0,
				"omitted":	false,
				"sender":	true
			}
		}, {
			"streams":	[{
					"socket":	6,
					"start":	1.00015,
					"end":	1.034334,
					"seconds":	0.034184001386165619,
					"bytes":	2621440,
					"bits_per_second":	613489326.86643422,
					"retransmits":	0,
					"snd_cwnd":	16840240,
					"snd_wnd":	8355840,
					"rtt":	108447,
					"rttvar":	68,
					"pmtu":	1500,
					"omitted":	false,
					"sender":	true
				}],
			"sum":	{
				"start":	1.00015,
				"end":	1.034334,
				"seconds":	0.034184001386165619,
				"bytes":	2621440,
				"bits_per_second":	613489326.86643422,
				"retransmits":	0,
				"omitted":	false,
				"sender":	true
			}
		}],
	"end":	{
		"streams":	[{
				"sender":	{
					"socket":	6,
					"start":	0,
					"end":	1.034334,
					"seconds":	1.034334,
					"bytes":	52559872,
					"bits_per_second":	406521467.92042023,
					"retransmits":	0,
					"max_snd_cwnd":	16840240,
					"max_snd_wnd":	8386560,
					"max_rtt":	109028,
					"min_rtt":	47381,
					"mean_rtt":	83644,
					"sender":	true
				},
				"receiver":	{
					"socket":	6,
					"start":	0,
					"end":	1.14329,
					"seconds":	1.034334,
					"bytes":	48751264,
					"bits_per_second":	341129645.14690065,
					"sender":	true
				}
			}],