{
	"start":	{
		"connected":	[{
				"socket":	6,
				"local_host":	"10.0.0.5",
				"local_port":	6004,
				"remote_host":	"10.0.0.1",
				"remote_port":	5004
			}],
		"version":	"iperf 3.12",
		"system_info":	"Linux cs244c-vm 6.1.0-43-cloud-amd64 #1 SMP PREEMPT_DYNAMIC Debian 6.1.162-1 (2026-02-08) x86_64",
		"timestamp":	{
			"time":	"Mon, 09 Mar 2026 06:14:18 GMT",
			"timesecs":	1773036858
		},
		"connecting_to":	{
			"host":	"10.0.0.1",
			"port":	5004
		},
		"cookie":	"t253fzj7ual2352trjumpmrl3jsakl4j55jq",
		"tcp_mss_default":	1448,
		"target_bitrate":	0,
		"sock_bufsize":	0,
		"sndbuf_actual":	87380,
		"rcvbuf_actual":	87380,
		"test_start":	{
			"protocol":	"TCP",
			"num_streams":	1,
			"blksize":	131072,
			"omit":	0,
			"duration":	0,
			"bytes":	52428800,
			"blocks":	0,
			"reverse":	0,
			"tos":	0,
			"target_bitrate":	0
		}
	},
	"intervals":	[{
			"streams":	[{
					"socket":	6,
					"start":	0,
					"end":	0.100221,
					"seconds":	0.10022100061178207,
					"bytes":	880384,
					"bits_per_second":	70275410.9119522,
					"retransmits":	0,
					"snd_cwnd":	231680,
					"snd_wnd":	387072,
					"rtt":	22449,
					"rttvar":	179,
					"pmtu":	1500,
					"omitted":	false,
					"sender":	true
				}],
			"sum":	{
				"start":	0,
				"end":	0.100221,
				"seconds":	0.10022100061178207,
				"bytes":	880384,
				"bits_per_second":	70275410.9119522,
				"retransmits":	0,
				"omitted":	false,
				"sender":	true
			}
		}, {
			"streams":	[{
					"socket":	6,
					"start":	0.100221,
					"end":	0.20012,
					"seconds":	0.0998990014195442,
					"bytes":	11702528,
					"bits_per_second":	937148746.93115962,
					"retransmits":	0,
					"snd_cwnd":	3827064,
					"snd_wnd":	4879872,
					"rtt":	26106,
					"rttvar":	2441,
					"pmtu":	1500,
					"omitted":	false,
					"sender":	true
				}],
			"sum":	{
				"start":	0.100221,
				"end":	0.20012,
				"seconds":	0.0998990014195442,
				"bytes":	11702528,
				"bits_per_second":	937148746.93115962,
				"retransmits":	0,
				"omitted":	false,
				"sender":	true
			}
		}, {
			"streams":	[{
					"socket":	6,
					"start":	0.20012,
					"end":	0.30057,
					"seconds":	0.10045000165700912,
					"bytes":	14417920,
					"bits_per_second":	1148266382.2529829,
					"retransmits":	0,
					"snd_cwnd":	14773944,
					"snd_wnd":	8355840,
					"rtt":	66889,
					"rttvar":	2259,
					"pmtu":	1500,
					"omitted":	false,
					"sender":	true
				}],
			"sum":	{
				"start":	0.20012,
				"end":	0.30057,
				"seconds":	0.10045000165700912,
				"bytes":	14417920,
				"bits_per_second":	1148266382.2529829,
				"retransmits":	0,
				"omitted":	false,
				"sender":	true
			}
		}, {
			"streams":	[{
					"socket":	6,
					"start":	0.30057,
					"end":	0.40016,
					"seconds":	0.099590003490448,
					"bytes":	9175040,
					"bits_per_second":	737024976.67891,
					"retransmits":	0,
					"snd_cwnd":	16783768,
					"snd_wnd":	8355840,
					"rtt":	78549,
					"rttvar":	46,
					"pmtu":	1500,
					"omitted":	false,
					"sender":	true
				}],
			"sum":	{
				"start":	0.30057,
				"end":	0.40016,
				"seconds":	0.099590003490448,
				"bytes":	9175040,
				"bits_per_second":	737024976.67891,
				"retransmits":	0,
				"omitted":	false,
				"sender":	true
			}
		}, {
			"streams":	[{
					"socket":	6,
					"start":	0.40016,
					"end":	0.500137,
					"seconds":	0.0999770015478134,
					"bytes":	11796480,
					"bits_per_second":	943935490.552467,
					"retransmits":	0,
					"snd_cwnd":	16783768,
					"snd_wnd":	8355840,
					"rtt":	77715,
					"rttvar":	58,
					"pmtu":	1500,
					"omitted":	false,
					"sender":	true
				}],
			"sum":	{
				"start":	0.40016,
				"end":	0.500137,
				"seconds":	0.0999770015478134,
				"bytes":	11796480,
				"bits_per_second":	943935490.552467,
				"retransmits":	0,
				"omitted":	false,
				"sender":	true
			}
		}, {
			"streams":	[{
					"socket":	6,
					"start":	0.500137,
					"end":	0.550522,
					"seconds":	0.0503849983215332,
					"bytes":	4456448,
					"bits_per_second":	707583312.24878621,
					"retransmits":	0,
					"snd_cwnd":	16783768,
					"snd_wnd":	8355840,
					"rtt":	78234,
					"rttvar":	48,
					"pmtu":	1500,
					"omitted":	false,
					"sender":	true
				}],
			"sum":	{
				"start":	0.500137,
				"end":	0.550522,
				"seconds":	0.0503849983215332,
				"bytes":	4456448,
				"bits_per_second":	707583312.24878621,
				"retransmits":	0,
				"omitted":	false,
				"sender":	true
			}
		}],
	"end":	{
		"streams":	[{
				"sender":	{
					"socket":	6,
					"start":	0,
					"end":	0.550522,
					"seconds":	0.550522,
					"bytes":	52428800,
					"bits_per_second":	761877636.13443244,
					"retransmits":	0,
					"max_snd_cwnd":	16783768,
					"max_snd_wnd":	8355840,
					"max_rtt":	78549,
					"min_rtt":	22449,
					"mean_rtt":	58323,
					"sender":	true
				},
				"receiver":	{
					"socket":	6,
					"start":	0,
					"end":	0.628214,
					"seconds":	0.550522,
					"bytes":	49294264,
					"bits_per_second":	627738496.7542907,
					"sender":	true
				}
			}],
		"sum_sent":	{
			"start":	0,
			"end":	0.550522,
			"seconds":	0.550522,
			"bytes":	52428800,
			"bits_per_second":	761877636.13443244,
			"retransmits":	0,
			"sender":	true
		},
		"sum_received":	{
			"start":	0,
			"end":	0.628214,
			"seconds":	0.628214,
			"bytes":	49294264,
			"bits_per_second":	627738496.7542907,
			"sender":	true
		},
		"cpu_utilization_percent":	{
			"host_total":	8.09871485371273,
			"host_user":	1.3351947862789637,
			"host_system":	6.7635200674337677,
			"remote_total":	5.9976155343638426,
			"remote_user":	0,
			"remote_system":	5.9976155343638426
		},
		"sender_tcp_congestion":	"dctcp-reno",
		"receiver_tcp_congestion":	"dctcp-reno"
	}
}
