{
	"start":	{
		"connected":	[{
				"socket":	6,
				"local_host":	"10.0.0.3",
				"local_port":	59890,
				"remote_host":	"10.0.0.1",
				"remote_port":	5002
			}],
		"version":	"iperf 3.12",
		"system_info":	"Linux cs244c-vm 6.1.0-43-cloud-amd64 #1 SMP PREEMPT_DYNAMIC Debian 6.1.162-1 (2026-02-08) x86_64",
		"timestamp":	{
			"time":	"Thu, 12 Mar 2026 01:06:16 GMT",
			"timesecs":	1773277576
		},
		"connecting_to":	{
			"host":	"10.0.0.1",
			"port":	5002
		},
		"cookie":	"pfif7hpvbmqruwp4adgou6puzin4uvp2jwpg",
		"tcp_mss_default":	1448,
		"target_bitrate":	0,
		"sock_bufsize":	0,
		"sndbuf_actual":	87380,
		"rcvbuf_actual":	87380,
		"test_start":	{
			"protocol":	"TCP",
			"num_streams":	1,
			"blksize":	131072,
			"omit":	0,
			"duration":	0,
			"bytes":	20971520,
			"blocks":	0,
			"reverse":	0,
			"tos":	0,
			"target_bitrate":	0
		}
	},
	"intervals":	[{
			"streams":	[{
					"socket":	6,
					"start":	0,
					"end":	0.100128,
					"seconds":	0.10012800246477127,
					"bytes":	2076432,
					"bits_per_second":	165902201.09349054,
					"retransmits":	40,
					"snd_cwnd":	50680,
					"snd_wnd":	226304,
					"rtt":	1508,
					"rttvar":	260,
					"pmtu":	1500,
					"omitted":	false,
					"sender":	true
				}],
			"sum":	{
				"start":	0,
				"end":	0.100128,
				"seconds":	0.10012800246477127,
				"bytes":	2076432,
				"bits_per_second":	165902201.09349054,
				"retransmits":	40,
				"omitted":	false,
				"sender":	true
			}
		}, {
			"streams":	[{
					"socket":	6,
					"start":	0.100128,
					"end":	0.200155,
					"seconds":	0.10002700239419937,
					"bytes":	2526760,
					"bits_per_second":	202086231.87904537,
					"retransmits":	52,
					"snd_cwnd":	50680,
					"snd_wnd":	254464,
					"rtt":	1448,
					"rttvar":	271,
					"pmtu":	1500,
					"omitted":	false,
					"sender":	true
				}],
			"sum":	{
				"start":	0.100128,
				"end":	0.200155,
				"seconds":	0.10002700239419937,
				"bytes":	2526760,
				"bits_per_second":	202086231.87904537,
				"retransmits":	52,
				"omitted":	false,
				"sender":	true
			}
		}, {
			"streams":	[{
					"socket":	6,
					"start":	0.200155,
					"end":	0.300099,
					"seconds":	0.09994400292634964,
					"bytes":	2997360,
					"bits_per_second":	239923149.94297785,
					"retransmits":	33,
					"snd_cwnd":	63712,
					"snd_wnd":	346112,
					"rtt":	1372,
					"rttvar":	182,
					"pmtu":	1500,
					"omitted":	false,
					"sender":	true
				}],
			"sum":	{
				"start":	0.200155,
				"end":	0.300099,
				"seconds":	0.09994400292634964,
				"bytes":	2997360,
				"bits_per_second":	239923149.94297785,
				"retransmits":	33,
				"omitted":	false,
				"sender":	true
			}
		}, {
			"streams":	[{
					"socket":	6,
					"start":	0.300099,
					"end":	0.400143,
					"seconds":	0.10004399716854095,
					"bytes":	2872832,
					"bits_per_second":	229725487.29017541,
					"retransmits":	56,
					"snd_cwnd":	33304,
					"snd_wnd":	429568,
					"rtt":	1429,
					"rttvar":	241,
					"pmtu":	1500,
					"omitted":	false,
					"sender":	true
				}],
			"sum":	{
				"start":	0.300099,
				"end":	0.400143,
				"seconds":	0.10004399716854095,
				"bytes":	2872832,
				"bits_per_second":	229725487.29017541,
				"retransmits":	56,
				"omitted":	false,
				"sender":	true
			}
		}, {
			"streams":	[{
					"socket":	6,
					"start":	0.400143,
					"end":	0.500115,
					"seconds":	0.0999720022082329,
					"bytes":	2606400,
					"bits_per_second":	208570395.10490933,
					"retransmits":	32,
					"snd_cwnd":	62264,
					"snd_wnd":	429568,
					"rtt":	1577,
					"rttvar":	164,
					"pmtu":	1500,
					"omitted":	false,
					"sender":	true
				}],
			"sum":	{
				"start":	0.400143,
				"end":	0.500115,
				"seconds":	0.0999720022082329,
				"bytes":	2606400,
				"bits_per_second":	208570395.10490933,
				"retransmits":	32,
				"omitted":	false,
				"sender":	true
			}
		}, {
			"streams":	[{
					"socket":	6,
					"start":	0.500115,
					"end":	0.600131,
					"seconds":	0.10001599788665771,
					"bytes":	1433520,
					"bits_per_second":	114663256.30221872,
					"retransmits":	60,
					"snd_cwnd":	36200,
					"snd_wnd":	411648,
					"rtt":	1413,
					"rttvar":	203,
					"pmtu":	1500,
					"omitted":	false,
					"sender":	true
				}],
			"sum":	{
				"start":	0.500115,
				"end":	0.600131,
				"seconds":	0.10001599788665771,
				"bytes":	1433520,
				"bits_per_second":	114663256.30221872,
				"retransmits":	60,
				"omitted":	false,
				"sender":	true
			}
		}, {
			"streams":	[{
					"socket":	6,
					"start":	0.600131,
					"end":	0.700116,
					"seconds":	0.0999850034713745,
					"bytes":	2478976,
					"bits_per_second":	198347825.2883974,
					"retransmits":	56,
					"snd_cwnd":	44888,
					"snd_wnd":	420352,
					"rtt":	1429,
					"rttvar":	131,
					"pmtu":	1500,
					"omitted":	false,
					"sender":	true
				}],
			"sum":	{
				"start":	0.600131,
				"end":	0.700116,
				"seconds":	0.0999850034713745,
				"bytes":	2478976,
				"bits_per_second":	198347825.2883974,
				"retransmits":	56,
				"omitted":	false,
				"sender":	true
			}
		}, {
			"streams":	[{
					"socket":	6,
					"start":	0.700116,
					"end":	0.800052,
					"seconds":	0.099936001002788544,
					"bytes":	2904688,
					"bits_per_second":	232523852.93415532,
					"retransmits":	35,
					"snd_cwnd":	73848,
					"snd_wnd":	409600,
					"rtt":	1349,
					"rttvar":	132,
					"pmtu":	1500,
					"omitted":	false,
					"sender":	true
				}],
			"sum":	{
				"start":	0.700116,
				"end":	0.800052,
				"seconds":	0.099936001002788544,
				"bytes":	2904688,
				"bits_per_second":	232523852.93415532,
				"retransmits":	35,
				"omitted":	false,
				"sender":	true
			}
		}, {
			"streams":	[{
					"socket":	6,
					"start":	0.800052,
					"end":	0.832513,
					"seconds":	0.0324609987437725,
					"bytes":	1074552,
					"bits_per_second":	264822905.41504619,
					"retransmits":	35,
					"snd_cwnd":	57920,
					"snd_wnd":	415232,
					"rtt":	1458,
					"rttvar":	327,
					"pmtu":	1500,
					"omitted":	false,
					"sender":	true
				}],
			"sum":	{
				"start":	0.800052,
				"end":	0.832513,
				"seconds":	0.0324609987437725,
				"bytes":	1074552,
				"bits_per_second":	264822905.41504619,
				"retransmits":	35,
				"omitted":	false,
				"sender":	true
			}
		}],
	"end":	{
		"streams":	[{
				"sender":	{
					"socket":	6,
					"start":	0,
					"end":	0.832513,
					"seconds":	0.832513,
					"bytes":	20971520,
					"bits_per_second":	201524973.18360195,
					"retransmits":	399,
					"max_snd_cwnd":	73848,
					"max_snd_wnd":	429568,
					"max_rtt":	1577,
					"min_rtt":	1349,
					"mean_rtt":	1442,
					"sender":	true
				},
				"receiver":	{
					"socket":	6,
					"start":	0,
					"end":	1.040168,
					"seconds":	0.832513,
					"bytes":	20971520,
					"bits_per_second":	161293329.53907445,
					"sender":	true
				}
			}],
		"sum_sent":	{
			"start":	0,
			"end":	0.832513,
			"seconds":	0.832513,
			"bytes":	20971520,
			"bits_per_second":	201524973.18360195,
			"retransmits":	399,
			"sender":	true
		},
		"sum_received":	{
			"start":	0,
			"end":	1.040168,
			"seconds":	1.040168,
			"bytes":	20971520,
			"bits_per_second":	161293329.53907445,
			"sender":	true
		},
		"cpu_utilization_percent":	{
			"host_total":	2.7330939734725974,
			"host_user":	0,
			"host_system":	2.733212664312632,
			"remote_total":	5.4658614384513777,
			"remote_user":	0.455969129073007,
			"remote_system":	5.00989230937837
		},
		"sender_tcp_congestion":	"dctcp-reno",
		"receiver_tcp_congestion":	"dctcp-reno"
	}
}
