{
	"start":	{
		"connected":	[{
				"socket":	6,
				"local_host":	"10.0.0.3",
				"local_port":	45016,
				"remote_host":	"10.0.0.1",
				"remote_port":	5002
			}],
		"version":	"iperf 3.12",
		"system_info":	"Linux cs244c-vm 6.1.0-43-cloud-amd64 #1 SMP PREEMPT_DYNAMIC Debian 6.1.162-1 (2026-02-08) x86_64",
		"timestamp":	{
			"time":	"Wed, 11 Mar 2026 04:39:03 GMT",
			"timesecs":	1773203943
		},
		"connecting_to":	{
			"host":	"10.0.0.1",
			"port":	5002
		},
		"cookie":	"mwdi2bff3azyygvklfdnpalawb7kxa3ihows",
		"tcp_mss_default":	1448,
		"target_bitrate":	0,
		"sock_bufsize":	0,
		"sndbuf_actual":	87380,
		"rcvbuf_actual":	87380,
		"test_start":	{
			"protocol":	"TCP",
			"num_streams":	1,
			"blksize":	131072,
			"omit":	0,
			"duration":	0,
			"bytes":	20971520,
			"blocks":	0,
			"reverse":	0,
			"tos":	0,
			"target_bitrate":	0
		}
	},
	"intervals":	[{
			"streams":	[{
					"socket":	6,
					"start":	0,
					"end":	0.100111,
					"seconds":	0.10011100023984909,
					"bytes":	2492008,
					"bits_per_second":	199139594.57239014,
					"retransmits":	1,
					"snd_cwnd":	69504,
					"snd_wnd":	273408,
					"rtt":	1630,
					"rttvar":	189,
					"pmtu":	1500,
					"omitted":	false,
					"sender":	true
				}],
			"sum":	{
				"start":	0,
				"end":	0.100111,
				"seconds":	0.10011100023984909,
				"bytes":	2492008,
				"bits_per_second":	199139594.57239014,
				"retransmits":	1,
				"omitted":	false,
				"sender":	true
			}
		}, {
			"streams":	[{
					"socket":	6,
					"start":	0.100111,
					"end":	0.200119,
					"seconds":	0.10000800341367722,
					"bytes":	3814032,
					"bits_per_second":	305098141.73359555,
					"retransmits":	0,
					"snd_cwnd":	68056,
					"snd_wnd":	257536,
					"rtt":	1588,
					"rttvar":	248,
					"pmtu":	1500,
					"omitted":	false,
					"sender":	true
				}],
			"sum":	{
				"start":	0.100111,
				"end":	0.200119,
				"seconds":	0.10000800341367722,
				"bytes":	3814032,
				"bits_per_second":	305098141.73359555,
				"retransmits":	0,
				"omitted":	false,
				"sender":	true
			}
		}, {
			"streams":	[{
					"socket":	6,
					"start":	0.200119,
					"end":	0.300124,
					"seconds":	0.10000500082969666,
					"bytes":	3530224,
					"bits_per_second":	282403797.46703178,
					"retransmits":	20,
					"snd_cwnd":	28960,
					"snd_wnd":	444928,
					"rtt":	1475,
					"rttvar":	140,
					"pmtu":	1500,
					"omitted":	false,
					"sender":	true
				}],
			"sum":	{
				"start":	0.200119,
				"end":	0.300124,
				"seconds":	0.10000500082969666,
				"bytes":	3530224,
				"bits_per_second":	282403797.46703178,
				"retransmits":	20,
				"omitted":	false,
				"sender":	true
			}
		}, {
			"streams":	[{
					"socket":	6,
					"start":	0.300124,
					"end":	0.400145,
					"seconds":	0.10002099722623825,
					"bytes":	3589592,
					"bits_per_second":	287107075.477816,
					"retransmits":	5,
					"snd_cwnd":	66608,
					"snd_wnd":	450048,
					"rtt":	1560,
					"rttvar":	146,
					"pmtu":	1500,
					"omitted":	false,
					"sender":	true
				}],
			"sum":	{
				"start":	0.300124,
				"end":	0.400145,
				"seconds":	0.10002099722623825,
				"bytes":	3589592,
				"bits_per_second":	287107075.477816,
				"retransmits":	5,
				"omitted":	false,
				"sender":	true
			}
		}, {
			"streams":	[{
					"socket":	6,
					"start":	0.400145,
					"end":	0.500126,
					"seconds":	0.099981002509593964,
					"bytes":	5279408,
					"bits_per_second":	422432891.64806277,
					"retransmits":	1,
					"snd_cwnd":	98464,
					"snd_wnd":	450048,
					"rtt":	1444,
					"rttvar":	209,
					"pmtu":	1500,
					"omitted":	false,
					"sender":	true
				}],
			"sum":	{
				"start":	0.400145,
				"end":	0.500126,
				"seconds":	0.099981002509593964,
				"bytes":	5279408,
				"bits_per_second":	422432891.64806277,
				"retransmits":	1,
				"omitted":	false,
				"sender":	true
			}
		}, {
			"streams":	[{
					"socket":	6,
					"start":	0.500126,
					"end":	0.536967,
					"seconds":	0.0368410013616085,
					"bytes":	2266256,
					"bits_per_second":	492116048.15098947,
					"retransmits":	0,
					"snd_cwnd":	117288,
					"snd_wnd":	430592,
					"rtt":	1697,
					"rttvar":	228,
					"pmtu":	1500,
					"omitted":	false,
					"sender":	true
				}],
			"sum":	{
				"start":	0.500126,
				"end":	0.536967,
				"seconds":	0.0368410013616085,
				"bytes":	2266256,
				"bits_per_second":	492116048.15098947,
				"retransmits":	0,
				"omitted":	false,
				"sender":	true
			}
		}],
	"end":	{
		"streams":	[{
				"sender":	{
					"socket":	6,
					"start":	0,
					"end":	0.536967,
					"seconds":	0.536967,
					"bytes":	20971520,
					"bits_per_second":	312444079.43132448,
					"retransmits":	27,
					"max_snd_cwnd":	117288,
					"max_snd_wnd":	450048,
					"max_rtt":	1697,
					"min_rtt":	1444,
					"mean_rtt":	1565,
					"sender":	true
				},
				"receiver":	{
					"socket":	6,
					"start":	0,
					"end":	0.539101,
					"seconds":	0.536967,
					"bytes":	20684680,
					"bits_per_second":	306950719.80946052,
					"sender":	true
				}
			}],
		"sum_sent":	{
			"start":	0,
			"end":	0.536967,
			"seconds":	0.536967,
			"bytes":	20971520,
			"bits_per_second":	312444079.43132448,
			"retransmits":	27,
			"sender":	true
		},
		"sum_received":	{
			"start":	0,
			"end":	0.539101,
			"seconds":	0.539101,
			"bytes":	20684680,
			"bits_per_second":	306950719.80946052,
			"sender":	true
		},
		"cpu_utilization_percent":	{
			"host_total":	4.0359218364747322,
			"host_user":	0.65093749943052082,
			"host_system":	3.3848021037017064,
			"remote_total":	6.7552302535784969,
			"remote_user":	0.71226788692005349,
			"remote_system":	6.0429623666584433
		},
		"sender_tcp_congestion":	"dctcp",
		"receiver_tcp_congestion":	"dctcp"
	}
}
