{
	"start":	{
		"connected":	[{
				"socket":	6,
				"local_host":	"10.0.0.5",
				"local_port":	38028,
				"remote_host":	"10.0.0.1",
				"remote_port":	5004
			}],
		"version":	"iperf 3.12",
		"system_info":	"Linux cs244c-vm 6.1.0-43-cloud-amd64 #1 SMP PREEMPT_DYNAMIC Debian 6.1.162-1 (2026-02-08) x86_64",
		"timestamp":	{
			"time":	"Wed, 11 Mar 2026 04:39:07 GMT",
			"timesecs":	1773203947
		},
		"connecting_to":	{
			"host":	"10.0.0.1",
			"port":	5004
		},
		"cookie":	"rantgl4jo7axssvtdh3nss5qhmpw5l4bytzu",
		"tcp_mss_default":	1448,
		"target_bitrate":	0,
		"sock_bufsize":	0,
		"sndbuf_actual":	87380,
		"rcvbuf_actual":	87380,
		"test_start":	{
			"protocol":	"TCP",
			"num_streams":	1,
			"blksize":	131072,
			"omit":	0,
			"duration":	0,
			"bytes":	20971520,
			"blocks":	0,
			"reverse":	0,
			"tos":	0,
			"target_bitrate":	0
		}
	},
	"intervals":	[{
			"streams":	[{
					"socket":	6,
					"start":	0,
					"end":	0.100132,
					"seconds":	0.10013200342655182,
					"bytes":	2347208,
					"bits_per_second":	187529095.16859582,
					"retransmits":	4,
					"snd_cwnd":	49232,
					"snd_wnd":	450048,
					"rtt":	1514,
					"rttvar":	175,
					"pmtu":	1500,
					"omitted":	false,
					"sender":	true
				}],
			"sum":	{
				"start":	0,
				"end":	0.100132,
				"seconds":	0.10013200342655182,
				"bytes":	2347208,
				"bits_per_second":	187529095.16859582,
				"retransmits":	4,
				"omitted":	false,
				"sender":	true
			}
		}, {
			"streams":	[{
					"socket":	6,
					"start":	0.100132,
					"end":	0.200119,
					"seconds":	0.0999870002269745,
					"bytes":	4105080,
					"bits_per_second":	328449097.6371972,
					"retransmits":	0,
					"snd_cwnd":	66608,
					"snd_wnd":	440832,
					"rtt":	1862,
					"rttvar":	133,
					"pmtu":	1500,
					"omitted":	false,
					"sender":	true
				}],
			"sum":	{
				"start":	0.100132,
				"end":	0.200119,
				"seconds":	0.0999870002269745,
				"bytes":	4105080,
				"bits_per_second":	328449097.6371972,
				"retransmits":	0,
				"omitted":	false,
				"sender":	true
			}
		}, {
			"streams":	[{
					"socket":	6,
					"start":	0.200119,
					"end":	0.300126,
					"seconds":	0.10000699758529663,
					"bytes":	5147640,
					"bits_per_second":	411782385.17636079,
					"retransmits":	0,
					"snd_cwnd":	104256,
					"snd_wnd":	450048,
					"rtt":	1798,
					"rttvar":	194,
					"pmtu":	1500,
					"omitted":	false,
					"sender":	true
				}],
			"sum":	{
				"start":	0.200119,
				"end":	0.300126,
				"seconds":	0.10000699758529663,
				"bytes":	5147640,
				"bits_per_second":	411782385.17636079,
				"retransmits":	0,
				"omitted":	false,
				"sender":	true
			}
		}, {
			"streams":	[{
					"socket":	6,
					"start":	0.300126,
					"end":	0.400015,
					"seconds":	0.099889002740383148,
					"bytes":	5994720,
					"bits_per_second":	480110509.50868714,
					"retransmits":	0,
					"snd_cwnd":	97016,
					"snd_wnd":	450048,
					"rtt":	1711,
					"rttvar":	362,
					"pmtu":	1500,
					"omitted":	false,
					"sender":	true
				}],
			"sum":	{
				"start":	0.300126,
				"end":	0.400015,
				"seconds":	0.099889002740383148,
				"bytes":	5994720,
				"bits_per_second":	480110509.50868714,
				"retransmits":	0,
				"omitted":	false,
				"sender":	true
			}
		}, {
			"streams":	[{
					"socket":	6,
					"start":	0.400015,
					"end":	0.466159,
					"seconds":	0.066143997013568878,
					"bytes":	3376872,
					"bits_per_second":	408426723.81075048,
					"retransmits":	0,
					"snd_cwnd":	94120,
					"snd_wnd":	450048,
					"rtt":	1682,
					"rttvar":	232,
					"pmtu":	1500,
					"omitted":	false,
					"sender":	true
				}],
			"sum":	{
				"start":	0.400015,
				"end":	0.466159,
				"seconds":	0.066143997013568878,
				"bytes":	3376872,
				"bits_per_second":	408426723.81075048,
				"retransmits":	0,
				"omitted":	false,
				"sender":	true
			}
		}],
	"end":	{
		"streams":	[{
				"sender":	{
					"socket":	6,
					"start":	0,
					"end":	0.466159,
					"seconds":	0.466159,
					"bytes":	20971520,
					"bits_per_second":	359903294.79855585,
					"retransmits":	4,
					"max_snd_cwnd":	104256,
					"max_snd_wnd":	450048,
					"max_rtt":	1862,
					"min_rtt":	1514,
					"mean_rtt":	1713,
					"sender":	true
				},
				"receiver":	{
					"socket":	6,
					"start":	0,
					"end":	0.467966,
					"seconds":	0.466159,
					"bytes":	20703504,
					"bits_per_second":	353931764.27347285,
					"sender":	true
				}
			}],
		"sum_sent":	{
			"start":	0,
			"end":	0.466159,
			"seconds":	0.466159,
			"bytes":	20971520,
			"bits_per_second":	359903294.79855585,
			"retransmits":	4,
			"sender":	true
		},
		"sum_received":	{
			"start":	0,
			"end":	0.467966,
			"seconds":	0.467966,
			"bytes":	20703504,
			"bits_per_second":	353931764.27347285,
			"sender":	true
		},
		"cpu_utilization_percent":	{
			"host_total":	4.1405322402675049,
			"host_user":	2.54162978128894,
			"host_system":	1.5989024589785652,
			"remote_total":	6.63242194511158,
			"remote_user":	2.6610883667660961,
			"remote_system":	3.97090623157067
		},
		"sender_tcp_congestion":	"dctcp",
		"receiver_tcp_congestion":	"dctcp"
	}
}
