{
	"start":	{
		"connected":	[{
				"socket":	6,
				"local_host":	"10.0.0.2",
				"local_port":	45404,
				"remote_host":	"10.0.0.1",
				"remote_port":	5001
			}],
		"version":	"iperf 3.12",
		"system_info":	"Linux cs244c-vm 6.1.0-43-cloud-amd64 #1 SMP PREEMPT_DYNAMIC Debian 6.1.162-1 (2026-02-08) x86_64",
		"timestamp":	{
			"time":	"Wed, 04 Mar 2026 02:27:27 GMT",
			"timesecs":	1772591247
		},
		"connecting_to":	{
			"host":	"10.0.0.1",
			"port":	5001
		},
		"cookie":	"goa4djljoqbixh7v2yy5gkq67trrrjtxahrm",
		"tcp_mss_default":	1448,
		"target_bitrate":	0,
		"sock_bufsize":	0,
		"sndbuf_actual":	87380,
		"rcvbuf_actual":	87380,
		"test_start":	{
			"protocol":	"TCP",
			"num_streams":	1,
			"blksize":	131072,
			"omit":	0,
			"duration":	15,
			"bytes":	0,
			"blocks":	0,
			"reverse":	0,
			"tos":	0,
			"target_bitrate":	0
		}
	},
	"intervals":	[{
			"streams":	[{
					"socket":	6,
					"start":	0,
					"end":	1.000229,
					"seconds":	1.0002290010452271,
					"bytes":	4357032,
					"bits_per_second":	34848275.7084384,
					"retransmits":	0,
					"snd_cwnd":	1181568,
					"snd_wnd":	1498624,
					"rtt":	467504,
					"rttvar":	28483,
					"pmtu":	1500,
					"omitted":	false,
					"sender":	true
				}],
			"sum":	{
				"start":	0,
				"end":	1.000229,
				"seconds":	1.0002290010452271,
				"bytes":	4357032,
				"bits_per_second":	34848275.7084384,
				"retransmits":	0,
				"omitted":	false,
				"sender":	true
			}
		}, {
			"streams":	[{
					"socket":	6,
					"start":	1.000229,
					"end":	2.000227,
					"seconds":	0.99999797344207764,
					"bytes":	0,
					"bits_per_second":	0,
					"retransmits":	751,
					"snd_cwnd":	156384,
					"snd_wnd":	2002432,
					"rtt":	151462,
					"rttvar":	40746,
					"pmtu":	1500,
					"omitted":	false,
					"sender":	true
				}],
			"sum":	{
				"start":	1.000229,
				"end":	2.000227,
				"seconds":	0.99999797344207764,
				"bytes":	0,
				"bits_per_second":	0,
				"retransmits":	751,
				"omitted":	false,
				"sender":	true
			}
		}, {
			"streams":	[{
					"socket":	6,
					"start":	2.000227,
					"end":	3.000183,
					"seconds":	0.99995601177215576,
					"bytes":	2589784,
					"bits_per_second":	20719183.400160152,
					"retransmits":	134,
					"snd_cwnd":	73848,
					"snd_wnd":	3930624,
					"rtt":	100627,
					"rttvar":	3357,
					"pmtu":	1500,
					"omitted":	false,
					"sender":	true
				}],
			"sum":	{
				"start":	2.000227,
				"end":	3.000183,
				"seconds":	0.99995601177215576,
				"bytes":	2589784,
				"bits_per_second":	20719183.400160152,
				"retransmits":	134,
				"omitted":	false,
				"sender":	true
			}
		}, {
			"streams":	[{
					"socket":	6,
					"start":	3.000183,
					"end":	4.000178,
					"seconds":	0.999994993209839,
					"bytes":	0,
					"bits_per_second":	0,
					"retransmits":	2,
					"snd_cwnd":	27512,
					"snd_wnd":	5219328,
					"rtt":	82338,
					"rttvar":	1991,
					"pmtu":	1500,
					"omitted":	false,
					"sender":	true
				}],
			"sum":	{
				"start":	3.000183,
				"end":	4.000178,
				"seconds":	0.999994993209839,
				"bytes":	0,
				"bits_per_second":	0,
				"retransmits":	2,
				"omitted":	false,
				"sender":	true
			}
		}, {
			"streams":	[{
					"socket":	6,
					"start":	4.000178,
					"end":	5.000205,
					"seconds":	1.0000269412994385,
					"bytes":	1254656,
					"bits_per_second":	10036977.59078127,
					"retransmits":	0,
					"snd_cwnd":	46336,
					"snd_wnd":	6160896,
					"rtt":	93609,
					"rttvar":	1376,
					"pmtu":	1500,
					"omitted":	false,
					"sender":	true
				}],
			"sum":	{
				"start":	4.000178,
				"end":	5.000205,
				"seconds":	1.0000269412994385,
				"bytes":	1254656,
				"bits_per_second":	10036977.59078127,
				"retransmits":	0,
				"omitted":	false,
				"sender":	true
			}
		}, {
			"streams":	[{
					"socket":	6,
					"start":	5.000205,
					"end":	6.000891,
					"seconds":	1.0006860494613647,
					"bytes":	0,
					"bits_per_second":	0,
					"retransmits":	0,
					"snd_cwnd":	70952,
					"snd_wnd":	7970304,
					"rtt":	57505,
					"rttvar":	691,
					"pmtu":	1500,
					"omitted":	false,
					"sender":	true
				}],
			"sum":	{
				"start":	5.000205,
				"end":	6.000891,
				"seconds":	1.0006860494613647,
				"bytes":	0,
				"bits_per_second":	0,
				"retransmits":	0,
				"omitted":	false,
				"sender":	true
			}
		}, {
			"streams":	[{
					"socket":	6,
					"start":	6.000891,
					"end":	7.001011,
					"seconds":	1.0001200437545776,
					"bytes":	1235712,
					"bits_per_second":	9884509.4263763,
					"retransmits":	0,
					"snd_cwnd":	91224,
					"snd_wnd":	7969280,
					"rtt":	75085,
					"rttvar":	45,
					"pmtu":	1500,
					"omitted":	false,
					"sender":	true
				}],
			"sum":	{
				"start":	6.000891,
				"end":	7.001011,
				"seconds":	1.0001200437545776,
				"bytes":	1235712,
				"bits_per_second":	9884509.4263763,
				"retransmits":	0,
				"omitted":	false,
				"sender":	true
			}
		}, {
			"streams":	[{
					"socket":	6,
					"start":	7.001011,
					"end":	8.000993,
					"seconds":	0.99998199939727783,
					"bytes":	1305528,
					"bits_per_second":	10444412.005711181,
					"retransmits":	0,
					"snd_cwnd":	108600,
					"snd_wnd":	7969280,
					"rtt":	89628,
					"rttvar":	36,
					"pmtu":	1500,
					"omitted":	false,
					"sender":	true
				}],
			"sum":	{
				"start":	7.001011,
				"end":	8.000993,
				"seconds":	0.99998199939727783,
				"bytes":	1305528,
				"bits_per_second":	10444412.005711181,
				"retransmits":	0,
				"omitted":	false,
				"sender":	true
			}
		}, {
			"streams":	[{
					"socket":	6,
					"start":	8.000993,
					"end":	9.00094,
					"seconds":	0.99994701147079468,
					"bytes":	1184840,
					"bits_per_second":	9479222.29004716,
					"retransmits":	0,
					"snd_cwnd":	124528,
					"snd_wnd":	7970304,
					"rtt":	102444,
					"rttvar":	787,
					"pmtu":	1500,
					"omitted":	false,
					"sender":	true
				}],
			"sum":	{
				"start":	8.000993,
				"end":	9.00094,
				"seconds":	0.99994701147079468,
				"bytes":	1184840,
				"bits_per_second":	9479222.29004716,
				"retransmits":	0,
				"omitted":	false,
				"sender":	true
			}
		}, {
			"streams":	[{
					"socket":	6,
					"start":	9.00094,
					"end":	10.000876,
					"seconds":	0.99993598461151123,
					"bytes":	1291240,
					"bits_per_second":	10330581.316176269,
					"retransmits":	0,
					"snd_cwnd":	137560,
					"snd_wnd":	7969280,
					"rtt":	113705,
					"rttvar":	257,
					"pmtu":	1500,
					"omitted":	false,
					"sender":	true
				}],
			"sum":	{
				"start":	9.00094,
				"end":	10.000876,
				"seconds":	0.99993598461151123,
				"bytes":	1291240,
				"bits_per_second":	10330581.316176269,
				"retransmits":	0,
				"omitted":	false,
				"sender":	true
			}
		}, {
			"streams":	[{
					"socket":	6,
					"start":	10.000876,
					"end":	11.000563,
					"seconds":	0.99968701601028442,
					"bytes":	1199128,
					"bits_per_second":	9596027.40294199,
					"retransmits":	0,
					"snd_cwnd":	149144,
					"snd_wnd":	7969280,
					"rtt":	123531,
					"rttvar":	48,
					"pmtu":	1500,
					"omitted":	false,
					"sender":	true
				}],
			"sum":	{
				"start":	10.000876,
				"end":	11.000563,
				"seconds":	0.99968701601028442,
				"bytes":	1199128,
				"bits_per_second":	9596027.40294199,
				"retransmits":	0,
				"omitted":	false,
				"sender":	true
			}
		}, {
			"streams":	[{
					"socket":	6,
					"start":	11.000563,
					"end":	12.000772,
					"seconds":	1.0002089738845825,
					"bytes":	1276952,
					"bits_per_second":	10213481.649064682,
					"retransmits":	0,
					"snd_cwnd":	160728,
					"snd_wnd":	7969280,
					"rtt":	133165,
					"rttvar":	109,
					"pmtu":	1500,
					"omitted":	false,
					"sender":	true
				}],
			"sum":	{
				"start":	11.000563,
				"end":	12.000772,
				"seconds":	1.0002089738845825,
				"bytes":	1276952,
				"bits_per_second":	10213481.649064682,
				"retransmits":	0,
				"omitted":	false,
				"sender":	true
			}
		}, {
			"streams":	[{
					"socket":	6,
					"start":	12.000772,
					"end":	13.000702,