{
	"start":	{
		"connected":	[{
				"socket":	6,
				"local_host":	"10.0.0.5",
				"local_port":	59036,
				"remote_host":	"10.0.0.1",
				"remote_port":	5004
			}],
		"version":	"iperf 3.12",
		"system_info":	"Linux cs244c-vm 6.1.0-43-cloud-amd64 #1 SMP PREEMPT_DYNAMIC Debian 6.1.162-1 (2026-02-08) x86_64",
		"timestamp":	{
			"time":	"Mon, 09 Mar 2026 00:06:48 GMT",
			"timesecs":	1773014808
		},
		"connecting_to":	{
			"host":	"10.0.0.1",
			"port":	5004
		},
		"cookie":	"6b5zxxzlhwzgug6i7aozlnxi2wbjzmzyqe7j",
		"tcp_mss_default":	1448,
		"target_bitrate":	0,
		"sock_bufsize":	0,
		"sndbuf_actual":	87380,
		"rcvbuf_actual":	87380,
		"test_start":	{
			"protocol":	"TCP",
			"num_streams":	1,
			"blksize":	131072,
			"omit":	0,
			"duration":	0,
			"bytes":	20971520,
			"blocks":	0,
			"reverse":	0,
			"tos":	0,
			"target_bitrate":	0
		}
	},
	"intervals":	[{
			"streams":	[{
					"socket":	6,
					"start":	0,
					"end":	0.100029,
					"seconds":	0.10002899914979935,
					"bytes":	6049744,
					"bits_per_second":	483839210.7424888,
					"retransmits":	1,
					"snd_cwnd":	43440,
					"snd_wnd":	374784,
					"rtt":	493,
					"rttvar":	37,
					"pmtu":	1500,
					"omitted":	false,
					"sender":	true
				}],
			"sum":	{
				"start":	0,
				"end":	0.100029,
				"seconds":	0.10002899914979935,
				"bytes":	6049744,
				"bits_per_second":	483839210.7424888,
				"retransmits":	1,
				"omitted":	false,
				"sender":	true
			}
		}, {
			"streams":	[{
					"socket":	6,
					"start":	0.100029,
					"end":	0.200091,
					"seconds":	0.10006199777126312,
					"bytes":	9093440,
					"bits_per_second":	727024461.037619,
					"retransmits":	0,
					"snd_cwnd":	44888,
					"snd_wnd":	374784,
					"rtt":	419,
					"rttvar":	54,
					"pmtu":	1500,
					"omitted":	false,
					"sender":	true
				}],
			"sum":	{
				"start":	0.100029,
				"end":	0.200091,
				"seconds":	0.10006199777126312,
				"bytes":	9093440,
				"bits_per_second":	727024461.037619,
				"retransmits":	0,
				"omitted":	false,
				"sender":	true
			}
		}, {
			"streams":	[{
					"socket":	6,
					"start":	0.200091,
					"end":	0.262537,
					"seconds":	0.0624459981918335,
					"bytes":	5828336,
					"bits_per_second":	746672154.34307373,
					"retransmits":	0,
					"snd_cwnd":	40544,
					"snd_wnd":	374784,
					"rtt":	469,
					"rttvar":	45,
					"pmtu":	1500,
					"omitted":	false,
					"sender":	true
				}],
			"sum":	{
				"start":	0.200091,
				"end":	0.262537,
				"seconds":	0.0624459981918335,
				"bytes":	5828336,
				"bits_per_second":	746672154.34307373,
				"retransmits":	0,
				"omitted":	false,
				"sender":	true
			}
		}],
	"end":	{
		"streams":	[{
				"sender":	{
					"socket":	6,
					"start":	0,
					"end":	0.262537,
					"seconds":	0.262537,
					"bytes":	20971520,
					"bits_per_second":	639041963.608939,
					"retransmits":	1,
					"max_snd_cwnd":	44888,
					"max_snd_wnd":	374784,
					"max_rtt":	493,
					"min_rtt":	419,
					"mean_rtt":	460,
					"sender":	true
				},
				"receiver":	{
					"socket":	6,
					"start":	0,
					"end":	0.263008,
					"seconds":	0.262537,
					"bytes":	20820792,
					"bits_per_second":	633312811.77758849,
					"sender":	true
				}
			}],
		"sum_sent":	{
			"start":	0,
			"end":	0.262537,
			"seconds":	0.262537,
			"bytes":	20971520,
			"bits_per_second":	639041963.608939,
			"retransmits":	1,
			"sender":	true
		},
		"sum_received":	{
			"start":	0,
			"end":	0.263008,
			"seconds":	0.263008,
			"bytes":	20820792,
			"bits_per_second":	633312811.77758849,
			"sender":	true
		},
		"cpu_utilization_percent":	{
			"host_total":	1.5081542299946842,
			"host_user":	0.31833120569302226,
			"host_system":	1.1897454203997375,
			"remote_total":	13.58013427309292,
			"remote_user":	2.2843913231906208,
			"remote_system":	11.2957429499023
		},
		"sender_tcp_congestion":	"dctcp",
		"receiver_tcp_congestion":	"dctcp"
	}
}
