{
	"start":	{
		"connected":	[{
				"socket":	6,
				"local_host":	"10.0.0.5",
				"local_port":	37636,
				"remote_host":	"10.0.0.1",
				"remote_port":	5004
			}],
		"version":	"iperf 3.12",
		"system_info":	"Linux cs244c-vm 6.1.0-43-cloud-amd64 #1 SMP PREEMPT_DYNAMIC Debian 6.1.162-1 (2026-02-08) x86_64",
		"timestamp":	{
			"time":	"Mon, 09 Mar 2026 03:13:09 GMT",
			"timesecs":	1773025989
		},
		"connecting_to":	{
			"host":	"10.0.0.1",
			"port":	5004
		},
		"cookie":	"rc73buw2t6x7iq6sqq5dklisyc6y52zts6uh",
		"tcp_mss_default":	1448,
		"target_bitrate":	0,
		"sock_bufsize":	0,
		"sndbuf_actual":	87380,
		"rcvbuf_actual":	87380,
		"test_start":	{
			"protocol":	"TCP",
			"num_streams":	1,
			"blksize":	131072,
			"omit":	0,
			"duration":	0,
			"bytes":	20971520,
			"blocks":	0,
			"reverse":	0,
			"tos":	0,
			"target_bitrate":	0
		}
	},
	"intervals":	[{
			"streams":	[{
					"socket":	6,
					"start":	0,
					"end":	0.100058,
					"seconds":	0.10005799680948257,
					"bytes":	1740496,
					"bits_per_second":	139158972.23599437,
					"retransmits":	0,
					"snd_cwnd":	14480,
					"snd_wnd":	147968,
					"rtt":	485,
					"rttvar":	61,
					"pmtu":	1500,
					"omitted":	false,
					"sender":	true
				}],
			"sum":	{
				"start":	0,
				"end":	0.100058,
				"seconds":	0.10005799680948257,
				"bytes":	1740496,
				"bits_per_second":	139158972.23599437,
				"retransmits":	0,
				"omitted":	false,
				"sender":	true
			}
		}, {
			"streams":	[{
					"socket":	6,
					"start":	0.100058,
					"end":	0.200116,
					"seconds":	0.10005799680948257,
					"bytes":	1773800,
					"bits_per_second":	141821747.91105917,
					"retransmits":	0,
					"snd_cwnd":	10136,
					"snd_wnd":	149504,
					"rtt":	463,
					"rttvar":	67,
					"pmtu":	1500,
					"omitted":	false,
					"sender":	true
				}],
			"sum":	{
				"start":	0.100058,
				"end":	0.200116,
				"seconds":	0.10005799680948257,
				"bytes":	1773800,
				"bits_per_second":	141821747.91105917,
				"retransmits":	0,
				"omitted":	false,
				"sender":	true
			}
		}, {
			"streams":	[{
					"socket":	6,
					"start":	0.200116,
					"end":	0.300119,
					"seconds":	0.10000299662351608,
					"bytes":	1872264,
					"bits_per_second":	149776631.75823113,
					"retransmits":	0,
					"snd_cwnd":	10136,
					"snd_wnd":	149504,
					"rtt":	496,
					"rttvar":	45,
					"pmtu":	1500,
					"omitted":	false,
					"sender":	true
				}],
			"sum":	{
				"start":	0.200116,
				"end":	0.300119,
				"seconds":	0.10000299662351608,
				"bytes":	1872264,
				"bits_per_second":	149776631.75823113,
				"retransmits":	0,
				"omitted":	false,
				"sender":	true
			}
		}, {
			"streams":	[{
					"socket":	6,
					"start":	0.300119,
					"end":	0.400075,
					"seconds":	0.0999559983611107,
					"bytes":	2593368,
					"bits_per_second":	207560770.14055312,
					"retransmits":	0,
					"snd_cwnd":	17376,
					"snd_wnd":	182272,
					"rtt":	543,
					"rttvar":	145,
					"pmtu":	1500,
					"omitted":	false,
					"sender":	true
				}],
			"sum":	{
				"start":	0.300119,
				"end":	0.400075,
				"seconds":	0.0999559983611107,
				"bytes":	2593368,
				"bits_per_second":	207560770.14055312,
				"retransmits":	0,
				"omitted":	false,
				"sender":	true
			}
		}, {
			"streams":	[{
					"socket":	6,
					"start":	0.400075,
					"end":	0.500075,
					"seconds":	0.10000000149011612,
					"bytes":	3313024,
					"bits_per_second":	265041916.05056769,
					"retransmits":	0,
					"snd_cwnd":	18824,
					"snd_wnd":	184832,
					"rtt":	446,
					"rttvar":	36,
					"pmtu":	1500,
					"omitted":	false,
					"sender":	true
				}],
			"sum":	{
				"start":	0.400075,
				"end":	0.500075,
				"seconds":	0.10000000149011612,
				"bytes":	3313024,
				"bits_per_second":	265041916.05056769,
				"retransmits":	0,
				"omitted":	false,
				"sender":	true
			}
		}, {
			"streams":	[{
					"socket":	6,
					"start":	0.500075,
					"end":	0.600048,
					"seconds":	0.099973000586032867,
					"bytes":	3466512,
					"bits_per_second":	277395855.255288,
					"retransmits":	0,
					"snd_cwnd":	27512,
					"snd_wnd":	230912,
					"rtt":	423,
					"rttvar":	21,
					"pmtu":	1500,
					"omitted":	false,
					"sender":	true
				}],
			"sum":	{
				"start":	0.500075,
				"end":	0.600048,
				"seconds":	0.099973000586032867,
				"bytes":	3466512,
				"bits_per_second":	277395855.255288,
				"retransmits":	0,
				"omitted":	false,
				"sender":	true
			}
		}, {
			"streams":	[{
					"socket":	6,
					"start":	0.600048,
					"end":	0.678395,
					"seconds":	0.078346997499465942,
					"bytes":	6212056,
					"bits_per_second":	634312093.457554,
					"retransmits":	0,
					"snd_cwnd":	39096,
					"snd_wnd":	302592,
					"rtt":	441,
					"rttvar":	44,
					"pmtu":	1500,
					"omitted":	false,
					"sender":	true
				}],
			"sum":	{
				"start":	0.600048,
				"end":	0.678395,
				"seconds":	0.078346997499465942,
				"bytes":	6212056,
				"bits_per_second":	634312093.457554,
				"retransmits":	0,
				"omitted":	false,
				"sender":	true
			}
		}],
	"end":	{
		"streams":	[{
				"sender":	{
					"socket":	6,
					"start":	0,
					"end":	0.678395,
					"seconds":	0.678395,
					"bytes":	20971520,
					"bits_per_second":	247307483.10350165,
					"retransmits":	0,
					"max_snd_cwnd":	39096,
					"max_snd_wnd":	302592,
					"max_rtt":	543,
					"min_rtt":	423,
					"mean_rtt":	471,
					"sender":	true
				},
				"receiver":	{
					"socket":	6,
					"start":	0,
					"end":	0.679074,
					"seconds":	0.678395,
					"bytes":	20888848,
					"bits_per_second":	246086264.530817,
					"sender":	true
				}
			}],
		"sum_sent":	{
			"start":	0,
			"end":	0.678395,
			"seconds":	0.678395,
			"bytes":	20971520,
			"bits_per_second":	247307483.10350165,
			"retransmits":	0,
			"sender":	true
		},
		"sum_received":	{
			"start":	0,
			"end":	0.679074,
			"seconds":	0.679074,
			"bytes":	20888848,
			"bits_per_second":	246086264.530817,
			"sender":	true
		},
		"cpu_utilization_percent":	{
			"host_total":	3.9846017002289331,
			"host_user":	2.19688242756529,
			"host_system":	1.7877192726636435,
			"remote_total":	13.859977734975526,
			"remote_user":	2.549728166434003,
			"remote_system":	11.310249568541524
		},
		"sender_tcp_congestion":	"dctcp",
		"receiver_tcp_congestion":	"dctcp"
	}
}
