{
	"start":	{
		"connected":	[{
				"socket":	6,
				"local_host":	"10.0.0.3",
				"local_port":	59846,
				"remote_host":	"10.0.0.1",
				"remote_port":	5002
			}],
		"version":	"iperf 3.12",
		"system_info":	"Linux cs244c-vm 6.1.0-43-cloud-amd64 #1 SMP PREEMPT_DYNAMIC Debian 6.1.162-1 (2026-02-08) x86_64",
		"timestamp":	{
			"time":	"Mon, 09 Mar 2026 00:06:41 GMT",
			"timesecs":	1773014801
		},
		"connecting_to":	{
			"host":	"10.0.0.1",
			"port":	5002
		},
		"cookie":	"vwvkzdqgoln75m5qlstsvgtet3z6cod7vvnx",
		"tcp_mss_default":	1448,
		"target_bitrate":	0,
		"sock_bufsize":	0,
		"sndbuf_actual":	87380,
		"rcvbuf_actual":	87380,
		"test_start":	{
			"protocol":	"TCP",
			"num_streams":	1,
			"blksize":	131072,
			"omit":	0,
			"duration":	0,
			"bytes":	20971520,
			"blocks":	0,
			"reverse":	0,
			"tos":	0,
			"target_bitrate":	0
		}
	},
	"intervals":	[{
			"streams":	[{
					"socket":	6,
					"start":	0,
					"end":	0.100081,
					"seconds":	0.10008099675178528,
					"bytes":	1382840,
					"bits_per_second":	110537668.07935652,
					"retransmits":	0,
					"snd_cwnd":	5792,
					"snd_wnd":	117760,
					"rtt":	601,
					"rttvar":	69,
					"pmtu":	1500,
					"omitted":	false,
					"sender":	true
				}],
			"sum":	{
				"start":	0,
				"end":	0.100081,
				"seconds":	0.10008099675178528,
				"bytes":	1382840,
				"bits_per_second":	110537668.07935652,
				"retransmits":	0,
				"omitted":	false,
				"sender":	true
			}
		}, {
			"streams":	[{
					"socket":	6,
					"start":	0.100081,
					"end":	0.200168,
					"seconds":	0.1000870019197464,
					"bytes":	2442776,
					"bits_per_second":	195252206.83170921,
					"retransmits":	0,
					"snd_cwnd":	13032,
					"snd_wnd":	167424,
					"rtt":	481,
					"rttvar":	89,
					"pmtu":	1500,
					"omitted":	false,
					"sender":	true
				}],
			"sum":	{
				"start":	0.100081,
				"end":	0.200168,
				"seconds":	0.1000870019197464,
				"bytes":	2442776,
				"bits_per_second":	195252206.83170921,
				"retransmits":	0,
				"omitted":	false,
				"sender":	true
			}
		}, {
			"streams":	[{
					"socket":	6,
					"start":	0.200168,
					"end":	0.300159,
					"seconds":	0.099991001188755035,
					"bytes":	2932200,
					"bits_per_second":	234597110.95120063,
					"retransmits":	0,
					"snd_cwnd":	15928,
					"snd_wnd":	214528,
					"rtt":	376,
					"rttvar":	40,
					"pmtu":	1500,
					"omitted":	false,
					"sender":	true
				}],
			"sum":	{
				"start":	0.200168,
				"end":	0.300159,
				"seconds":	0.099991001188755035,
				"bytes":	2932200,
				"bits_per_second":	234597110.95120063,
				"retransmits":	0,
				"omitted":	false,
				"sender":	true
			}
		}, {
			"streams":	[{
					"socket":	6,
					"start":	0.300159,
					"end":	0.400124,
					"seconds":	0.099964998662471771,
					"bytes":	2218336,
					"bits_per_second":	177529017.53063646,
					"retransmits":	0,
					"snd_cwnd":	8688,
					"snd_wnd":	219136,
					"rtt":	487,
					"rttvar":	56,
					"pmtu":	1500,
					"omitted":	false,
					"sender":	true
				}],
			"sum":	{
				"start":	0.300159,
				"end":	0.400124,
				"seconds":	0.099964998662471771,
				"bytes":	2218336,
				"bits_per_second":	177529017.53063646,
				"retransmits":	0,
				"omitted":	false,
				"sender":	true
			}
		}, {
			"streams":	[{
					"socket":	6,
					"start":	0.400124,
					"end":	0.500086,
					"seconds":	0.0999620035290718,
					"bytes":	5467648,
					"bits_per_second":	437578104.23716462,
					"retransmits":	0,
					"snd_cwnd":	36200,
					"snd_wnd":	294400,
					"rtt":	458,
					"rttvar":	40,
					"pmtu":	1500,
					"omitted":	false,
					"sender":	true
				}],
			"sum":	{
				"start":	0.400124,
				"end":	0.500086,
				"seconds":	0.0999620035290718,
				"bytes":	5467648,
				"bits_per_second":	437578104.23716462,
				"retransmits":	0,
				"omitted":	false,
				"sender":	true
			}
		}, {
			"streams":	[{
					"socket":	6,
					"start":	0.500086,
					"end":	0.577417,
					"seconds":	0.077330999076366425,
					"bytes":	6527720,
					"bits_per_second":	675301762.860061,
					"retransmits":	0,
					"snd_cwnd":	40544,
					"snd_wnd":	292352,
					"rtt":	394,
					"rttvar":	41,
					"pmtu":	1500,
					"omitted":	false,
					"sender":	true
				}],
			"sum":	{
				"start":	0.500086,
				"end":	0.577417,
				"seconds":	0.077330999076366425,
				"bytes":	6527720,
				"bits_per_second":	675301762.860061,
				"retransmits":	0,
				"omitted":	false,
				"sender":	true
			}
		}],
	"end":	{
		"streams":	[{
				"sender":	{
					"socket":	6,
					"start":	0,
					"end":	0.577417,
					"seconds":	0.577417,
					"bytes":	20971520,
					"bits_per_second":	290556322.38053262,
					"retransmits":	0,
					"max_snd_cwnd":	40544,
					"max_snd_wnd":	294400,
					"max_rtt":	601,
					"min_rtt":	376,
					"mean_rtt":	466,
					"sender":	true
				},
				"receiver":	{
					"socket":	6,
					"start":	0,
					"end":	0.578004,
					"seconds":	0.577417,
					"bytes":	20875816,
					"bits_per_second":	288936630.19633085,
					"sender":	true
				}
			}],
		"sum_sent":	{
			"start":	0,
			"end":	0.577417,
			"seconds":	0.577417,
			"bytes":	20971520,
			"bits_per_second":	290556322.38053262,
			"retransmits":	0,
			"sender":	true
		},
		"sum_received":	{
			"start":	0,
			"end":	0.578004,
			"seconds":	0.578004,
			"bytes":	20875816,
			"bits_per_second":	288936630.19633085,
			"sender":	true
		},
		"cpu_utilization_percent":	{
			"host_total":	4.55051821881717,
			"host_user":	0.39793327569651132,
			"host_system":	4.15241408297652,
			"remote_total":	12.480256044288742,
			"remote_user":	0,
			"remote_system":	12.480256044288742
		},
		"sender_tcp_congestion":	"dctcp",
		"receiver_tcp_congestion":	"dctcp"
	}
}
