{
	"start":	{
		"connected":	[{
				"socket":	6,
				"local_host":	"10.0.0.5",
				"local_port":	38302,
				"remote_host":	"10.0.0.1",
				"remote_port":	5004
			}],
		"version":	"iperf 3.12",
		"system_info":	"Linux cs244c-vm 6.1.0-43-cloud-amd64 #1 SMP PREEMPT_DYNAMIC Debian 6.1.162-1 (2026-02-08) x86_64",
		"timestamp":	{
			"time":	"Wed, 04 Mar 2026 02:27:30 GMT",
			"timesecs":	1772591250
		},
		"connecting_to":	{
			"host":	"10.0.0.1",
			"port":	5004
		},
		"cookie":	"zo56s47nuylx4pybcp3a2pe6huvsbmbsmuym",
		"tcp_mss_default":	1448,
		"target_bitrate":	0,
		"sock_bufsize":	0,
		"sndbuf_actual":	87380,
		"rcvbuf_actual":	87380,
		"test_start":	{
			"protocol":	"TCP",
			"num_streams":	1,
			"blksize":	131072,
			"omit":	0,
			"duration":	0,
			"bytes":	512000,
			"blocks":	0,
			"reverse":	0,
			"tos":	0,
			"target_bitrate":	0
		}
	},
	"intervals":	[{
			"streams":	[{
					"socket":	6,
					"start":	0,
					"end":	0.769736,
					"seconds":	0.76973599195480347,
					"bytes":	524288,
					"bits_per_second":	5449016.34305581,
					"retransmits":	4,
					"snd_cwnd":	43440,
					"snd_wnd":	649728,
					"rtt":	79539,
					"rttvar":	801,
					"pmtu":	1500,
					"omitted":	false,
					"sender":	true
				}],
			"sum":	{
				"start":	0,
				"end":	0.769736,
				"seconds":	0.76973599195480347,
				"bytes":	524288,
				"bits_per_second":	5449016.34305581,
				"retransmits":	4,
				"omitted":	false,
				"sender":	true
			}
		}],
	"end":	{
		"streams":	[{
				"sender":	{
					"socket":	6,
					"start":	0,
					"end":	0.769736,
					"seconds":	0.769736,
					"bytes":	524288,
					"bits_per_second":	5449016.2861032877,
					"retransmits":	4,
					"max_snd_cwnd":	43440,
					"max_snd_wnd":	649728,
					"max_rtt":	79539,
					"min_rtt":	79539,
					"mean_rtt":	79539,
					"sender":	true
				},
				"receiver":	{
					"socket":	6,
					"start":	0,
					"end":	0.856882,
					"seconds":	0.769736,
					"bytes":	406888,
					"bits_per_second":	3798777.4279305669,
					"sender":	true
				}
			}],
		"sum_sent":	{
			"start":	0,
			"end":	0.769736,
			"seconds":	0.769736,
			"bytes":	524288,
			"bits_per_second":	5449016.2861032877,
			"retransmits":	4,
			"sender":	true
		},
		"sum_received":	{
			"start":	0,
			"end":	0.856882,
			"seconds":	0.856882,
			"bytes":	406888,
			"bits_per_second":	3798777.4279305669,
			"sender":	true
		},
		"cpu_utilization_percent":	{
			"host_total":	3.5675528806729182,
			"host_user":	1.3233467168398121,
			"host_system":	2.2441516040839065,
			"remote_total":	0.76600809886685883,
			"remote_user":	0.11039665775869111,
			"remote_system":	0.65537804436872
		},
		"sender_tcp_congestion":	"dctcp",
		"receiver_tcp_congestion":	"dctcp"
	}
}
