{
	"start":	{
		"connected":	[{
				"socket":	6,
				"local_host":	"10.0.0.4",
				"local_port":	55986,
				"remote_host":	"10.0.0.1",
				"remote_port":	5003
			}],
		"version":	"iperf 3.12",
		"system_info":	"Linux cs244c-vm 6.1.0-43-cloud-amd64 #1 SMP PREEMPT_DYNAMIC Debian 6.1.162-1 (2026-02-08) x86_64",
		"timestamp":	{
			"time":	"Mon, 09 Mar 2026 03:13:07 GMT",
			"timesecs":	1773025987
		},
		"connecting_to":	{
			"host":	"10.0.0.1",
			"port":	5003
		},
		"cookie":	"x2bajbeyihfgp3l5qkpszqgtof24yruv4alw",
		"tcp_mss_default":	1448,
		"target_bitrate":	0,
		"sock_bufsize":	0,
		"sndbuf_actual":	87380,
		"rcvbuf_actual":	87380,
		"test_start":	{
			"protocol":	"TCP",
			"num_streams":	1,
			"blksize":	131072,
			"omit":	0,
			"duration":	0,
			"bytes":	20971520,
			"blocks":	0,
			"reverse":	0,
			"tos":	0,
			"target_bitrate":	0
		}
	},
	"intervals":	[{
			"streams":	[{
					"socket":	6,
					"start":	0,
					"end":	0.100164,
					"seconds":	0.10016400367021561,
					"bytes":	1558048,
					"bits_per_second":	124439754.23584594,
					"retransmits":	0,
					"snd_cwnd":	7240,
					"snd_wnd":	147968,
					"rtt":	507,
					"rttvar":	81,
					"pmtu":	1500,
					"omitted":	false,
					"sender":	true
				}],
			"sum":	{
				"start":	0,
				"end":	0.100164,
				"seconds":	0.10016400367021561,
				"bytes":	1558048,
				"bits_per_second":	124439754.23584594,
				"retransmits":	0,
				"omitted":	false,
				"sender":	true
			}
		}, {
			"streams":	[{
					"socket":	6,
					"start":	0.100164,
					"end":	0.200154,
					"seconds":	0.099990002810955048,
					"bytes":	2386304,
					"bits_per_second":	190923406.97392625,
					"retransmits":	0,
					"snd_cwnd":	18824,
					"snd_wnd":	146944,
					"rtt":	499,
					"rttvar":	39,
					"pmtu":	1500,
					"omitted":	false,
					"sender":	true
				}],
			"sum":	{
				"start":	0.100164,
				"end":	0.200154,
				"seconds":	0.099990002810955048,
				"bytes":	2386304,
				"bits_per_second":	190923406.97392625,
				"retransmits":	0,
				"omitted":	false,
				"sender":	true
			}
		}, {
			"streams":	[{
					"socket":	6,
					"start":	0.200154,
					"end":	0.300085,
					"seconds":	0.099931001663208,
					"bytes":	2405128,
					"bits_per_second":	192543091.5307641,
					"retransmits":	0,
					"snd_cwnd":	10136,
					"snd_wnd":	149504,
					"rtt":	455,
					"rttvar":	60,
					"pmtu":	1500,
					"omitted":	false,
					"sender":	true
				}],
			"sum":	{
				"start":	0.200154,
				"end":	0.300085,
				"seconds":	0.099931001663208,
				"bytes":	2405128,
				"bits_per_second":	192543091.5307641,
				"retransmits":	0,
				"omitted":	false,
				"sender":	true
			}
		}, {
			"streams":	[{
					"socket":	6,
					"start":	0.300085,
					"end":	0.40015,
					"seconds":	0.10006500035524368,
					"bytes":	1905568,
					"bits_per_second":	152346414.28951082,
					"retransmits":	0,
					"snd_cwnd":	14480,
					"snd_wnd":	147968,
					"rtt":	449,
					"rttvar":	54,
					"pmtu":	1500,
					"omitted":	false,
					"sender":	true
				}],
			"sum":	{
				"start":	0.300085,
				"end":	0.40015,
				"seconds":	0.10006500035524368,
				"bytes":	1905568,
				"bits_per_second":	152346414.28951082,
				"retransmits":	0,
				"omitted":	false,
				"sender":	true
			}
		}, {
			"streams":	[{
					"socket":	6,
					"start":	0.40015,
					"end":	0.500129,
					"seconds":	0.0999789983034134,
					"bytes":	7752592,
					"bits_per_second":	620337641.4292655,
					"retransmits":	0,
					"snd_cwnd":	46336,
					"snd_wnd":	318464,
					"rtt":	471,
					"rttvar":	35,
					"pmtu":	1500,
					"omitted":	false,
					"sender":	true
				}],
			"sum":	{
				"start":	0.40015,
				"end":	0.500129,
				"seconds":	0.0999789983034134,
				"bytes":	7752592,
				"bits_per_second":	620337641.4292655,
				"retransmits":	0,
				"omitted":	false,
				"sender":	true
			}
		}, {
			"streams":	[{
					"socket":	6,
					"start":	0.500129,
					"end":	0.557824,
					"seconds":	0.057695001363754272,
					"bytes":	4963880,
					"bits_per_second":	688292556.74387872,
					"retransmits":	0,
					"snd_cwnd":	46336,
					"snd_wnd":	317952,
					"rtt":	451,
					"rttvar":	51,
					"pmtu":	1500,
					"omitted":	false,
					"sender":	true
				}],
			"sum":	{
				"start":	0.500129,
				"end":	0.557824,
				"seconds":	0.057695001363754272,
				"bytes":	4963880,
				"bits_per_second":	688292556.74387872,
				"retransmits":	0,
				"omitted":	false,
				"sender":	true
			}
		}],
	"end":	{
		"streams":	[{
				"sender":	{
					"socket":	6,
					"start":	0,
					"end":	0.557824,
					"seconds":	0.557824,
					"bytes":	20971520,
					"bits_per_second":	300761817.3474071,
					"retransmits":	0,
					"max_snd_cwnd":	46336,
					"max_snd_wnd":	318464,
					"max_rtt":	507,
					"min_rtt":	449,
					"mean_rtt":	472,
					"sender":	true
				},
				"receiver":	{
					"socket":	6,
					"start":	0,
					"end":	0.558536,
					"seconds":	0.557824,
					"bytes":	20851200,
					"bits_per_second":	298655055.35901,
					"sender":	true
				}
			}],
		"sum_sent":	{
			"start":	0,
			"end":	0.557824,
			"seconds":	0.557824,
			"bytes":	20971520,
			"bits_per_second":	300761817.3474071,
			"retransmits":	0,
			"sender":	true
		},
		"sum_received":	{
			"start":	0,
			"end":	0.558536,
			"seconds":	0.558536,
			"bytes":	20851200,
			"bits_per_second":	298655055.35901,
			"sender":	true
		},
		"cpu_utilization_percent":	{
			"host_total":	4.9495373818744071,
			"host_user":	1.8518845378584365,
			"host_system":	3.0972998351448573,
			"remote_total":	13.785405205086571,
			"remote_user":	0.63555263539509,
			"remote_system":	13.149852569691481
		},
		"sender_tcp_congestion":	"dctcp",
		"receiver_tcp_congestion":	"dctcp"
	}
}
