{
	"start":	{
		"connected":	[{
				"socket":	6,
				"local_host":	"10.0.0.7",
				"local_port":	56606,
				"remote_host":	"10.0.0.1",
				"remote_port":	5006
			}],
		"version":	"iperf 3.12",
		"system_info":	"Linux cs244c-vm 6.1.0-43-cloud-amd64 #1 SMP PREEMPT_DYNAMIC Debian 6.1.162-1 (2026-02-08) x86_64",
		"timestamp":	{
			"time":	"Mon, 09 Mar 2026 01:28:06 GMT",
			"timesecs":	1773019686
		},
		"connecting_to":	{
			"host":	"10.0.0.1",
			"port":	5006
		},
		"cookie":	"i74bi6h4wojc4rkeuk7zfwiaowj7ugbz2atl",
		"tcp_mss_default":	1448,
		"target_bitrate":	0,
		"sock_bufsize":	0,
		"sndbuf_actual":	87380,
		"rcvbuf_actual":	87380,
		"test_start":	{
			"protocol":	"TCP",
			"num_streams":	1,
			"blksize":	131072,
			"omit":	0,
			"duration":	0,
			"bytes":	20971520,
			"blocks":	0,
			"reverse":	0,
			"tos":	0,
			"target_bitrate":	0
		}
	},
	"intervals":	[{
			"streams":	[{
					"socket":	6,
					"start":	0,
					"end":	0.100408,
					"seconds":	0.10040800273418427,
					"bytes":	1604384,
					"bits_per_second":	127829173.47712816,
					"retransmits":	0,
					"snd_cwnd":	4344,
					"snd_wnd":	289280,
					"rtt":	505,
					"rttvar":	63,
					"pmtu":	1500,
					"omitted":	false,
					"sender":	true
				}],
			"sum":	{
				"start":	0,
				"end":	0.100408,
				"seconds":	0.10040800273418427,
				"bytes":	1604384,
				"bits_per_second":	127829173.47712816,
				"retransmits":	0,
				"omitted":	false,
				"sender":	true
			}
		}, {
			"streams":	[{
					"socket":	6,
					"start":	0.100408,
					"end":	0.200197,
					"seconds":	0.099789001047611237,
					"bytes":	1889640,
					"bits_per_second":	151490844.09400323,
					"retransmits":	0,
					"snd_cwnd":	10136,
					"snd_wnd":	287232,
					"rtt":	498,
					"rttvar":	68,
					"pmtu":	1500,
					"omitted":	false,
					"sender":	true
				}],
			"sum":	{
				"start":	0.100408,
				"end":	0.200197,
				"seconds":	0.099789001047611237,
				"bytes":	1889640,
				"bits_per_second":	151490844.09400323,
				"retransmits":	0,
				"omitted":	false,
				"sender":	true
			}
		}, {
			"streams":	[{
					"socket":	6,
					"start":	0.200197,
					"end":	0.300287,
					"seconds":	0.10008999705314636,
					"bytes":	2739616,
					"bits_per_second":	218972211.46247435,
					"retransmits":	0,
					"snd_cwnd":	8688,
					"snd_wnd":	287744,
					"rtt":	462,
					"rttvar":	59,
					"pmtu":	1500,
					"omitted":	false,
					"sender":	true
				}],
			"sum":	{
				"start":	0.200197,
				"end":	0.300287,
				"seconds":	0.10008999705314636,
				"bytes":	2739616,
				"bits_per_second":	218972211.46247435,
				"retransmits":	0,
				"omitted":	false,
				"sender":	true
			}
		}, {
			"streams":	[{
					"socket":	6,
					"start":	0.300287,
					"end":	0.400168,
					"seconds":	0.099881000816822052,
					"bytes":	2383408,
					"bits_per_second":	190899809.21365252,
					"retransmits":	0,
					"snd_cwnd":	14480,
					"snd_wnd":	286720,
					"rtt":	436,
					"rttvar":	24,
					"pmtu":	1500,
					"omitted":	false,
					"sender":	true
				}],
			"sum":	{
				"start":	0.300287,
				"end":	0.400168,
				"seconds":	0.099881000816822052,
				"bytes":	2383408,
				"bits_per_second":	190899809.21365252,
				"retransmits":	0,
				"omitted":	false,
				"sender":	true
			}
		}, {
			"streams":	[{
					"socket":	6,
					"start":	0.400168,
					"end":	0.500106,
					"seconds":	0.0999379977583885,
					"bytes":	2051816,
					"bits_per_second":	164247116.89425668,
					"retransmits":	0,
					"snd_cwnd":	7240,
					"snd_wnd":	288768,
					"rtt":	422,
					"rttvar":	19,
					"pmtu":	1500,
					"omitted":	false,
					"sender":	true
				}],
			"sum":	{
				"start":	0.400168,
				"end":	0.500106,
				"seconds":	0.0999379977583885,
				"bytes":	2051816,
				"bits_per_second":	164247116.89425668,
				"retransmits":	0,
				"omitted":	false,
				"sender":	true
			}
		}, {
			"streams":	[{
					"socket":	6,
					"start":	0.500106,
					"end":	0.600111,
					"seconds":	0.10000500082969666,
					"bytes":	1917152,
					"bits_per_second":	153364490.5030148,
					"retransmits":	0,
					"snd_cwnd":	7240,
					"snd_wnd":	288768,
					"rtt":	423,
					"rttvar":	15,
					"pmtu":	1500,
					"omitted":	false,
					"sender":	true
				}],
			"sum":	{
				"start":	0.500106,
				"end":	0.600111,
				"seconds":	0.10000500082969666,
				"bytes":	1917152,
				"bits_per_second":	153364490.5030148,
				"retransmits":	0,
				"omitted":	false,
				"sender":	true
			}
		}, {
			"streams":	[{
					"socket":	6,
					"start":	0.600111,
					"end":	0.700081,
					"seconds":	0.0999699980020523,
					"bytes":	2112632,
					"bits_per_second":	169061281.76228467,
					"retransmits":	0,
					"snd_cwnd":	10136,
					"snd_wnd":	287744,
					"rtt":	448,
					"rttvar":	34,
					"pmtu":	1500,
					"omitted":	false,
					"sender":	true
				}],
			"sum":	{
				"start":	0.600111,
				"end":	0.700081,
				"seconds":	0.0999699980020523,
				"bytes":	2112632,
				"bits_per_second":	169061281.76228467,
				"retransmits":	0,
				"omitted":	false,
				"sender":	true
			}
		}, {
			"streams":	[{
					"socket":	6,
					"start":	0.700081,
					"end":	0.800086,
					"seconds":	0.10000500082969666,
					"bytes":	2106840,
					"bits_per_second":	168538771.66305628,
					"retransmits":	0,
					"snd_cwnd":	10136,
					"snd_wnd":	287744,
					"rtt":	551,
					"rttvar":	134,
					"pmtu":	1500,
					"omitted":	false,
					"sender":	true
				}],
			"sum":	{
				"start":	0.700081,
				"end":	0.800086,
				"seconds":	0.10000500082969666,
				"bytes":	2106840,
				"bits_per_second":	168538771.66305628,
				"retransmits":	0,
				"omitted":	false,
				"sender":	true
			}
		}, {
			"streams":	[{
					"socket":	6,
					"start":	0.800086,
					"end":	0.900107,
					"seconds":	0.10002099722623825,
					"bytes":	1972176,
					"bits_per_second":	157740958.77401584,
					"retransmits":	0,
					"snd_cwnd":	8688,
					"snd_wnd":	288768,
					"rtt":	456,
					"rttvar":	43,
					"pmtu":	1500,
					"omitted":	false,
					"sender":	true
				}],
			"sum":	{
				"start":	0.800086,
				"end":	0.900107,
				"seconds":	0.10002099722623825,
				"bytes":	1972176,
				"bits_per_second":	157740958.77401584,
				"retransmits":	0,
				"omitted":	false,
				"sender":	true
			}
		}, {
			"streams":	[{
					"socket":	6,
					"start":	0.900107,
					"end":	1.000082,
					"seconds":	0.099974997341632843,
					"bytes":	2102496,
					"bits_per_second":	168241744.90871048,
					"retransmits":	0,
					"snd_cwnd":	7240,
					"snd_wnd":	288768,
					"rtt":	500,
					"rttvar":	56,
					"pmtu":	1500,
					"omitted":	false,
					"sender":	true
				}],
			"sum":	{
				"start":	0.900107,
				"end":	1.000082,
				"seconds":	0.099974997341632843,
				"bytes":	2102496,
				"bits_per_second":	168241744.90871048,
				"retransmits":	0,
				"omitted":	false,
				"sender":	true
			}
		}, {
			"streams":	[{
					"socket":	6,
					"start":	1.000082,
					"end":	1.006378,
					"seconds":	0.0062959999777376652,
					"bytes":	91360,
					"bits_per_second":	116086404.4765493,
					"retransmits":	0,
					"snd_cwnd":	17376,
					"snd_wnd":	286720,
					"rtt":	273,
					"rttvar":	143,
					"pmtu":	1500,
					"omitted":	false,
					"sender":	true
				}],
			"sum":	{
				"start":	1.000082,
				"end":	1.006378,
				"seconds":	0.0062959999777376652,
				"bytes":	91360,
				"bits_per_second":	116086404.4765493,
				"retransmits":	0,
				"omitted":	false,
				"sender":	true
			}
		}],
	"end":	{
		"streams":	[{
				"sender":	{
					"socket":	6,
					"start":	0,
					"end":	1.006378,
					"seconds":	1.006378,
					"bytes":	20971520,
					"bits_per_second":	166708890.69514635,
					"retransmits":	0,
					"max_snd_cwnd":	17376,
					"max_snd_wnd":	289280,
					"max_rtt":	551,
					"min_rtt":	273,
					"mean_rtt":	452,
					"sender":	true
				},
				"receiver":	{
					"socket":	6,
					"start":	0,
					"end":	1.008727,
					"seconds":	1.006378,
					"bytes":	20925048,
					"bits_per_second":	165952119.85006845,
					"sender":	true
				}
			}],
		"sum_sent":	{
			"start":	0,