{
	"start":	{
		"connected":	[{
				"socket":	6,
				"local_host":	"10.0.0.4",
				"local_port":	57420,
				"remote_host":	"10.0.0.1",
				"remote_port":	5003
			}],
		"version":	"iperf 3.12",
		"system_info":	"Linux cs244c-vm 6.1.0-43-cloud-amd64 #1 SMP PREEMPT_DYNAMIC Debian 6.1.162-1 (2026-02-08) x86_64",
		"timestamp":	{
			"time":	"Mon, 09 Mar 2026 00:06:43 GMT",
			"timesecs":	1773014803
		},
		"connecting_to":	{
			"host":	"10.0.0.1",
			"port":	5003
		},
		"cookie":	"l3hirpnpfh5eixwlqoszvwjs6owtfk2akepg",
		"tcp_mss_default":	1448,
		"target_bitrate":	0,
		"sock_bufsize":	0,
		"sndbuf_actual":	87380,
		"rcvbuf_actual":	87380,
		"test_start":	{
			"protocol":	"TCP",
			"num_streams":	1,
			"blksize":	131072,
			"omit":	0,
			"duration":	0,
			"bytes":	20971520,
			"blocks":	0,
			"reverse":	0,
			"tos":	0,
			"target_bitrate":	0
		}
	},
	"intervals":	[{
			"streams":	[{
					"socket":	6,
					"start":	0,
					"end":	0.100078,
					"seconds":	0.10007800161838531,
					"bytes":	1653616,
					"bits_per_second":	132186172.64605448,
					"retransmits":	0,
					"snd_cwnd":	11584,
					"snd_wnd":	175104,
					"rtt":	434,
					"rttvar":	28,
					"pmtu":	1500,
					"omitted":	false,
					"sender":	true
				}],
			"sum":	{
				"start":	0,
				"end":	0.100078,
				"seconds":	0.10007800161838531,
				"bytes":	1653616,
				"bits_per_second":	132186172.64605448,
				"retransmits":	0,
				"omitted":	false,
				"sender":	true
			}
		}, {
			"streams":	[{
					"socket":	6,
					"start":	0.100078,
					"end":	0.200064,
					"seconds":	0.0999860018491745,
					"bytes":	1904120,
					"bits_per_second":	152350926.31244928,
					"retransmits":	0,
					"snd_cwnd":	7240,
					"snd_wnd":	184320,
					"rtt":	537,
					"rttvar":	94,
					"pmtu":	1500,
					"omitted":	false,
					"sender":	true
				}],
			"sum":	{
				"start":	0.100078,
				"end":	0.200064,
				"seconds":	0.0999860018491745,
				"bytes":	1904120,
				"bits_per_second":	152350926.31244928,
				"retransmits":	0,
				"omitted":	false,
				"sender":	true
			}
		}, {
			"streams":	[{
					"socket":	6,
					"start":	0.200064,
					"end":	0.300079,
					"seconds":	0.10001499950885773,
					"bytes":	7602000,
					"bits_per_second":	608068792.66758275,
					"retransmits":	0,
					"snd_cwnd":	47784,
					"snd_wnd":	341504,
					"rtt":	492,
					"rttvar":	38,
					"pmtu":	1500,
					"omitted":	false,
					"sender":	true
				}],
			"sum":	{
				"start":	0.200064,
				"end":	0.300079,
				"seconds":	0.10001499950885773,
				"bytes":	7602000,
				"bits_per_second":	608068792.66758275,
				"retransmits":	0,
				"omitted":	false,
				"sender":	true
			}
		}, {
			"streams":	[{
					"socket":	6,
					"start":	0.300079,
					"end":	0.40012,
					"seconds":	0.100041002035141,
					"bytes":	8779224,
					"bits_per_second":	702050065.18556523,
					"retransmits":	0,
					"snd_cwnd":	37648,
					"snd_wnd":	342016,
					"rtt":	442,
					"rttvar":	52,
					"pmtu":	1500,
					"omitted":	false,
					"sender":	true
				}],
			"sum":	{
				"start":	0.300079,
				"end":	0.40012,
				"seconds":	0.100041002035141,
				"bytes":	8779224,
				"bits_per_second":	702050065.18556523,
				"retransmits":	0,
				"omitted":	false,
				"sender":	true
			}
		}, {
			"streams":	[{
					"socket":	6,
					"start":	0.40012,
					"end":	0.412196,
					"seconds":	0.01207599975168705,
					"bytes":	1032560,
					"bits_per_second":	684041087.26865351,
					"retransmits":	0,
					"snd_cwnd":	43440,
					"snd_wnd":	342016,
					"rtt":	493,
					"rttvar":	55,
					"pmtu":	1500,
					"omitted":	false,
					"sender":	true
				}],
			"sum":	{
				"start":	0.40012,
				"end":	0.412196,
				"seconds":	0.01207599975168705,
				"bytes":	1032560,
				"bits_per_second":	684041087.26865351,
				"retransmits":	0,
				"omitted":	false,
				"sender":	true
			}
		}],
	"end":	{
		"streams":	[{
				"sender":	{
					"socket":	6,
					"start":	0,
					"end":	0.412196,
					"seconds":	0.412196,
					"bytes":	20971520,
					"bits_per_second":	407020349.54245067,
					"retransmits":	0,
					"max_snd_cwnd":	47784,
					"max_snd_wnd":	342016,
					"max_rtt":	537,
					"min_rtt":	434,
					"mean_rtt":	479,
					"sender":	true
				},
				"receiver":	{
					"socket":	6,
					"start":	0,
					"end":	0.412954,
					"seconds":	0.412196,
					"bytes":	20917808,
					"bits_per_second":	405232699.04153973,
					"sender":	true
				}
			}],
		"sum_sent":	{
			"start":	0,
			"end":	0.412196,
			"seconds":	0.412196,
			"bytes":	20971520,
			"bits_per_second":	407020349.54245067,
			"retransmits":	0,
			"sender":	true
		},
		"sum_received":	{
			"start":	0,
			"end":	0.412954,
			"seconds":	0.412954,
			"bytes":	20917808,
			"bits_per_second":	405232699.04153973,
			"sender":	true
		},
		"cpu_utilization_percent":	{
			"host_total":	5.42905007135323,
			"host_user":	0,
			"host_system":	5.42905007135323,
			"remote_total":	12.657933606140585,
			"remote_user":	0.80752560594687517,
			"remote_system":	11.850408000193708
		},
		"sender_tcp_congestion":	"dctcp",
		"receiver_tcp_congestion":	"dctcp"
	}
}
