{
	"start":	{
		"connected":	[{
				"socket":	6,
				"local_host":	"10.0.0.3",
				"local_port":	57102,
				"remote_host":	"10.0.0.1",
				"remote_port":	5002
			}],
		"version":	"iperf 3.12",
		"system_info":	"Linux cs244c-vm 6.1.0-43-cloud-amd64 #1 SMP PREEMPT_DYNAMIC Debian 6.1.162-1 (2026-02-08) x86_64",
		"timestamp":	{
			"time":	"Wed, 11 Mar 2026 04:43:37 GMT",
			"timesecs":	1773204217
		},
		"connecting_to":	{
			"host":	"10.0.0.1",
			"port":	5002
		},
		"cookie":	"fdji6fqww2567spcbitoues4ugehwhyq22vd",
		"tcp_mss_default":	1448,
		"target_bitrate":	0,
		"sock_bufsize":	0,
		"sndbuf_actual":	87380,
		"rcvbuf_actual":	87380,
		"test_start":	{
			"protocol":	"TCP",
			"num_streams":	1,
			"blksize":	131072,
			"omit":	0,
			"duration":	0,
			"bytes":	20971520,
			"blocks":	0,
			"reverse":	0,
			"tos":	0,
			"target_bitrate":	0
		}
	},
	"intervals":	[{
			"streams":	[{
					"socket":	6,
					"start":	0,
					"end":	0.100121,
					"seconds":	0.10012099891901016,
					"bytes":	1456688,
					"bits_per_second":	116394204.27104156,
					"retransmits":	5,
					"snd_cwnd":	2896,
					"snd_wnd":	937984,
					"rtt":	2162,
					"rttvar":	254,
					"pmtu":	1500,
					"omitted":	false,
					"sender":	true
				}],
			"sum":	{
				"start":	0,
				"end":	0.100121,
				"seconds":	0.10012099891901016,
				"bytes":	1456688,
				"bits_per_second":	116394204.27104156,
				"retransmits":	5,
				"omitted":	false,
				"sender":	true
			}
		}, {
			"streams":	[{
					"socket":	6,
					"start":	0.100121,
					"end":	0.20015,
					"seconds":	0.10002899914979935,
					"bytes":	781920,
					"bits_per_second":	62535465.246755376,
					"retransmits":	2,
					"snd_cwnd":	43440,
					"snd_wnd":	940544,
					"rtt":	1469,
					"rttvar":	367,
					"pmtu":	1500,
					"omitted":	false,
					"sender":	true
				}],
			"sum":	{
				"start":	0.100121,
				"end":	0.20015,
				"seconds":	0.10002899914979935,
				"bytes":	781920,
				"bits_per_second":	62535465.246755376,
				"retransmits":	2,
				"omitted":	false,
				"sender":	true
			}
		}, {
			"streams":	[{
					"socket":	6,
					"start":	0.20015,
					"end":	0.30017,
					"seconds":	0.10001999884843826,
					"bytes":	3258000,
					"bits_per_second":	260587885.42374563,
					"retransmits":	24,
					"snd_cwnd":	47784,
					"snd_wnd":	940544,
					"rtt":	2009,
					"rttvar":	309,
					"pmtu":	1500,
					"omitted":	false,
					"sender":	true
				}],
			"sum":	{
				"start":	0.20015,
				"end":	0.30017,
				"seconds":	0.10001999884843826,
				"bytes":	3258000,
				"bits_per_second":	260587885.42374563,
				"retransmits":	24,
				"omitted":	false,
				"sender":	true
			}
		}, {
			"streams":	[{
					"socket":	6,
					"start":	0.30017,
					"end":	0.400099,
					"seconds":	0.099928997457027435,
					"bytes":	2345760,
					"bits_per_second":	187794138.61396936,
					"retransmits":	8,
					"snd_cwnd":	37648,
					"snd_wnd":	940544,
					"rtt":	1760,
					"rttvar":	332,
					"pmtu":	1500,
					"omitted":	false,
					"sender":	true
				}],
			"sum":	{
				"start":	0.30017,
				"end":	0.400099,
				"seconds":	0.099928997457027435,
				"bytes":	2345760,
				"bits_per_second":	187794138.61396936,
				"retransmits":	8,
				"omitted":	false,
				"sender":	true
			}
		}, {
			"streams":	[{
					"socket":	6,
					"start":	0.400099,
					"end":	0.500127,
					"seconds":	0.10002800077199936,
					"bytes":	2997360,
					"bits_per_second":	239721676.08004779,
					"retransmits":	0,
					"snd_cwnd":	44888,
					"snd_wnd":	929792,
					"rtt":	1875,
					"rttvar":	207,
					"pmtu":	1500,
					"omitted":	false,
					"sender":	true
				}],
			"sum":	{
				"start":	0.400099,
				"end":	0.500127,
				"seconds":	0.10002800077199936,
				"bytes":	2997360,
				"bits_per_second":	239721676.08004779,
				"retransmits":	0,
				"omitted":	false,
				"sender":	true
			}
		}, {
			"streams":	[{
					"socket":	6,
					"start":	0.500127,
					"end":	0.600065,
					"seconds":	0.0999379977583885,
					"bytes":	2345760,
					"bits_per_second":	187777226.08941129,
					"retransmits":	0,
					"snd_cwnd":	33304,
					"snd_wnd":	938496,
					"rtt":	1881,
					"rttvar":	187,
					"pmtu":	1500,
					"omitted":	false,
					"sender":	true
				}],
			"sum":	{
				"start":	0.500127,
				"end":	0.600065,
				"seconds":	0.0999379977583885,
				"bytes":	2345760,
				"bits_per_second":	187777226.08941129,
				"retransmits":	0,
				"omitted":	false,
				"sender":	true
			}
		}, {
			"streams":	[{
					"socket":	6,
					"start":	0.600065,
					"end":	0.700091,
					"seconds":	0.10002599656581879,
					"bytes":	1824480,
					"bits_per_second":	145920465.69009379,
					"retransmits":	0,
					"snd_cwnd":	37648,
					"snd_wnd":	938496,
					"rtt":	1258,
					"rttvar":	189,
					"pmtu":	1500,
					"omitted":	false,
					"sender":	true
				}],
			"sum":	{
				"start":	0.600065,
				"end":	0.700091,
				"seconds":	0.10002599656581879,
				"bytes":	1824480,
				"bits_per_second":	145920465.69009379,
				"retransmits":	0,
				"omitted":	false,
				"sender":	true
			}
		}, {
			"streams":	[{
					"socket":	6,
					"start":	0.700091,
					"end":	0.800093,
					"seconds":	0.10000199824571609,
					"bytes":	3323160,
					"bits_per_second":	265847487.71396542,
					"retransmits":	0,
					"snd_cwnd":	46336,
					"snd_wnd":	940544,
					"rtt":	1691,
					"rttvar":	309,
					"pmtu":	1500,
					"omitted":	false,
					"sender":	true
				}],
			"sum":	{
				"start":	0.700091,
				"end":	0.800093,
				"seconds":	0.10000199824571609,
				"bytes":	3323160,
				"bits_per_second":	265847487.71396542,
				"retransmits":	0,
				"omitted":	false,
				"sender":	true
			}
		}, {
			"streams":	[{
					"socket":	6,
					"start":	0.800093,
					"end":	0.900119,
					"seconds":	0.10002599656581879,
					"bytes":	2410920,
					"bits_per_second":	192823472.51905251,
					"retransmits":	0,
					"snd_cwnd":	41992,
					"snd_wnd":	940544,
					"rtt":	1755,
					"rttvar":	184,
					"pmtu":	1500,
					"omitted":	false,
					"sender":	true
				}],
			"sum":	{
				"start":	0.800093,
				"end":	0.900119,
				"seconds":	0.10002599656581879,
				"bytes":	2410920,
				"bits_per_second":	192823472.51905251,
				"retransmits":	0,
				"omitted":	false,
				"sender":	true
			}
		}, {
			"streams":	[{
					"socket":	6,
					"start":	0.900119,
					"end":	0.910149,
					"seconds":	0.010029999539256096,
					"bytes":	227472,
					"bits_per_second":	181433308.4341267,
					"retransmits":	0,
					"snd_cwnd":	34752,
					"snd_wnd":	931840,
					"rtt":	2071,
					"rttvar":	138,
					"pmtu":	1500,
					"omitted":	false,
					"sender":	true
				}],
			"sum":	{
				"start":	0.900119,
				"end":	0.910149,
				"seconds":	0.010029999539256096,
				"bytes":	227472,
				"bits_per_second":	181433308.4341267,
				"retransmits":	0,
				"omitted":	false,
				"sender":	true
			}
		}],
	"end":	{
		"streams":	[{
				"sender":	{
					"socket":	6,
					"start":	0,
					"end":	0.910149,
					"seconds":	0.910149,
					"bytes":	20971520,
					"bits_per_second":	184334828.69288436,
					"retransmits":	39,
					"max_snd_cwnd":	47784,
					"max_snd_wnd":	940544,
					"max_rtt":	2162,
					"min_rtt":	1258,
					"mean_rtt":	1793,
					"sender":	true
				},
				"receiver":	{
					"socket":	6,
					"start":	0,
					"end":	0.911815,
					"seconds":	0.910149,
					"bytes":	20322680,
					"bits_per_second":	178305292.19194683,
					"sender":	true
				}
			}],
		"sum_sent":	{
			"start":	0,
			"end":	0.910149,
			"seconds":	0.910149,
			"bytes":	20971520,
			"bits_per_second":	184334828.69288436,
			"retransmits":	39,
			"sender":	true
		},
		"sum_received":	{
			"start":	0,
			"end":	0.911815,
			"seconds":	0.911815,
			"bytes":	20322680,
			"bits_per_second":	178305292.19194683,
			"sender":	true
		},
		"cpu_utilization_percent":	{
			"host_total":	1.9585144610800229,
			"host_user":	0,
			"host_system":	1.9585144610800229,
			"remote_total":	5.7262330894351736,
			"remote_user":	1.9385736344335072,
			"remote_system":	3.7877691214402271
		},