{
	"start":	{
		"connected":	[{
				"socket":	6,
				"local_host":	"10.0.0.6",
				"local_port":	46148,
				"remote_host":	"10.0.0.1",
				"remote_port":	5005
			}],
		"version":	"iperf 3.12",
		"system_info":	"Linux cs244c-vm 6.1.0-43-cloud-amd64 #1 SMP PREEMPT_DYNAMIC Debian 6.1.162-1 (2026-02-08) x86_64",
		"timestamp":	{
			"time":	"Mon, 09 Mar 2026 01:23:27 GMT",
			"timesecs":	1773019407
		},
		"connecting_to":	{
			"host":	"10.0.0.1",
			"port":	5005
		},
		"cookie":	"rv6yulkwocyfadbmc747tarkrxtuzadez255",
		"tcp_mss_default":	1448,
		"target_bitrate":	0,
		"sock_bufsize":	0,
		"sndbuf_actual":	87380,
		"rcvbuf_actual":	87380,
		"test_start":	{
			"protocol":	"TCP",
			"num_streams":	1,
			"blksize":	131072,
			"omit":	0,
			"duration":	0,
			"bytes":	20971520,
			"blocks":	0,
			"reverse":	0,
			"tos":	0,
			"target_bitrate":	0
		}
	},
	"intervals":	[{
			"streams":	[{
					"socket":	6,
					"start":	0,
					"end":	0.100116,
					"seconds":	0.10011599957942963,
					"bytes":	1556600,
					"bits_per_second":	124383715.4132417,
					"retransmits":	2,
					"snd_cwnd":	15928,
					"snd_wnd":	120320,
					"rtt":	500,
					"rttvar":	55,
					"pmtu":	1500,
					"omitted":	false,
					"sender":	true
				}],
			"sum":	{
				"start":	0,
				"end":	0.100116,
				"seconds":	0.10011599957942963,
				"bytes":	1556600,
				"bits_per_second":	124383715.4132417,
				"retransmits":	2,
				"omitted":	false,
				"sender":	true
			}
		}, {
			"streams":	[{
					"socket":	6,
					"start":	0.100116,
					"end":	0.200222,
					"seconds":	0.10010600090026855,
					"bytes":	2053264,
					"bits_per_second":	164087186.10550281,
					"retransmits":	0,
					"snd_cwnd":	10136,
					"snd_wnd":	134144,
					"rtt":	530,
					"rttvar":	68,
					"pmtu":	1500,
					"omitted":	false,
					"sender":	true
				}],
			"sum":	{
				"start":	0.100116,
				"end":	0.200222,
				"seconds":	0.10010600090026855,
				"bytes":	2053264,
				"bits_per_second":	164087186.10550281,
				"retransmits":	0,
				"omitted":	false,
				"sender":	true
			}
		}, {
			"streams":	[{
					"socket":	6,
					"start":	0.200222,
					"end":	0.300077,
					"seconds":	0.0998549982905388,
					"bytes":	2457256,
					"bits_per_second":	196865938.97686332,
					"retransmits":	0,
					"snd_cwnd":	14480,
					"snd_wnd":	152064,
					"rtt":	423,
					"rttvar":	28,
					"pmtu":	1500,
					"omitted":	false,
					"sender":	true
				}],
			"sum":	{
				"start":	0.200222,
				"end":	0.300077,
				"seconds":	0.0998549982905388,
				"bytes":	2457256,
				"bits_per_second":	196865938.97686332,
				"retransmits":	0,
				"omitted":	false,
				"sender":	true
			}
		}, {
			"streams":	[{
					"socket":	6,
					"start":	0.300077,
					"end":	0.400101,
					"seconds":	0.10002399981021881,
					"bytes":	2053264,
					"bits_per_second":	164221707.10195744,
					"retransmits":	0,
					"snd_cwnd":	7240,
					"snd_wnd":	154624,
					"rtt":	472,
					"rttvar":	41,
					"pmtu":	1500,
					"omitted":	false,
					"sender":	true
				}],
			"sum":	{
				"start":	0.300077,
				"end":	0.400101,
				"seconds":	0.10002399981021881,
				"bytes":	2053264,
				"bits_per_second":	164221707.10195744,
				"retransmits":	0,
				"omitted":	false,
				"sender":	true
			}
		}, {
			"streams":	[{
					"socket":	6,
					"start":	0.400101,
					"end":	0.500083,
					"seconds":	0.099982000887393951,
					"bytes":	2089464,
					"bits_per_second":	167187212.21458942,
					"retransmits":	0,
					"snd_cwnd":	17376,
					"snd_wnd":	151552,
					"rtt":	429,
					"rttvar":	35,
					"pmtu":	1500,
					"omitted":	false,
					"sender":	true
				}],
			"sum":	{
				"start":	0.400101,
				"end":	0.500083,
				"seconds":	0.099982000887393951,
				"bytes":	2089464,
				"bits_per_second":	167187212.21458942,
				"retransmits":	0,
				"omitted":	false,
				"sender":	true
			}
		}, {
			"streams":	[{
					"socket":	6,
					"start":	0.500083,
					"end":	0.600124,
					"seconds":	0.100041002035141,
					"bytes":	2667216,
					"bits_per_second":	213289826.83025089,
					"retransmits":	0,
					"snd_cwnd":	14480,
					"snd_wnd":	287744,
					"rtt":	476,
					"rttvar":	47,
					"pmtu":	1500,
					"omitted":	false,
					"sender":	true
				}],
			"sum":	{
				"start":	0.500083,
				"end":	0.600124,
				"seconds":	0.100041002035141,
				"bytes":	2667216,
				"bits_per_second":	213289826.83025089,
				"retransmits":	0,
				"omitted":	false,
				"sender":	true
			}
		}, {
			"streams":	[{
					"socket":	6,
					"start":	0.600124,
					"end":	0.700086,
					"seconds":	0.0999620035290718,
					"bytes":	3116096,
					"bits_per_second":	249382436.52499422,
					"retransmits":	0,
					"snd_cwnd":	20272,
					"snd_wnd":	284160,
					"rtt":	462,
					"rttvar":	38,
					"pmtu":	1500,
					"omitted":	false,
					"sender":	true
				}],
			"sum":	{
				"start":	0.600124,
				"end":	0.700086,
				"seconds":	0.0999620035290718,
				"bytes":	3116096,
				"bits_per_second":	249382436.52499422,
				"retransmits":	0,
				"omitted":	false,
				"sender":	true
			}
		}, {
			"streams":	[{
					"socket":	6,
					"start":	0.700086,
					"end":	0.77185,
					"seconds":	0.0717639997601509,
					"bytes":	4978360,
					"bits_per_second":	554970181.889375,
					"retransmits":	0,
					"snd_cwnd":	44888,
					"snd_wnd":	352256,
					"rtt":	457,
					"rttvar":	87,
					"pmtu":	1500,
					"omitted":	false,
					"sender":	true
				}],
			"sum":	{
				"start":	0.700086,
				"end":	0.77185,
				"seconds":	0.0717639997601509,
				"bytes":	4978360,
				"bits_per_second":	554970181.889375,
				"retransmits":	0,
				"omitted":	false,
				"sender":	true
			}
		}],
	"end":	{
		"streams":	[{
				"sender":	{
					"socket":	6,
					"start":	0,
					"end":	0.77185,
					"seconds":	0.77185,
					"bytes":	20971520,
					"bits_per_second":	217363684.653754,
					"retransmits":	2,
					"max_snd_cwnd":	44888,
					"max_snd_wnd":	352256,
					"max_rtt":	530,
					"min_rtt":	423,
					"mean_rtt":	468,
					"sender":	true
				},
				"receiver":	{
					"socket":	6,
					"start":	0,
					"end":	0.772554,
					"seconds":	0.77185,
					"bytes":	20871472,
					"bits_per_second":	216129585.76358417,
					"sender":	true
				}
			}],
		"sum_sent":	{
			"start":	0,
			"end":	0.77185,
			"seconds":	0.77185,
			"bytes":	20971520,
			"bits_per_second":	217363684.653754,
			"retransmits":	2,
			"sender":	true
		},
		"sum_received":	{
			"start":	0,
			"end":	0.772554,
			"seconds":	0.772554,
			"bytes":	20871472,
			"bits_per_second":	216129585.76358417,
			"sender":	true
		},
		"cpu_utilization_percent":	{
			"host_total":	0.74863671508046525,
			"host_user":	0.38257711516614656,
			"host_system":	0.36600716335796368,
			"remote_total":	13.955782097198618,
			"remote_user":	1.3872943101259023,
			"remote_system":	12.568487787072716
		},
		"sender_tcp_congestion":	"dctcp",
		"receiver_tcp_congestion":	"dctcp"
	}
}
