{
	"start":	{
		"connected":	[{
				"socket":	6,
				"local_host":	"10.0.0.3",
				"local_port":	53112,
				"remote_host":	"10.0.0.1",
				"remote_port":	5002
			}],
		"version":	"iperf 3.12",
		"system_info":	"Linux cs244c-vm 6.1.0-43-cloud-amd64 #1 SMP PREEMPT_DYNAMIC Debian 6.1.162-1 (2026-02-08) x86_64",
		"timestamp":	{
			"time":	"Mon, 09 Mar 2026 01:23:24 GMT",
			"timesecs":	1773019404
		},
		"connecting_to":	{
			"host":	"10.0.0.1",
			"port":	5002
		},
		"cookie":	"nwwsyn4k7kqf4da7fjw7fnve3p3tyqc2fuvz",
		"tcp_mss_default":	1448,
		"target_bitrate":	0,
		"sock_bufsize":	0,
		"sndbuf_actual":	87380,
		"rcvbuf_actual":	87380,
		"test_start":	{
			"protocol":	"TCP",
			"num_streams":	1,
			"blksize":	131072,
			"omit":	0,
			"duration":	0,
			"bytes":	20971520,
			"blocks":	0,
			"reverse":	0,
			"tos":	0,
			"target_bitrate":	0
		}
	},
	"intervals":	[{
			"streams":	[{
					"socket":	6,
					"start":	0,
					"end":	0.100135,
					"seconds":	0.10013499855995178,
					"bytes":	2568752,
					"bits_per_second":	205223111.75444326,
					"retransmits":	1,
					"snd_cwnd":	11584,
					"snd_wnd":	239616,
					"rtt":	466,
					"rttvar":	53,
					"pmtu":	1500,
					"omitted":	false,
					"sender":	true
				}],
			"sum":	{
				"start":	0,
				"end":	0.100135,
				"seconds":	0.10013499855995178,
				"bytes":	2568752,
				"bits_per_second":	205223111.75444326,
				"retransmits":	1,
				"omitted":	false,
				"sender":	true
			}
		}, {
			"streams":	[{
					"socket":	6,
					"start":	0.100135,
					"end":	0.200111,
					"seconds":	0.099976003170013428,
					"bytes":	1469720,
					"bits_per_second":	117605821.66908024,
					"retransmits":	0,
					"snd_cwnd":	7240,
					"snd_wnd":	244224,
					"rtt":	528,
					"rttvar":	67,
					"pmtu":	1500,
					"omitted":	false,
					"sender":	true
				}],
			"sum":	{
				"start":	0.100135,
				"end":	0.200111,
				"seconds":	0.099976003170013428,
				"bytes":	1469720,
				"bits_per_second":	117605821.66908024,
				"retransmits":	0,
				"omitted":	false,
				"sender":	true
			}
		}, {
			"streams":	[{
					"socket":	6,
					"start":	0.200111,
					"end":	0.300095,
					"seconds":	0.099983997642993927,
					"bytes":	5586384,
					"bits_per_second":	446982247.69503,
					"retransmits":	0,
					"snd_cwnd":	49232,
					"snd_wnd":	362496,
					"rtt":	454,
					"rttvar":	47,
					"pmtu":	1500,
					"omitted":	false,
					"sender":	true
				}],
			"sum":	{
				"start":	0.200111,
				"end":	0.300095,
				"seconds":	0.099983997642993927,
				"bytes":	5586384,
				"bits_per_second":	446982247.69503,
				"retransmits":	0,
				"omitted":	false,
				"sender":	true
			}
		}, {
			"streams":	[{
					"socket":	6,
					"start":	0.300095,
					"end":	0.400008,
					"seconds":	0.09991300106048584,
					"bytes":	8990632,
					"bits_per_second":	719876845.2211504,
					"retransmits":	0,
					"snd_cwnd":	39096,
					"snd_wnd":	351744,
					"rtt":	502,
					"rttvar":	46,
					"pmtu":	1500,
					"omitted":	false,
					"sender":	true
				}],
			"sum":	{
				"start":	0.300095,
				"end":	0.400008,
				"seconds":	0.09991300106048584,
				"bytes":	8990632,
				"bits_per_second":	719876845.2211504,
				"retransmits":	0,
				"omitted":	false,
				"sender":	true
			}
		}, {
			"streams":	[{
					"socket":	6,
					"start":	0.400008,
					"end":	0.425793,
					"seconds":	0.025784999132156372,
					"bytes":	2356032,
					"bits_per_second":	730977569.68680346,
					"retransmits":	0,
					"snd_cwnd":	36200,
					"snd_wnd":	362496,
					"rtt":	406,
					"rttvar":	29,
					"pmtu":	1500,
					"omitted":	false,
					"sender":	true
				}],
			"sum":	{
				"start":	0.400008,
				"end":	0.425793,
				"seconds":	0.025784999132156372,
				"bytes":	2356032,
				"bits_per_second":	730977569.68680346,
				"retransmits":	0,
				"omitted":	false,
				"sender":	true
			}
		}],
	"end":	{
		"streams":	[{
				"sender":	{
					"socket":	6,
					"start":	0,
					"end":	0.425793,
					"seconds":	0.425793,
					"bytes":	20971520,
					"bits_per_second":	394022823.29676628,
					"retransmits":	1,
					"max_snd_cwnd":	49232,
					"max_snd_wnd":	362496,
					"max_rtt":	528,
					"min_rtt":	406,
					"mean_rtt":	471,
					"sender":	true
				},
				"receiver":	{
					"socket":	6,
					"start":	0,
					"end":	0.426555,
					"seconds":	0.425793,
					"bytes":	20806312,
					"bits_per_second":	390220478.01573068,
					"sender":	true
				}
			}],
		"sum_sent":	{
			"start":	0,
			"end":	0.425793,
			"seconds":	0.425793,
			"bytes":	20971520,
			"bits_per_second":	394022823.29676628,
			"retransmits":	1,
			"sender":	true
		},
		"sum_received":	{
			"start":	0,
			"end":	0.426555,
			"seconds":	0.426555,
			"bytes":	20806312,
			"bits_per_second":	390220478.01573068,
			"sender":	true
		},
		"cpu_utilization_percent":	{
			"host_total":	1.6460798085998378,
			"host_user":	0.32053216708005,
			"host_system":	1.3254790491450645,
			"remote_total":	15.203555630568857,
			"remote_user":	1.0333082507600959,
			"remote_system":	14.170247379808762
		},
		"sender_tcp_congestion":	"dctcp",
		"receiver_tcp_congestion":	"dctcp"
	}
}
