{
	"start":	{
		"connected":	[{
				"socket":	6,
				"local_host":	"10.0.0.5",
				"local_port":	33446,
				"remote_host":	"10.0.0.1",
				"remote_port":	5004
			}],
		"version":	"iperf 3.12",
		"system_info":	"Linux cs244c-vm 6.1.0-43-cloud-amd64 #1 SMP PREEMPT_DYNAMIC Debian 6.1.162-1 (2026-02-08) x86_64",
		"timestamp":	{
			"time":	"Wed, 11 Mar 2026 04:42:22 GMT",
			"timesecs":	1773204142
		},
		"connecting_to":	{
			"host":	"10.0.0.1",
			"port":	5004
		},
		"cookie":	"oqcm47c6nsghni2g76ddrqyxz7ux4bgflzs5",
		"tcp_mss_default":	1448,
		"target_bitrate":	0,
		"sock_bufsize":	0,
		"sndbuf_actual":	87380,
		"rcvbuf_actual":	87380,
		"test_start":	{
			"protocol":	"TCP",
			"num_streams":	1,
			"blksize":	131072,
			"omit":	0,
			"duration":	0,
			"bytes":	20971520,
			"blocks":	0,
			"reverse":	0,
			"tos":	0,
			"target_bitrate":	0
		}
	},
	"intervals":	[{
			"streams":	[{
					"socket":	6,
					"start":	0,
					"end":	0.100135,
					"seconds":	0.10013499855995178,
					"bytes":	3011840,
					"bits_per_second":	240622363.27465728,
					"retransmits":	4,
					"snd_cwnd":	60816,
					"snd_wnd":	753664,
					"rtt":	1405,
					"rttvar":	103,
					"pmtu":	1500,
					"omitted":	false,
					"sender":	true
				}],
			"sum":	{
				"start":	0,
				"end":	0.100135,
				"seconds":	0.10013499855995178,
				"bytes":	3011840,
				"bits_per_second":	240622363.27465728,
				"retransmits":	4,
				"omitted":	false,
				"sender":	true
			}
		}, {
			"streams":	[{
					"socket":	6,
					"start":	0.100135,
					"end":	0.200117,
					"seconds":	0.099982000887393951,
					"bytes":	4888448,
					"bits_per_second":	391146242.85270536,
					"retransmits":	0,
					"snd_cwnd":	94120,
					"snd_wnd":	753664,
					"rtt":	1395,
					"rttvar":	124,
					"pmtu":	1500,
					"omitted":	false,
					"sender":	true
				}],
			"sum":	{
				"start":	0.100135,
				"end":	0.200117,
				"seconds":	0.099982000887393951,
				"bytes":	4888448,
				"bits_per_second":	391146242.85270536,
				"retransmits":	0,
				"omitted":	false,
				"sender":	true
			}
		}, {
			"streams":	[{
					"socket":	6,
					"start":	0.200117,
					"end":	0.300113,
					"seconds":	0.099996000528335571,
					"bytes":	6190200,
					"bits_per_second":	495235806.81576568,
					"retransmits":	16,
					"snd_cwnd":	66608,
					"snd_wnd":	753664,
					"rtt":	1499,
					"rttvar":	221,
					"pmtu":	1500,
					"omitted":	false,
					"sender":	true
				}],
			"sum":	{
				"start":	0.200117,
				"end":	0.300113,
				"seconds":	0.099996000528335571,
				"bytes":	6190200,
				"bits_per_second":	495235806.81576568,
				"retransmits":	16,
				"omitted":	false,
				"sender":	true
			}
		}, {
			"streams":	[{
					"socket":	6,
					"start":	0.300113,
					"end":	0.400114,
					"seconds":	0.10000099986791611,
					"bytes":	4952160,
					"bits_per_second":	396168838.83488685,
					"retransmits":	0,
					"snd_cwnd":	76744,
					"snd_wnd":	753664,
					"rtt":	1378,
					"rttvar":	237,
					"pmtu":	1500,
					"omitted":	false,
					"sender":	true
				}],
			"sum":	{
				"start":	0.300113,
				"end":	0.400114,
				"seconds":	0.10000099986791611,
				"bytes":	4952160,
				"bits_per_second":	396168838.83488685,
				"retransmits":	0,
				"omitted":	false,
				"sender":	true
			}
		}, {
			"streams":	[{
					"socket":	6,
					"start":	0.400114,
					"end":	0.438633,
					"seconds":	0.0385189987719059,
					"bytes":	1928872,
					"bits_per_second":	400606882.10968482,
					"retransmits":	0,
					"snd_cwnd":	73848,
					"snd_wnd":	735744,
					"rtt":	1494,
					"rttvar":	306,
					"pmtu":	1500,
					"omitted":	false,
					"sender":	true
				}],
			"sum":	{
				"start":	0.400114,
				"end":	0.438633,
				"seconds":	0.0385189987719059,
				"bytes":	1928872,
				"bits_per_second":	400606882.10968482,
				"retransmits":	0,
				"omitted":	false,
				"sender":	true
			}
		}],
	"end":	{
		"streams":	[{
				"sender":	{
					"socket":	6,
					"start":	0,
					"end":	0.438633,
					"seconds":	0.438633,
					"bytes":	20971520,
					"bits_per_second":	382488686.44174057,
					"retransmits":	20,
					"max_snd_cwnd":	94120,
					"max_snd_wnd":	753664,
					"max_rtt":	1499,
					"min_rtt":	1378,
					"mean_rtt":	1434,
					"sender":	true
				},
				"receiver":	{
					"socket":	6,
					"start":	0,
					"end":	0.440197,
					"seconds":	0.438633,
					"bytes":	20736808,
					"bits_per_second":	376864140.37351459,
					"sender":	true
				}
			}],
		"sum_sent":	{
			"start":	0,
			"end":	0.438633,
			"seconds":	0.438633,
			"bytes":	20971520,
			"bits_per_second":	382488686.44174057,
			"retransmits":	20,
			"sender":	true
		},
		"sum_received":	{
			"start":	0,
			"end":	0.440197,
			"seconds":	0.440197,
			"bytes":	20736808,
			"bits_per_second":	376864140.37351459,
			"sender":	true
		},
		"cpu_utilization_percent":	{
			"host_total":	4.3708110181093334,
			"host_user":	0.85396144464412327,
			"host_system":	3.5166266070305778,
			"remote_total":	7.18493093116287,
			"remote_user":	0.7423678991760807,
			"remote_system":	6.4423358692269419
		},
		"sender_tcp_congestion":	"dctcp",
		"receiver_tcp_congestion":	"dctcp"
	}
}
