{
	"start":	{
		"connected":	[{
				"socket":	6,
				"local_host":	"10.0.0.3",
				"local_port":	50978,
				"remote_host":	"10.0.0.1",
				"remote_port":	5002
			}],
		"version":	"iperf 3.12",
		"system_info":	"Linux cs244c-vm 6.1.0-43-cloud-amd64 #1 SMP PREEMPT_DYNAMIC Debian 6.1.162-1 (2026-02-08) x86_64",
		"timestamp":	{
			"time":	"Wed, 11 Mar 2026 04:42:19 GMT",
			"timesecs":	1773204139
		},
		"connecting_to":	{
			"host":	"10.0.0.1",
			"port":	5002
		},
		"cookie":	"s2mz2a7r6rpu3gpdv4mzpxzdmzjjguf5yn7j",
		"tcp_mss_default":	1448,
		"target_bitrate":	0,
		"sock_bufsize":	0,
		"sndbuf_actual":	87380,
		"rcvbuf_actual":	87380,
		"test_start":	{
			"protocol":	"TCP",
			"num_streams":	1,
			"blksize":	131072,
			"omit":	0,
			"duration":	0,
			"bytes":	20971520,
			"blocks":	0,
			"reverse":	0,
			"tos":	0,
			"target_bitrate":	0
		}
	},
	"intervals":	[{
			"streams":	[{
					"socket":	6,
					"start":	0,
					"end":	0.100081,
					"seconds":	0.10008099675178528,
					"bytes":	2484768,
					"bits_per_second":	198620563.79494849,
					"retransmits":	1,
					"snd_cwnd":	39096,
					"snd_wnd":	580096,
					"rtt":	1712,
					"rttvar":	544,
					"pmtu":	1500,
					"omitted":	false,
					"sender":	true
				}],
			"sum":	{
				"start":	0,
				"end":	0.100081,
				"seconds":	0.10008099675178528,
				"bytes":	2484768,
				"bits_per_second":	198620563.79494849,
				"retransmits":	1,
				"omitted":	false,
				"sender":	true
			}
		}, {
			"streams":	[{
					"socket":	6,
					"start":	0.100081,
					"end":	0.200114,
					"seconds":	0.1000330001115799,
					"bytes":	3779280,
					"bits_per_second":	302242659.58509487,
					"retransmits":	1,
					"snd_cwnd":	66608,
					"snd_wnd":	574976,
					"rtt":	1358,
					"rttvar":	255,
					"pmtu":	1500,
					"omitted":	false,
					"sender":	true
				}],
			"sum":	{
				"start":	0.100081,
				"end":	0.200114,
				"seconds":	0.1000330001115799,
				"bytes":	3779280,
				"bits_per_second":	302242659.58509487,
				"retransmits":	1,
				"omitted":	false,
				"sender":	true
			}
		}, {
			"streams":	[{
					"socket":	6,
					"start":	0.200114,
					"end":	0.300196,
					"seconds":	0.10008200258016586,
					"bytes":	5864400,
					"bits_per_second":	468767598.47426957,
					"retransmits":	0,
					"snd_cwnd":	89776,
					"snd_wnd":	591360,
					"rtt":	1537,
					"rttvar":	269,
					"pmtu":	1500,
					"omitted":	false,
					"sender":	true
				}],
			"sum":	{
				"start":	0.200114,
				"end":	0.300196,
				"seconds":	0.10008200258016586,
				"bytes":	5864400,
				"bits_per_second":	468767598.47426957,
				"retransmits":	0,
				"omitted":	false,
				"sender":	true
			}
		}, {
			"streams":	[{
					"socket":	6,
					"start":	0.300196,
					"end":	0.400128,
					"seconds":	0.099932000041008,
					"bytes":	5212800,
					"bits_per_second":	417307769.11186653,
					"retransmits":	0,
					"snd_cwnd":	89776,
					"snd_wnd":	568320,
					"rtt":	1536,
					"rttvar":	211,
					"pmtu":	1500,
					"omitted":	false,
					"sender":	true
				}],
			"sum":	{
				"start":	0.300196,
				"end":	0.400128,
				"seconds":	0.099932000041008,
				"bytes":	5212800,
				"bits_per_second":	417307769.11186653,
				"retransmits":	0,
				"omitted":	false,
				"sender":	true
			}
		}, {
			"streams":	[{
					"socket":	6,
					"start":	0.400128,
					"end":	0.500185,
					"seconds":	0.10005699843168259,
					"bytes":	3388320,
					"bits_per_second":	270911184.87336946,
					"retransmits":	32,
					"snd_cwnd":	53576,
					"snd_wnd":	589312,
					"rtt":	1397,
					"rttvar":	161,
					"pmtu":	1500,
					"omitted":	false,
					"sender":	true
				}],
			"sum":	{
				"start":	0.400128,
				"end":	0.500185,
				"seconds":	0.10005699843168259,
				"bytes":	3388320,
				"bits_per_second":	270911184.87336946,
				"retransmits":	32,
				"omitted":	false,
				"sender":	true
			}
		}, {
			"streams":	[{
					"socket":	6,
					"start":	0.500185,
					"end":	0.507391,
					"seconds":	0.0072059999220073223,
					"bytes":	241952,
					"bits_per_second":	268611715.3691017,
					"retransmits":	0,
					"snd_cwnd":	59368,
					"snd_wnd":	591360,
					"rtt":	1424,
					"rttvar":	138,
					"pmtu":	1500,
					"omitted":	false,
					"sender":	true
				}],
			"sum":	{
				"start":	0.500185,
				"end":	0.507391,
				"seconds":	0.0072059999220073223,
				"bytes":	241952,
				"bits_per_second":	268611715.3691017,
				"retransmits":	0,
				"omitted":	false,
				"sender":	true
			}
		}],
	"end":	{
		"streams":	[{
				"sender":	{
					"socket":	6,
					"start":	0,
					"end":	0.507391,
					"seconds":	0.507391,
					"bytes":	20971520,
					"bits_per_second":	330656554.80684519,
					"retransmits":	34,
					"max_snd_cwnd":	89776,
					"max_snd_wnd":	591360,
					"max_rtt":	1712,
					"min_rtt":	1358,
					"mean_rtt":	1494,
					"sender":	true
				},
				"receiver":	{
					"socket":	6,
					"start":	0,
					"end":	0.509079,
					"seconds":	0.507391,
					"bytes":	20697712,
					"bits_per_second":	325257368.6991607,
					"sender":	true
				}
			}],
		"sum_sent":	{
			"start":	0,
			"end":	0.507391,
			"seconds":	0.507391,
			"bytes":	20971520,
			"bits_per_second":	330656554.80684519,
			"retransmits":	34,
			"sender":	true
		},
		"sum_received":	{
			"start":	0,
			"end":	0.509079,
			"seconds":	0.509079,
			"bytes":	20697712,
			"bits_per_second":	325257368.6991607,
			"sender":	true
		},
		"cpu_utilization_percent":	{
			"host_total":	3.8744258460299141,
			"host_user":	0.25289884820647079,
			"host_system":	3.6217206416582113,
			"remote_total":	6.9315021135502937,
			"remote_user":	0.491655797727737,
			"remote_system":	6.4396498892153931
		},
		"sender_tcp_congestion":	"dctcp",
		"receiver_tcp_congestion":	"dctcp"
	}
}
