{
	"start":	{
		"connected":	[{
				"socket":	6,
				"local_host":	"10.0.0.4",
				"local_port":	39912,
				"remote_host":	"10.0.0.1",
				"remote_port":	5003
			}],
		"version":	"iperf 3.12",
		"system_info":	"Linux cs244c-vm 6.1.0-43-cloud-amd64 #1 SMP PREEMPT_DYNAMIC Debian 6.1.162-1 (2026-02-08) x86_64",
		"timestamp":	{
			"time":	"Thu, 12 Mar 2026 03:26:41 GMT",
			"timesecs":	1773286001
		},
		"connecting_to":	{
			"host":	"10.0.0.1",
			"port":	5003
		},
		"cookie":	"p2wir374i3dv2o4biy5ta37kiqdnjbo7fnmu",
		"tcp_mss_default":	1448,
		"target_bitrate":	0,
		"sock_bufsize":	0,
		"sndbuf_actual":	87380,
		"rcvbuf_actual":	87380,
		"test_start":	{
			"protocol":	"TCP",
			"num_streams":	1,
			"blksize":	131072,
			"omit":	0,
			"duration":	0,
			"bytes":	20971520,
			"blocks":	0,
			"reverse":	0,
			"tos":	0,
			"target_bitrate":	0
		}
	},
	"intervals":	[{
			"streams":	[{
					"socket":	6,
					"start":	0,
					"end":	0.100124,
					"seconds":	0.10012400150299072,
					"bytes":	638568,
					"bits_per_second":	51022171.740183666,
					"retransmits":	0,
					"snd_cwnd":	196928,
					"snd_wnd":	242176,
					"rtt":	20609,
					"rttvar":	280,
					"pmtu":	1500,
					"omitted":	false,
					"sender":	true
				}],
			"sum":	{
				"start":	0,
				"end":	0.100124,
				"seconds":	0.10012400150299072,
				"bytes":	638568,
				"bits_per_second":	51022171.740183666,
				"retransmits":	0,
				"omitted":	false,
				"sender":	true
			}
		}, {
			"streams":	[{
					"socket":	6,
					"start":	0.100124,
					"end":	0.200129,
					"seconds":	0.10000500082969666,
					"bytes":	2801880,
					"bits_per_second":	224139191.1807656,
					"retransmits":	0,
					"snd_cwnd":	221544,
					"snd_wnd":	2555904,
					"rtt":	20718,
					"rttvar":	255,
					"pmtu":	1500,
					"omitted":	false,
					"sender":	true
				}],
			"sum":	{
				"start":	0.100124,
				"end":	0.200129,
				"seconds":	0.10000500082969666,
				"bytes":	2801880,
				"bits_per_second":	224139191.1807656,
				"retransmits":	0,
				"omitted":	false,
				"sender":	true
			}
		}, {
			"streams":	[{
					"socket":	6,
					"start":	0.200129,
					"end":	0.300121,
					"seconds":	0.099991999566555023,
					"bytes":	1433520,
					"bits_per_second":	114690775.75918214,
					"retransmits":	0,
					"snd_cwnd":	228784,
					"snd_wnd":	2551808,
					"rtt":	20278,
					"rttvar":	128,
					"pmtu":	1500,
					"omitted":	false,
					"sender":	true
				}],
			"sum":	{
				"start":	0.200129,
				"end":	0.300121,
				"seconds":	0.099991999566555023,
				"bytes":	1433520,
				"bits_per_second":	114690775.75918214,
				"retransmits":	0,
				"omitted":	false,
				"sender":	true
			}
		}, {
			"streams":	[{
					"socket":	6,
					"start":	0.300121,
					"end":	0.400143,
					"seconds":	0.10002200305461884,
					"bytes":	1563840,
					"bits_per_second":	125079678.64998958,
					"retransmits":	0,
					"snd_cwnd":	236024,
					"snd_wnd":	2552320,
					"rtt":	20385,
					"rttvar":	130,
					"pmtu":	1500,
					"omitted":	false,
					"sender":	true
				}],
			"sum":	{
				"start":	0.300121,
				"end":	0.400143,
				"seconds":	0.10002200305461884,
				"bytes":	1563840,
				"bits_per_second":	125079678.64998958,
				"retransmits":	0,
				"omitted":	false,
				"sender":	true
			}
		}, {
			"streams":	[{
					"socket":	6,
					"start":	0.400143,
					"end":	0.50011,
					"seconds":	0.099967002868652344,
					"bytes":	716760,
					"bits_per_second":	57359727.064480126,
					"retransmits":	0,
					"snd_cwnd":	243264,
					"snd_wnd":	2550784,
					"rtt":	20426,
					"rttvar":	71,
					"pmtu":	1500,
					"omitted":	false,
					"sender":	true
				}],
			"sum":	{
				"start":	0.400143,
				"end":	0.50011,
				"seconds":	0.099967002868652344,
				"bytes":	716760,
				"bits_per_second":	57359727.064480126,
				"retransmits":	0,
				"omitted":	false,
				"sender":	true
			}
		}, {
			"streams":	[{
					"socket":	6,
					"start":	0.50011,
					"end":	0.600095,
					"seconds":	0.0999850034713745,
					"bytes":	1433520,
					"bits_per_second":	114698800.83850084,
					"retransmits":	0,
					"snd_cwnd":	249056,
					"snd_wnd":	2555392,
					"rtt":	20281,
					"rttvar":	128,
					"pmtu":	1500,
					"omitted":	false,
					"sender":	true
				}],
			"sum":	{
				"start":	0.50011,
				"end":	0.600095,
				"seconds":	0.0999850034713745,
				"bytes":	1433520,
				"bits_per_second":	114698800.83850084,
				"retransmits":	0,
				"omitted":	false,
				"sender":	true
			}
		}, {
			"streams":	[{
					"socket":	6,
					"start":	0.600095,
					"end":	0.700105,
					"seconds":	0.10001000016927719,
					"bytes":	716760,
					"bits_per_second":	57335066.396305181,
					"retransmits":	0,
					"snd_cwnd":	256296,
					"snd_wnd":	2551808,
					"rtt":	20259,
					"rttvar":	171,
					"pmtu":	1500,
					"omitted":	false,
					"sender":	true
				}],
			"sum":	{
				"start":	0.600095,
				"end":	0.700105,
				"seconds":	0.10001000016927719,
				"bytes":	716760,
				"bits_per_second":	57335066.396305181,
				"retransmits":	0,
				"omitted":	false,
				"sender":	true
			}
		}, {
			"streams":	[{
					"socket":	6,
					"start":	0.700105,
					"end":	0.800129,
					"seconds":	0.10002399981021881,
					"bytes":	1498680,
					"bits_per_second":	119865632.47568826,
					"retransmits":	0,
					"snd_cwnd":	263536,
					"snd_wnd":	2550272,
					"rtt":	20284,
					"rttvar":	31,
					"pmtu":	1500,
					"omitted":	false,
					"sender":	true
				}],
			"sum":	{
				"start":	0.700105,
				"end":	0.800129,
				"seconds":	0.10002399981021881,
				"bytes":	1498680,
				"bits_per_second":	119865632.47568826,
				"retransmits":	0,
				"omitted":	false,
				"sender":	true
			}
		}, {
			"streams":	[{
					"socket":	6,
					"start":	0.800129,
					"end":	0.900111,
					"seconds":	0.099982000887393951,
					"bytes":	1433520,
					"bits_per_second":	114702245.38630874,
					"retransmits":	0,
					"snd_cwnd":	270776,
					"snd_wnd":	2552320,
					"rtt":	20309,
					"rttvar":	60,
					"pmtu":	1500,
					"omitted":	false,
					"sender":	true
				}],
			"sum":	{
				"start":	0.800129,
				"end":	0.900111,
				"seconds":	0.099982000887393951,
				"bytes":	1433520,
				"bits_per_second":	114702245.38630874,
				"retransmits":	0,
				"omitted":	false,
				"sender":	true
			}
		}, {
			"streams":	[{
					"socket":	6,
					"start":	0.900111,
					"end":	1.000128,
					"seconds":	0.1000170037150383,
					"bytes":	1433520,
					"bits_per_second":	114662103.18271789,
					"retransmits":	0,
					"snd_cwnd":	278016,
					"snd_wnd":	2556928,
					"rtt":	20535,
					"rttvar":	229,
					"pmtu":	1500,
					"omitted":	false,
					"sender":	true
				}],
			"sum":	{
				"start":	0.900111,
				"end":	1.000128,
				"seconds":	0.1000170037150383,
				"bytes":	1433520,
				"bits_per_second":	114662103.18271789,
				"retransmits":	0,
				"omitted":	false,
				"sender":	true
			}
		}, {
			"streams":	[{
					"socket":	6,
					"start":	1.000128,
					"end":	1.100103,
					"seconds":	0.099974997341632843,
					"bytes":	1433520,
					"bits_per_second":	114710280.61957532,
					"retransmits":	0,
					"snd_cwnd":	285256,
					"snd_wnd":	2549760,
					"rtt":	20399,
					"rttvar":	108,
					"pmtu":	1500,
					"omitted":	false,
					"sender":	true
				}],
			"sum":	{
				"start":	1.000128,
				"end":	1.100103,
				"seconds":	0.099974997341632843,
				"bytes":	1433520,
				"bits_per_second":	114710280.61957532,
				"retransmits":	0,
				"omitted":	false,
				"sender":	true
			}
		}, {
			"streams":	[{
					"socket":	6,
					"start":	1.100103,
					"end":	1.200102,
					"seconds":	0.099999003112316132,
					"bytes":	1433520,
					"bits_per_second":	114682743.25814307,
					"retransmits":	0,
					"snd_cwnd":	292496,
					"snd_wnd":	2552320,
					"rtt":	20563,
					"rttvar":	132,
					"pmtu":	1500,
					"omitted":	false,
					"sender":	true
				}],
			"sum":	{
				"start":	1.100103,
				"end":	1.200102,
				"seconds":	0.099999003112316132,
				"bytes":	1433520,
				"bits_per_second":	114682743.25814307,
				"retransmits":	0,