{
	"start":	{
		"connected":	[{
				"socket":	6,
				"local_host":	"10.0.0.3",
				"local_port":	39064,
				"remote_host":	"10.0.0.1",
				"remote_port":	5002
			}],
		"version":	"iperf 3.12",
		"system_info":	"Linux cs244c-vm 6.1.0-43-cloud-amd64 #1 SMP PREEMPT_DYNAMIC Debian 6.1.162-1 (2026-02-08) x86_64",
		"timestamp":	{
			"time":	"Wed, 11 Mar 2026 04:34:31 GMT",
			"timesecs":	1773203671
		},
		"connecting_to":	{
			"host":	"10.0.0.1",
			"port":	5002
		},
		"cookie":	"ax2rtwrludwavyxsojwpnjdszaslyfuwrbva",
		"tcp_mss_default":	1448,
		"target_bitrate":	0,
		"sock_bufsize":	0,
		"sndbuf_actual":	87380,
		"rcvbuf_actual":	87380,
		"test_start":	{
			"protocol":	"TCP",
			"num_streams":	1,
			"blksize":	131072,
			"omit":	0,
			"duration":	0,
			"bytes":	20971520,
			"blocks":	0,
			"reverse":	0,
			"tos":	0,
			"target_bitrate":	0
		}
	},
	"intervals":	[{
			"streams":	[{
					"socket":	6,
					"start":	0,
					"end":	0.100121,
					"seconds":	0.10012099891901016,
					"bytes":	220096,
					"bits_per_second":	17586400.645326357,
					"retransmits":	0,
					"snd_cwnd":	2896,
					"snd_wnd":	42496,
					"rtt":	2375,
					"rttvar":	633,
					"pmtu":	1500,
					"omitted":	false,
					"sender":	true
				}],
			"sum":	{
				"start":	0,
				"end":	0.100121,
				"seconds":	0.10012099891901016,
				"bytes":	220096,
				"bits_per_second":	17586400.645326357,
				"retransmits":	0,
				"omitted":	false,
				"sender":	true
			}
		}, {
			"streams":	[{
					"socket":	6,
					"start":	0.100121,
					"end":	0.20012,
					"seconds":	0.099999003112316132,
					"bytes":	130320,
					"bits_per_second":	10425703.93255846,
					"retransmits":	0,
					"snd_cwnd":	2896,
					"snd_wnd":	42496,
					"rtt":	2104,
					"rttvar":	521,
					"pmtu":	1500,
					"omitted":	false,
					"sender":	true
				}],
			"sum":	{
				"start":	0.100121,
				"end":	0.20012,
				"seconds":	0.099999003112316132,
				"bytes":	130320,
				"bits_per_second":	10425703.93255846,
				"retransmits":	0,
				"omitted":	false,
				"sender":	true
			}
		}, {
			"streams":	[{
					"socket":	6,
					"start":	0.20012,
					"end":	0.300111,
					"seconds":	0.099991001188755035,
					"bytes":	752960,
					"bits_per_second":	60242221.0837651,
					"retransmits":	2,
					"snd_cwnd":	15928,
					"snd_wnd":	182784,
					"rtt":	1551,
					"rttvar":	198,
					"pmtu":	1500,
					"omitted":	false,
					"sender":	true
				}],
			"sum":	{
				"start":	0.20012,
				"end":	0.300111,
				"seconds":	0.099991001188755035,
				"bytes":	752960,
				"bits_per_second":	60242221.0837651,
				"retransmits":	2,
				"omitted":	false,
				"sender":	true
			}
		}, {
			"streams":	[{
					"socket":	6,
					"start":	0.300111,
					"end":	0.400122,
					"seconds":	0.10001099854707718,
					"bytes":	1013600,
					"bits_per_second":	81079082.4789438,
					"retransmits":	7,
					"snd_cwnd":	10136,
					"snd_wnd":	186880,
					"rtt":	2067,
					"rttvar":	371,
					"pmtu":	1500,
					"omitted":	false,
					"sender":	true
				}],
			"sum":	{
				"start":	0.300111,
				"end":	0.400122,
				"seconds":	0.10001099854707718,
				"bytes":	1013600,
				"bits_per_second":	81079082.4789438,
				"retransmits":	7,
				"omitted":	false,
				"sender":	true
			}
		}, {
			"streams":	[{
					"socket":	6,
					"start":	0.400122,
					"end":	0.50013,
					"seconds":	0.10000800341367722,
					"bytes":	309872,
					"bits_per_second":	24787776.1317348,
					"retransmits":	0,
					"snd_cwnd":	4344,
					"snd_wnd":	185856,
					"rtt":	2451,
					"rttvar":	620,
					"pmtu":	1500,
					"omitted":	false,
					"sender":	true
				}],
			"sum":	{
				"start":	0.400122,
				"end":	0.50013,
				"seconds":	0.10000800341367722,
				"bytes":	309872,
				"bits_per_second":	24787776.1317348,
				"retransmits":	0,
				"omitted":	false,
				"sender":	true
			}
		}, {
			"streams":	[{
					"socket":	6,
					"start":	0.50013,
					"end":	0.600123,
					"seconds":	0.099992997944355,
					"bytes":	315664,
					"bits_per_second":	25254888.361336142,
					"retransmits":	0,
					"snd_cwnd":	4344,
					"snd_wnd":	185856,
					"rtt":	1988,
					"rttvar":	252,
					"pmtu":	1500,
					"omitted":	false,
					"sender":	true
				}],
			"sum":	{
				"start":	0.50013,
				"end":	0.600123,
				"seconds":	0.099992997944355,
				"bytes":	315664,
				"bits_per_second":	25254888.361336142,
				"retransmits":	0,
				"omitted":	false,
				"sender":	true
			}
		}, {
			"streams":	[{
					"socket":	6,
					"start":	0.600123,
					"end":	0.700113,
					"seconds":	0.099990002810955048,
					"bytes":	147696,
					"bits_per_second":	11816861.353968736,
					"retransmits":	1,
					"snd_cwnd":	2896,
					"snd_wnd":	185856,
					"rtt":	2190,
					"rttvar":	674,
					"pmtu":	1500,
					"omitted":	false,
					"sender":	true
				}],
			"sum":	{
				"start":	0.600123,
				"end":	0.700113,
				"seconds":	0.099990002810955048,
				"bytes":	147696,
				"bits_per_second":	11816861.353968736,
				"retransmits":	1,
				"omitted":	false,
				"sender":	true
			}
		}, {
			"streams":	[{
					"socket":	6,
					"start":	0.700113,
					"end":	0.800115,
					"seconds":	0.10000199824571609,
					"bytes":	211408,
					"bits_per_second":	16912302.050648779,
					"retransmits":	0,
					"snd_cwnd":	2896,
					"snd_wnd":	185856,
					"rtt":	2394,
					"rttvar":	504,
					"pmtu":	1500,
					"omitted":	false,
					"sender":	true
				}],
			"sum":	{
				"start":	0.700113,
				"end":	0.800115,
				"seconds":	0.10000199824571609,
				"bytes":	211408,
				"bits_per_second":	16912302.050648779,
				"retransmits":	0,
				"omitted":	false,
				"sender":	true
			}
		}, {
			"streams":	[{
					"socket":	6,
					"start":	0.800115,
					"end":	0.900108,
					"seconds":	0.099992997944355,
					"bytes":	146248,
					"bits_per_second":	11700659.286674084,
					"retransmits":	0,
					"snd_cwnd":	2896,
					"snd_wnd":	185856,
					"rtt":	2297,
					"rttvar":	684,
					"pmtu":	1500,
					"omitted":	false,
					"sender":	true
				}],
			"sum":	{
				"start":	0.800115,
				"end":	0.900108,
				"seconds":	0.099992997944355,
				"bytes":	146248,
				"bits_per_second":	11700659.286674084,
				"retransmits":	0,
				"omitted":	false,
				"sender":	true
			}
		}, {
			"streams":	[{
					"socket":	6,
					"start":	0.900108,
					"end":	1.000104,
					"seconds":	0.099996000528335571,
					"bytes":	70952,
					"bits_per_second":	5676387.0254906481,
					"retransmits":	1,
					"snd_cwnd":	2896,
					"snd_wnd":	185856,
					"rtt":	2531,
					"rttvar":	1028,
					"pmtu":	1500,
					"omitted":	false,
					"sender":	true
				}],
			"sum":	{
				"start":	0.900108,
				"end":	1.000104,
				"seconds":	0.099996000528335571,
				"bytes":	70952,
				"bits_per_second":	5676387.0254906481,
				"retransmits":	1,
				"omitted":	false,
				"sender":	true
			}
		}, {
			"streams":	[{
					"socket":	6,
					"start":	1.000104,
					"end":	1.1001,
					"seconds":	0.099996000528335571,
					"bytes":	2513728,
					"bits_per_second":	201106283.18881151,
					"retransmits":	0,
					"snd_cwnd":	81088,
					"snd_wnd":	283136,
					"rtt":	1432,
					"rttvar":	204,
					"pmtu":	1500,
					"omitted":	false,
					"sender":	true
				}],
			"sum":	{
				"start":	1.000104,
				"end":	1.1001,
				"seconds":	0.099996000528335571,
				"bytes":	2513728,
				"bits_per_second":	201106283.18881151,
				"retransmits":	0,
				"omitted":	false,
				"sender":	true
			}
		}, {
			"streams":	[{
					"socket":	6,
					"start":	1.1001,
					"end":	1.200186,
					"seconds":	0.10008600354194641,
					"bytes":	3974760,
					"bits_per_second":	317707560.24515766,
					"retransmits":	0,
					"snd_cwnd":	41992,
					"snd_wnd":	382976,
					"rtt":	1369,
					"rttvar":	160,
					"pmtu":	1500,
					"omitted":	false,
					"sender":	true
				}],
			"sum":	{
				"start":	1.1001,
				"end":	1.200186,
				"seconds":	0.10008600354194641,
				"bytes":	3974760,
				"bits_per_second":	317707560.24515766,
				"retransmits":	0,
				"omitted":	false,
				"sender":	true
			}
		}, {
			"streams":	[{
					"socket":	6,