{
	"start":	{
		"connected":	[{
				"socket":	6,
				"local_host":	"10.0.0.5",
				"local_port":	36406,
				"remote_host":	"10.0.0.1",
				"remote_port":	5004
			}],
		"version":	"iperf 3.12",
		"system_info":	"Linux cs244c-vm 6.1.0-43-cloud-amd64 #1 SMP PREEMPT_DYNAMIC Debian 6.1.162-1 (2026-02-08) x86_64",
		"timestamp":	{
			"time":	"Wed, 11 Mar 2026 04:34:36 GMT",
			"timesecs":	1773203676
		},
		"connecting_to":	{
			"host":	"10.0.0.1",
			"port":	5004
		},
		"cookie":	"scankdbkcrmwmtp35ppv255rxni454rmmkge",
		"tcp_mss_default":	1448,
		"target_bitrate":	0,
		"sock_bufsize":	0,
		"sndbuf_actual":	87380,
		"rcvbuf_actual":	87380,
		"test_start":	{
			"protocol":	"TCP",
			"num_streams":	1,
			"blksize":	131072,
			"omit":	0,
			"duration":	0,
			"bytes":	20971520,
			"blocks":	0,
			"reverse":	0,
			"tos":	0,
			"target_bitrate":	0
		}
	},
	"intervals":	[{
			"streams":	[{
					"socket":	6,
					"start":	0,
					"end":	0.10015,
					"seconds":	0.10014999657869339,
					"bytes":	220096,
					"bits_per_second":	17581308.638552647,
					"retransmits":	2,
					"snd_cwnd":	2896,
					"snd_wnd":	41472,
					"rtt":	2079,
					"rttvar":	503,
					"pmtu":	1500,
					"omitted":	false,
					"sender":	true
				}],
			"sum":	{
				"start":	0,
				"end":	0.10015,
				"seconds":	0.10014999657869339,
				"bytes":	220096,
				"bits_per_second":	17581308.638552647,
				"retransmits":	2,
				"omitted":	false,
				"sender":	true
			}
		}, {
			"streams":	[{
					"socket":	6,
					"start":	0.10015,
					"end":	0.200165,
					"seconds":	0.10001499950885773,
					"bytes":	2751200,
					"bits_per_second":	220062991.63207757,
					"retransmits":	0,
					"snd_cwnd":	40544,
					"snd_wnd":	237568,
					"rtt":	1452,
					"rttvar":	188,
					"pmtu":	1500,
					"omitted":	false,
					"sender":	true
				}],
			"sum":	{
				"start":	0.10015,
				"end":	0.200165,
				"seconds":	0.10001499950885773,
				"bytes":	2751200,
				"bits_per_second":	220062991.63207757,
				"retransmits":	0,
				"omitted":	false,
				"sender":	true
			}
		}, {
			"streams":	[{
					"socket":	6,
					"start":	0.200165,
					"end":	0.300175,
					"seconds":	0.10001000016927719,
					"bytes":	1433520,
					"bits_per_second":	114670132.79261036,
					"retransmits":	6,
					"snd_cwnd":	24616,
					"snd_wnd":	246784,
					"rtt":	1499,
					"rttvar":	169,
					"pmtu":	1500,
					"omitted":	false,
					"sender":	true
				}],
			"sum":	{
				"start":	0.200165,
				"end":	0.300175,
				"seconds":	0.10001000016927719,
				"bytes":	1433520,
				"bits_per_second":	114670132.79261036,
				"retransmits":	6,
				"omitted":	false,
				"sender":	true
			}
		}, {
			"streams":	[{
					"socket":	6,
					"start":	0.300175,
					"end":	0.400135,
					"seconds":	0.099959999322891235,
					"bytes":	1172880,
					"bits_per_second":	93867947.814714,
					"retransmits":	0,
					"snd_cwnd":	40544,
					"snd_wnd":	246784,
					"rtt":	1506,
					"rttvar":	207,
					"pmtu":	1500,
					"omitted":	false,
					"sender":	true
				}],
			"sum":	{
				"start":	0.300175,
				"end":	0.400135,
				"seconds":	0.099959999322891235,
				"bytes":	1172880,
				"bits_per_second":	93867947.814714,
				"retransmits":	0,
				"omitted":	false,
				"sender":	true
			}
		}, {
			"streams":	[{
					"socket":	6,
					"start":	0.400135,
					"end":	0.500115,
					"seconds":	0.099979996681213379,
					"bytes":	2085120,
					"bits_per_second":	166842974.1319887,
					"retransmits":	3,
					"snd_cwnd":	41992,
					"snd_wnd":	246784,
					"rtt":	1656,
					"rttvar":	217,
					"pmtu":	1500,
					"omitted":	false,
					"sender":	true
				}],
			"sum":	{
				"start":	0.400135,
				"end":	0.500115,
				"seconds":	0.099979996681213379,
				"bytes":	2085120,
				"bits_per_second":	166842974.1319887,
				"retransmits":	3,
				"omitted":	false,
				"sender":	true
			}
		}, {
			"streams":	[{
					"socket":	6,
					"start":	0.500115,
					"end":	0.600123,
					"seconds":	0.10000800341367722,
					"bytes":	1563840,
					"bits_per_second":	125097187.95454943,
					"retransmits":	8,
					"snd_cwnd":	17376,
					"snd_wnd":	243712,
					"rtt":	1619,
					"rttvar":	308,
					"pmtu":	1500,
					"omitted":	false,
					"sender":	true
				}],
			"sum":	{
				"start":	0.500115,
				"end":	0.600123,
				"seconds":	0.10000800341367722,
				"bytes":	1563840,
				"bits_per_second":	125097187.95454943,
				"retransmits":	8,
				"omitted":	false,
				"sender":	true
			}
		}, {
			"streams":	[{
					"socket":	6,
					"start":	0.600123,
					"end":	0.700135,
					"seconds":	0.10001199692487717,
					"bytes":	521280,
					"bits_per_second":	41697397.594534852,
					"retransmits":	0,
					"snd_cwnd":	4344,
					"snd_wnd":	243200,
					"rtt":	2032,
					"rttvar":	335,
					"pmtu":	1500,
					"omitted":	false,
					"sender":	true
				}],
			"sum":	{
				"start":	0.600123,
				"end":	0.700135,
				"seconds":	0.10001199692487717,
				"bytes":	521280,
				"bits_per_second":	41697397.594534852,
				"retransmits":	0,
				"omitted":	false,
				"sender":	true
			}
		}, {
			"streams":	[{
					"socket":	6,
					"start":	0.700135,
					"end":	0.800108,
					"seconds":	0.099973000586032867,
					"bytes":	130320,
					"bits_per_second":	10428415.611101054,
					"retransmits":	1,
					"snd_cwnd":	2896,
					"snd_wnd":	245760,
					"rtt":	2457,
					"rttvar":	760,
					"pmtu":	1500,
					"omitted":	false,
					"sender":	true
				}],
			"sum":	{
				"start":	0.700135,
				"end":	0.800108,
				"seconds":	0.099973000586032867,
				"bytes":	130320,
				"bits_per_second":	10428415.611101054,
				"retransmits":	1,
				"omitted":	false,
				"sender":	true
			}
		}, {
			"streams":	[{
					"socket":	6,
					"start":	0.800108,
					"end":	0.900135,
					"seconds":	0.10002700239419937,
					"bytes":	130320,
					"bits_per_second":	10422785.598346179,
					"retransmits":	0,
					"snd_cwnd":	4344,
					"snd_wnd":	244224,
					"rtt":	2002,
					"rttvar":	341,
					"pmtu":	1500,
					"omitted":	false,
					"sender":	true
				}],
			"sum":	{
				"start":	0.800108,
				"end":	0.900135,
				"seconds":	0.10002700239419937,
				"bytes":	130320,
				"bits_per_second":	10422785.598346179,
				"retransmits":	0,
				"omitted":	false,
				"sender":	true
			}
		}, {
			"streams":	[{
					"socket":	6,
					"start":	0.900135,
					"end":	1.000142,
					"seconds":	0.10000699758529663,
					"bytes":	130320,
					"bits_per_second":	10424870.510793943,
					"retransmits":	0,
					"snd_cwnd":	4344,
					"snd_wnd":	245760,
					"rtt":	2055,
					"rttvar":	425,
					"pmtu":	1500,
					"omitted":	false,
					"sender":	true
				}],
			"sum":	{
				"start":	0.900135,
				"end":	1.000142,
				"seconds":	0.10000699758529663,
				"bytes":	130320,
				"bits_per_second":	10424870.510793943,
				"retransmits":	0,
				"omitted":	false,
				"sender":	true
			}
		}, {
			"streams":	[{
					"socket":	6,
					"start":	1.000142,
					"end":	1.100251,
					"seconds":	0.10010900348424911,
					"bytes":	130320,
					"bits_per_second":	10414248.106705343,
					"retransmits":	1,
					"snd_cwnd":	4344,
					"snd_wnd":	245760,
					"rtt":	1896,
					"rttvar":	179,
					"pmtu":	1500,
					"omitted":	false,
					"sender":	true
				}],
			"sum":	{
				"start":	1.000142,
				"end":	1.100251,
				"seconds":	0.10010900348424911,
				"bytes":	130320,
				"bits_per_second":	10414248.106705343,
				"retransmits":	1,
				"omitted":	false,
				"sender":	true
			}
		}, {
			"streams":	[{
					"socket":	6,
					"start":	1.100251,
					"end":	1.200167,
					"seconds":	0.0999160036444664,
					"bytes":	260640,
					"bits_per_second":	20868728.971782483,
					"retransmits":	0,
					"snd_cwnd":	2896,
					"snd_wnd":	244736,
					"rtt":	2107,
					"rttvar":	289,
					"pmtu":	1500,
					"omitted":	false,
					"sender":	true
				}],
			"sum":	{
				"start":	1.100251,
				"end":	1.200167,
				"seconds":	0.0999160036444664,
				"bytes":	260640,
				"bits_per_second":	20868728.971782483,
				"retransmits":	0,
				"omitted":	false,