{
	"start":	{
		"connected":	[{
				"socket":	6,
				"local_host":	"10.0.0.4",
				"local_port":	44792,
				"remote_host":	"10.0.0.1",
				"remote_port":	5003
			}],
		"version":	"iperf 3.12",
		"system_info":	"Linux cs244c-vm 6.1.0-43-cloud-amd64 #1 SMP PREEMPT_DYNAMIC Debian 6.1.162-1 (2026-02-08) x86_64",
		"timestamp":	{
			"time":	"Wed, 11 Mar 2026 04:34:36 GMT",
			"timesecs":	1773203676
		},
		"connecting_to":	{
			"host":	"10.0.0.1",
			"port":	5003
		},
		"cookie":	"z4oqpw2hh52yl36fsb2dzjvjj2uesiue3em5",
		"tcp_mss_default":	1448,
		"target_bitrate":	0,
		"sock_bufsize":	0,
		"sndbuf_actual":	87380,
		"rcvbuf_actual":	87380,
		"test_start":	{
			"protocol":	"TCP",
			"num_streams":	1,
			"blksize":	131072,
			"omit":	0,
			"duration":	0,
			"bytes":	20971520,
			"blocks":	0,
			"reverse":	0,
			"tos":	0,
			"target_bitrate":	0
		}
	},
	"intervals":	[{
			"streams":	[{
					"socket":	6,
					"start":	0,
					"end":	0.100089,
					"seconds":	0.10008899867534637,
					"bytes":	220096,
					"bits_per_second":	17592023.332267657,
					"retransmits":	0,
					"snd_cwnd":	2896,
					"snd_wnd":	42496,
					"rtt":	2240,
					"rttvar":	694,
					"pmtu":	1500,
					"omitted":	false,
					"sender":	true
				}],
			"sum":	{
				"start":	0,
				"end":	0.100089,
				"seconds":	0.10008899867534637,
				"bytes":	220096,
				"bits_per_second":	17592023.332267657,
				"retransmits":	0,
				"omitted":	false,
				"sender":	true
			}
		}, {
			"streams":	[{
					"socket":	6,
					"start":	0.100089,
					"end":	0.200125,
					"seconds":	0.10003600269556046,
					"bytes":	130320,
					"bits_per_second":	10421847.853845406,
					"retransmits":	0,
					"snd_cwnd":	2896,
					"snd_wnd":	41472,
					"rtt":	2427,
					"rttvar":	556,
					"pmtu":	1500,
					"omitted":	false,
					"sender":	true
				}],
			"sum":	{
				"start":	0.100089,
				"end":	0.200125,
				"seconds":	0.10003600269556046,
				"bytes":	130320,
				"bits_per_second":	10421847.853845406,
				"retransmits":	0,
				"omitted":	false,
				"sender":	true
			}
		}, {
			"streams":	[{
					"socket":	6,
					"start":	0.200125,
					"end":	0.300101,
					"seconds":	0.099976003170013428,
					"bytes":	981744,
					"bits_per_second":	78558371.5188536,
					"retransmits":	0,
					"snd_cwnd":	41992,
					"snd_wnd":	222208,
					"rtt":	1629,
					"rttvar":	220,
					"pmtu":	1500,
					"omitted":	false,
					"sender":	true
				}],
			"sum":	{
				"start":	0.200125,
				"end":	0.300101,
				"seconds":	0.099976003170013428,
				"bytes":	981744,
				"bits_per_second":	78558371.5188536,
				"retransmits":	0,
				"omitted":	false,
				"sender":	true
			}
		}, {
			"streams":	[{
					"socket":	6,
					"start":	0.300101,
					"end":	0.400131,
					"seconds":	0.10002999752759933,
					"bytes":	1120752,
					"bits_per_second":	89633272.2344233,
					"retransmits":	0,
					"snd_cwnd":	13032,
					"snd_wnd":	217088,
					"rtt":	1949,
					"rttvar":	276,
					"pmtu":	1500,
					"omitted":	false,
					"sender":	true
				}],
			"sum":	{
				"start":	0.300101,
				"end":	0.400131,
				"seconds":	0.10002999752759933,
				"bytes":	1120752,
				"bits_per_second":	89633272.2344233,
				"retransmits":	0,
				"omitted":	false,
				"sender":	true
			}
		}, {
			"streams":	[{
					"socket":	6,
					"start":	0.400131,
					"end":	0.500122,
					"seconds":	0.099991001188755035,
					"bytes":	325800,
					"bits_per_second":	26066345.661244515,
					"retransmits":	0,
					"snd_cwnd":	10136,
					"snd_wnd":	222208,
					"rtt":	2168,
					"rttvar":	635,
					"pmtu":	1500,
					"omitted":	false,
					"sender":	true
				}],
			"sum":	{
				"start":	0.400131,
				"end":	0.500122,
				"seconds":	0.099991001188755035,
				"bytes":	325800,
				"bits_per_second":	26066345.661244515,
				"retransmits":	0,
				"omitted":	false,
				"sender":	true
			}
		}, {
			"streams":	[{
					"socket":	6,
					"start":	0.500122,
					"end":	0.600113,
					"seconds":	0.099991001188755035,
					"bytes":	260640,
					"bits_per_second":	20853076.528995611,
					"retransmits":	0,
					"snd_cwnd":	2896,
					"snd_wnd":	220672,
					"rtt":	2014,
					"rttvar":	375,
					"pmtu":	1500,
					"omitted":	false,
					"sender":	true
				}],
			"sum":	{
				"start":	0.500122,
				"end":	0.600113,
				"seconds":	0.099991001188755035,
				"bytes":	260640,
				"bits_per_second":	20853076.528995611,
				"retransmits":	0,
				"omitted":	false,
				"sender":	true
			}
		}, {
			"streams":	[{
					"socket":	6,
					"start":	0.600113,
					"end":	0.700105,
					"seconds":	0.099991999566555023,
					"bytes":	195480,
					"bits_per_second":	15639651.239888474,
					"retransmits":	0,
					"snd_cwnd":	7240,
					"snd_wnd":	219136,
					"rtt":	2132,
					"rttvar":	317,
					"pmtu":	1500,
					"omitted":	false,
					"sender":	true
				}],
			"sum":	{
				"start":	0.600113,
				"end":	0.700105,
				"seconds":	0.099991999566555023,
				"bytes":	195480,
				"bits_per_second":	15639651.239888474,
				"retransmits":	0,
				"omitted":	false,
				"sender":	true
			}
		}, {
			"streams":	[{
					"socket":	6,
					"start":	0.700105,
					"end":	0.800125,
					"seconds":	0.10001999884843826,
					"bytes":	195480,
					"bits_per_second":	15635273.125424737,
					"retransmits":	0,
					"snd_cwnd":	2896,
					"snd_wnd":	220672,
					"rtt":	2163,
					"rttvar":	672,
					"pmtu":	1500,
					"omitted":	false,
					"sender":	true
				}],
			"sum":	{
				"start":	0.700105,
				"end":	0.800125,
				"seconds":	0.10001999884843826,
				"bytes":	195480,
				"bits_per_second":	15635273.125424737,
				"retransmits":	0,
				"omitted":	false,
				"sender":	true
			}
		}, {
			"streams":	[{
					"socket":	6,
					"start":	0.800125,
					"end":	0.900112,
					"seconds":	0.0999870002269745,
					"bytes":	195480,
					"bits_per_second":	15640433.220818913,
					"retransmits":	1,
					"snd_cwnd":	2896,
					"snd_wnd":	218624,
					"rtt":	1867,
					"rttvar":	280,
					"pmtu":	1500,
					"omitted":	false,
					"sender":	true
				}],
			"sum":	{
				"start":	0.800125,
				"end":	0.900112,
				"seconds":	0.0999870002269745,
				"bytes":	195480,
				"bits_per_second":	15640433.220818913,
				"retransmits":	1,
				"omitted":	false,
				"sender":	true
			}
		}, {
			"streams":	[{
					"socket":	6,
					"start":	0.900112,
					"end":	1.000096,
					"seconds":	0.099983997642993927,
					"bytes":	130320,
					"bits_per_second":	10427268.608748754,
					"retransmits":	0,
					"snd_cwnd":	2896,
					"snd_wnd":	220672,
					"rtt":	2508,
					"rttvar":	578,
					"pmtu":	1500,
					"omitted":	false,
					"sender":	true
				}],
			"sum":	{
				"start":	0.900112,
				"end":	1.000096,
				"seconds":	0.099983997642993927,
				"bytes":	130320,
				"bits_per_second":	10427268.608748754,
				"retransmits":	0,
				"omitted":	false,
				"sender":	true
			}
		}, {
			"streams":	[{
					"socket":	6,
					"start":	1.000096,
					"end":	1.100189,
					"seconds":	0.10009299963712692,
					"bytes":	1130888,
					"bits_per_second":	90386980.436184362,
					"retransmits":	9,
					"snd_cwnd":	18824,
					"snd_wnd":	218624,
					"rtt":	1718,
					"rttvar":	347,
					"pmtu":	1500,
					"omitted":	false,
					"sender":	true
				}],
			"sum":	{
				"start":	1.000096,
				"end":	1.100189,
				"seconds":	0.10009299963712692,
				"bytes":	1130888,
				"bits_per_second":	90386980.436184362,
				"retransmits":	9,
				"omitted":	false,
				"sender":	true
			}
		}, {
			"streams":	[{
					"socket":	6,
					"start":	1.100189,
					"end":	1.200129,
					"seconds":	0.0999400019645691,
					"bytes":	886176,
					"bits_per_second":	70936640.590755135,
					"retransmits":	0,
					"snd_cwnd":	7240,
					"snd_wnd":	220160,
					"rtt":	1962,
					"rttvar":	367,
					"pmtu":	1500,
					"omitted":	false,
					"sender":	true
				}],
			"sum":	{
				"start":	1.100189,
				"end":	1.200129,
				"seconds":	0.0999400019645691,
				"bytes":	886176,
				"bits_per_second":	70936640.590755135,
				"retransmits":	0,
				"omitted":	false,