{
	"start":	{
		"connected":	[{
				"socket":	6,
				"local_host":	"10.0.0.5",
				"local_port":	36580,
				"remote_host":	"10.0.0.1",
				"remote_port":	5004
			}],
		"version":	"iperf 3.12",
		"system_info":	"Linux cs244c-vm 6.1.0-43-cloud-amd64 #1 SMP PREEMPT_DYNAMIC Debian 6.1.162-1 (2026-02-08) x86_64",
		"timestamp":	{
			"time":	"Thu, 12 Mar 2026 03:27:50 GMT",
			"timesecs":	1773286070
		},
		"connecting_to":	{
			"host":	"10.0.0.1",
			"port":	5004
		},
		"cookie":	"y3iuv6d2fvynqf5n2ye3fjnnsl7ibu5nwyva",
		"tcp_mss_default":	1448,
		"target_bitrate":	0,
		"sock_bufsize":	0,
		"sndbuf_actual":	87380,
		"rcvbuf_actual":	87380,
		"test_start":	{
			"protocol":	"TCP",
			"num_streams":	1,
			"blksize":	131072,
			"omit":	0,
			"duration":	0,
			"bytes":	20971520,
			"blocks":	0,
			"reverse":	0,
			"tos":	0,
			"target_bitrate":	0
		}
	},
	"intervals":	[{
			"streams":	[{
					"socket":	6,
					"start":	0,
					"end":	0.10012,
					"seconds":	0.10012000054121017,
					"bytes":	851424,
					"bits_per_second":	68032280.8947287,
					"retransmits":	0,
					"snd_cwnd":	202720,
					"snd_wnd":	240640,
					"rtt":	20504,
					"rttvar":	95,
					"pmtu":	1500,
					"omitted":	false,
					"sender":	true
				}],
			"sum":	{
				"start":	0,
				"end":	0.10012,
				"seconds":	0.10012000054121017,
				"bytes":	851424,
				"bits_per_second":	68032280.8947287,
				"retransmits":	0,
				"omitted":	false,
				"sender":	true
			}
		}, {
			"streams":	[{
					"socket":	6,
					"start":	0.10012,
					"end":	0.200104,
					"seconds":	0.099983997642993927,
					"bytes":	8978976,
					"bits_per_second":	718433046.220906,
					"retransmits":	0,
					"snd_cwnd":	1629000,
					"snd_wnd":	7245824,
					"rtt":	29362,
					"rttvar":	1165,
					"pmtu":	1500,
					"omitted":	false,
					"sender":	true
				}],
			"sum":	{
				"start":	0.10012,
				"end":	0.200104,
				"seconds":	0.099983997642993927,
				"bytes":	8978976,
				"bits_per_second":	718433046.220906,
				"retransmits":	0,
				"omitted":	false,
				"sender":	true
			}
		}, {
			"streams":	[{
					"socket":	6,
					"start":	0.200104,
					"end":	0.300123,
					"seconds":	0.10001900047063828,
					"bytes":	5242880,
					"bits_per_second":	419350721.389311,
					"retransmits":	135,
					"snd_cwnd":	991880,
					"snd_wnd":	8384000,
					"rtt":	20527,
					"rttvar":	244,
					"pmtu":	1500,
					"omitted":	false,
					"sender":	true
				}],
			"sum":	{
				"start":	0.200104,
				"end":	0.300123,
				"seconds":	0.10001900047063828,
				"bytes":	5242880,
				"bits_per_second":	419350721.389311,
				"retransmits":	135,
				"omitted":	false,
				"sender":	true
			}
		}, {
			"streams":	[{
					"socket":	6,
					"start":	0.300123,
					"end":	0.40014,
					"seconds":	0.1000170037150383,
					"bytes":	5242880,
					"bits_per_second":	419359093.37477535,
					"retransmits":	0,
					"snd_cwnd":	997672,
					"snd_wnd":	8381952,
					"rtt":	20239,
					"rttvar":	147,
					"pmtu":	1500,
					"omitted":	false,
					"sender":	true
				}],
			"sum":	{
				"start":	0.300123,
				"end":	0.40014,
				"seconds":	0.1000170037150383,
				"bytes":	5242880,
				"bits_per_second":	419359093.37477535,
				"retransmits":	0,
				"omitted":	false,
				"sender":	true
			}
		}, {
			"streams":	[{
					"socket":	6,
					"start":	0.40014,
					"end":	0.412218,
					"seconds":	0.012078000232577324,
					"bytes":	655360,
					"bits_per_second":	434085105.07051235,
					"retransmits":	0,
					"snd_cwnd":	999120,
					"snd_wnd":	8359936,
					"rtt":	20468,
					"rttvar":	306,
					"pmtu":	1500,
					"omitted":	false,
					"sender":	true
				}],
			"sum":	{
				"start":	0.40014,
				"end":	0.412218,
				"seconds":	0.012078000232577324,
				"bytes":	655360,
				"bits_per_second":	434085105.07051235,
				"retransmits":	0,
				"omitted":	false,
				"sender":	true
			}
		}],
	"end":	{
		"streams":	[{
				"sender":	{
					"socket":	6,
					"start":	0,
					"end":	0.412218,
					"seconds":	0.412218,
					"bytes":	20971520,
					"bits_per_second":	406998626.94011426,
					"retransmits":	135,
					"max_snd_cwnd":	1629000,
					"max_snd_wnd":	8384000,
					"max_rtt":	29362,
					"min_rtt":	20239,
					"mean_rtt":	22220,
					"sender":	true
				},
				"receiver":	{
					"socket":	6,
					"start":	0,
					"end":	0.432669,
					"seconds":	0.412218,
					"bytes":	15903384,
					"bits_per_second":	294051739.320358,
					"sender":	true
				}
			}],
		"sum_sent":	{
			"start":	0,
			"end":	0.412218,
			"seconds":	0.412218,
			"bytes":	20971520,
			"bits_per_second":	406998626.94011426,
			"retransmits":	135,
			"sender":	true
		},
		"sum_received":	{
			"start":	0,
			"end":	0.432669,
			"seconds":	0.432669,
			"bytes":	15903384,
			"bits_per_second":	294051739.320358,
			"sender":	true
		},
		"cpu_utilization_percent":	{
			"host_total":	6.15232383808096,
			"host_user":	2.2754622688655672,
			"host_system":	3.8768615692153925,
			"remote_total":	3.7804658214274158,
			"remote_user":	0.66998229712178,
			"remote_system":	3.1100213081641237
		},
		"sender_tcp_congestion":	"dctcp",
		"receiver_tcp_congestion":	"dctcp"
	}
}
