{
	"start":	{
		"connected":	[{
				"socket":	6,
				"local_host":	"10.0.0.4",
				"local_port":	58344,
				"remote_host":	"10.0.0.1",
				"remote_port":	5003
			}],
		"version":	"iperf 3.12",
		"system_info":	"Linux cs244c-vm 6.1.0-43-cloud-amd64 #1 SMP PREEMPT_DYNAMIC Debian 6.1.162-1 (2026-02-08) x86_64",
		"timestamp":	{
			"time":	"Thu, 12 Mar 2026 03:27:48 GMT",
			"timesecs":	1773286068
		},
		"connecting_to":	{
			"host":	"10.0.0.1",
			"port":	5003
		},
		"cookie":	"6koa3fxkrqkubdyj7usgowcjoecpw3aqlgb6",
		"tcp_mss_default":	1448,
		"target_bitrate":	0,
		"sock_bufsize":	0,
		"sndbuf_actual":	87380,
		"rcvbuf_actual":	87380,
		"test_start":	{
			"protocol":	"TCP",
			"num_streams":	1,
			"blksize":	131072,
			"omit":	0,
			"duration":	0,
			"bytes":	20971520,
			"blocks":	0,
			"reverse":	0,
			"tos":	0,
			"target_bitrate":	0
		}
	},
	"intervals":	[{
			"streams":	[{
					"socket":	6,
					"start":	0,
					"end":	0.100106,
					"seconds":	0.10010600090026855,
					"bytes":	655000,
					"bits_per_second":	52344514.343554631,
					"retransmits":	0,
					"snd_cwnd":	202720,
					"snd_wnd":	242176,
					"rtt":	20807,
					"rttvar":	141,
					"pmtu":	1500,
					"omitted":	false,
					"sender":	true
				}],
			"sum":	{
				"start":	0,
				"end":	0.100106,
				"seconds":	0.10010600090026855,
				"bytes":	655000,
				"bits_per_second":	52344514.343554631,
				"retransmits":	0,
				"omitted":	false,
				"sender":	true
			}
		}, {
			"streams":	[{
					"socket":	6,
					"start":	0.100106,
					"end":	0.200187,
					"seconds":	0.10008099675178528,
					"bytes":	6553960,
					"bits_per_second":	523892464.121214,
					"retransmits":	0,
					"snd_cwnd":	912240,
					"snd_wnd":	6104576,
					"rtt":	26254,
					"rttvar":	453,
					"pmtu":	1500,
					"omitted":	false,
					"sender":	true
				}],
			"sum":	{
				"start":	0.100106,
				"end":	0.200187,
				"seconds":	0.10008099675178528,
				"bytes":	6553960,
				"bits_per_second":	523892464.121214,
				"retransmits":	0,
				"omitted":	false,
				"sender":	true
			}
		}, {
			"streams":	[{
					"socket":	6,
					"start":	0.200187,
					"end":	0.300138,
					"seconds":	0.099950999021530151,
					"bytes":	2621440,
					"bits_per_second":	209818012.87931687,
					"retransmits":	0,
					"snd_cwnd":	262088,
					"snd_wnd":	6128128,
					"rtt":	20273,
					"rttvar":	58,
					"pmtu":	1500,
					"omitted":	false,
					"sender":	true
				}],
			"sum":	{
				"start":	0.200187,
				"end":	0.300138,
				"seconds":	0.099950999021530151,
				"bytes":	2621440,
				"bits_per_second":	209818012.87931687,
				"retransmits":	0,
				"omitted":	false,
				"sender":	true
			}
		}, {
			"streams":	[{
					"socket":	6,
					"start":	0.300138,
					"end":	0.400114,
					"seconds":	0.099976003170013428,
					"bytes":	1310720,
					"bits_per_second":	104882768.53965168,
					"retransmits":	0,
					"snd_cwnd":	269328,
					"snd_wnd":	6128640,
					"rtt":	20251,
					"rttvar":	130,
					"pmtu":	1500,
					"omitted":	false,
					"sender":	true
				}],
			"sum":	{
				"start":	0.300138,
				"end":	0.400114,
				"seconds":	0.099976003170013428,
				"bytes":	1310720,
				"bits_per_second":	104882768.53965168,
				"retransmits":	0,
				"omitted":	false,
				"sender":	true
			}
		}, {
			"streams":	[{
					"socket":	6,
					"start":	0.400114,
					"end":	0.500156,
					"seconds":	0.10004200041294098,
					"bytes":	1310720,
					"bits_per_second":	104813577.86447871,
					"retransmits":	0,
					"snd_cwnd":	276568,
					"snd_wnd":	6125056,
					"rtt":	20294,
					"rttvar":	71,
					"pmtu":	1500,
					"omitted":	false,
					"sender":	true
				}],
			"sum":	{
				"start":	0.400114,
				"end":	0.500156,
				"seconds":	0.10004200041294098,
				"bytes":	1310720,
				"bits_per_second":	104813577.86447871,
				"retransmits":	0,
				"omitted":	false,
				"sender":	true
			}
		}, {
			"streams":	[{
					"socket":	6,
					"start":	0.500156,
					"end":	0.600119,
					"seconds":	0.0999630019068718,
					"bytes":	1310720,
					"bits_per_second":	104896409.67133835,
					"retransmits":	0,
					"snd_cwnd":	283808,
					"snd_wnd":	6127104,
					"rtt":	20372,
					"rttvar":	102,
					"pmtu":	1500,
					"omitted":	false,
					"sender":	true
				}],
			"sum":	{
				"start":	0.500156,
				"end":	0.600119,
				"seconds":	0.0999630019068718,
				"bytes":	1310720,
				"bits_per_second":	104896409.67133835,
				"retransmits":	0,
				"omitted":	false,
				"sender":	true
			}
		}, {
			"streams":	[{
					"socket":	6,
					"start":	0.600119,
					"end":	0.700137,
					"seconds":	0.10001800209283829,
					"bytes":	1310720,
					"bits_per_second":	104838726.83506468,
					"retransmits":	0,
					"snd_cwnd":	291048,
					"snd_wnd":	6124544,
					"rtt":	20409,
					"rttvar":	92,
					"pmtu":	1500,
					"omitted":	false,
					"sender":	true
				}],
			"sum":	{
				"start":	0.600119,
				"end":	0.700137,
				"seconds":	0.10001800209283829,
				"bytes":	1310720,
				"bits_per_second":	104838726.83506468,
				"retransmits":	0,
				"omitted":	false,
				"sender":	true
			}
		}, {
			"streams":	[{
					"socket":	6,
					"start":	0.700137,
					"end":	0.800122,
					"seconds":	0.0999850034713745,
					"bytes":	1310720,
					"bits_per_second":	104873327.35855784,
					"retransmits":	0,
					"snd_cwnd":	296840,
					"snd_wnd":	6121984,
					"rtt":	20377,
					"rttvar":	162,
					"pmtu":	1500,
					"omitted":	false,
					"sender":	true
				}],
			"sum":	{
				"start":	0.700137,
				"end":	0.800122,
				"seconds":	0.0999850034713745,
				"bytes":	1310720,
				"bits_per_second":	104873327.35855784,
				"retransmits":	0,
				"omitted":	false,
				"sender":	true
			}
		}, {
			"streams":	[{
					"socket":	6,
					"start":	0.800122,
					"end":	0.900102,
					"seconds":	0.099979996681213379,
					"bytes":	1310720,
					"bits_per_second":	104878579.19653556,
					"retransmits":	0,
					"snd_cwnd":	304080,
					"snd_wnd":	6121472,
					"rtt":	20216,
					"rttvar":	162,
					"pmtu":	1500,
					"omitted":	false,
					"sender":	true
				}],
			"sum":	{
				"start":	0.800122,
				"end":	0.900102,
				"seconds":	0.099979996681213379,
				"bytes":	1310720,
				"bits_per_second":	104878579.19653556,
				"retransmits":	0,
				"omitted":	false,
				"sender":	true
			}
		}, {
			"streams":	[{
					"socket":	6,
					"start":	0.900102,
					"end":	1.00014,
					"seconds":	0.10003799945116043,
					"bytes":	1310720,
					"bits_per_second":	104817769.82274875,
					"retransmits":	0,
					"snd_cwnd":	311320,
					"snd_wnd":	6121472,
					"rtt":	20186,
					"rttvar":	76,
					"pmtu":	1500,
					"omitted":	false,
					"sender":	true
				}],
			"sum":	{
				"start":	0.900102,
				"end":	1.00014,
				"seconds":	0.10003799945116043,
				"bytes":	1310720,
				"bits_per_second":	104817769.82274875,
				"retransmits":	0,
				"omitted":	false,
				"sender":	true
			}
		}, {
			"streams":	[{
					"socket":	6,
					"start":	1.00014,
					"end":	1.085186,
					"seconds":	0.0850460007786751,
					"bytes":	1966080,
					"bits_per_second":	184942735.17848814,
					"retransmits":	0,
					"snd_cwnd":	317112,
					"snd_wnd":	6123520,
					"rtt":	20198,
					"rttvar":	58,
					"pmtu":	1500,
					"omitted":	false,
					"sender":	true
				}],
			"sum":	{
				"start":	1.00014,
				"end":	1.085186,
				"seconds":	0.0850460007786751,
				"bytes":	1966080,
				"bits_per_second":	184942735.17848814,
				"retransmits":	0,
				"omitted":	false,
				"sender":	true
			}
		}],
	"end":	{
		"streams":	[{
				"sender":	{
					"socket":	6,
					"start":	0,
					"end":	1.085186,
					"seconds":	1.085186,
					"bytes":	20971520,
					"bits_per_second":	154602215.65703943,
					"retransmits":	0,
					"max_snd_cwnd":	912240,
					"max_snd_wnd":	6128640,
					"max_rtt":	26254,
					"min_rtt":	20186,
					"mean_rtt":	20876,
					"sender":	true
				},
				"receiver":	{
					"socket":	6,
					"start":	0,
					"end":	1.105649,
					"seconds":	1.085186,
					"bytes":	17518408,
					"bits_per_second":	126755655.72799323,