{
	"start":	{
		"connected":	[{
				"socket":	6,
				"local_host":	"10.0.0.5",
				"local_port":	36098,
				"remote_host":	"10.0.0.1",
				"remote_port":	5004
			}],
		"version":	"iperf 3.12",
		"system_info":	"Linux cs244c-vm 6.1.0-43-cloud-amd64 #1 SMP PREEMPT_DYNAMIC Debian 6.1.162-1 (2026-02-08) x86_64",
		"timestamp":	{
			"time":	"Wed, 11 Mar 2026 04:35:53 GMT",
			"timesecs":	1773203753
		},
		"connecting_to":	{
			"host":	"10.0.0.1",
			"port":	5004
		},
		"cookie":	"5yjeha2dauljt2wuafwptfiul4pfujpcjwnq",
		"tcp_mss_default":	1448,
		"target_bitrate":	0,
		"sock_bufsize":	0,
		"sndbuf_actual":	87380,
		"rcvbuf_actual":	87380,
		"test_start":	{
			"protocol":	"TCP",
			"num_streams":	1,
			"blksize":	131072,
			"omit":	0,
			"duration":	0,
			"bytes":	20971520,
			"blocks":	0,
			"reverse":	0,
			"tos":	0,
			"target_bitrate":	0
		}
	},
	"intervals":	[{
			"streams":	[{
					"socket":	6,
					"start":	0,
					"end":	0.100122,
					"seconds":	0.10012199729681015,
					"bytes":	1151160,
					"bits_per_second":	91980586.1712809,
					"retransmits":	4,
					"snd_cwnd":	28960,
					"snd_wnd":	168448,
					"rtt":	2308,
					"rttvar":	270,
					"pmtu":	1500,
					"omitted":	false,
					"sender":	true
				}],
			"sum":	{
				"start":	0,
				"end":	0.100122,
				"seconds":	0.10012199729681015,
				"bytes":	1151160,
				"bits_per_second":	91980586.1712809,
				"retransmits":	4,
				"omitted":	false,
				"sender":	true
			}
		}, {
			"streams":	[{
					"socket":	6,
					"start":	0.100122,
					"end":	0.200134,
					"seconds":	0.10001199692487717,
					"bytes":	1463928,
					"bits_per_second":	117100191.57798538,
					"retransmits":	0,
					"snd_cwnd":	36200,
					"snd_wnd":	158208,
					"rtt":	2325,
					"rttvar":	188,
					"pmtu":	1500,
					"omitted":	false,
					"sender":	true
				}],
			"sum":	{
				"start":	0.100122,
				"end":	0.200134,
				"seconds":	0.10001199692487717,
				"bytes":	1463928,
				"bits_per_second":	117100191.57798538,
				"retransmits":	0,
				"omitted":	false,
				"sender":	true
			}
		}, {
			"streams":	[{
					"socket":	6,
					"start":	0.200134,
					"end":	0.300128,
					"seconds":	0.099993996322155,
					"bytes":	1655064,
					"bits_per_second":	132413069.6541267,
					"retransmits":	0,
					"snd_cwnd":	40544,
					"snd_wnd":	217600,
					"rtt":	2357,
					"rttvar":	453,
					"pmtu":	1500,
					"omitted":	false,
					"sender":	true
				}],
			"sum":	{
				"start":	0.200134,
				"end":	0.300128,
				"seconds":	0.099993996322155,
				"bytes":	1655064,
				"bits_per_second":	132413069.6541267,
				"retransmits":	0,
				"omitted":	false,
				"sender":	true
			}
		}, {
			"streams":	[{
					"socket":	6,
					"start":	0.300128,
					"end":	0.400141,
					"seconds":	0.10001300275325775,
					"bytes":	1830272,
					"bits_per_second":	146402723.61508569,
					"retransmits":	0,
					"snd_cwnd":	34752,
					"snd_wnd":	209920,
					"rtt":	2204,
					"rttvar":	339,
					"pmtu":	1500,
					"omitted":	false,
					"sender":	true
				}],
			"sum":	{
				"start":	0.300128,
				"end":	0.400141,
				"seconds":	0.10001300275325775,
				"bytes":	1830272,
				"bits_per_second":	146402723.61508569,
				"retransmits":	0,
				"omitted":	false,
				"sender":	true
			}
		}, {
			"streams":	[{
					"socket":	6,
					"start":	0.400141,
					"end":	0.500123,
					"seconds":	0.099982000887393951,
					"bytes":	1608728,
					"bits_per_second":	128721408.71130204,
					"retransmits":	0,
					"snd_cwnd":	41992,
					"snd_wnd":	204288,
					"rtt":	2255,
					"rttvar":	158,
					"pmtu":	1500,
					"omitted":	false,
					"sender":	true
				}],
			"sum":	{
				"start":	0.400141,
				"end":	0.500123,
				"seconds":	0.099982000887393951,
				"bytes":	1608728,
				"bits_per_second":	128721408.71130204,
				"retransmits":	0,
				"omitted":	false,
				"sender":	true
			}
		}, {
			"streams":	[{
					"socket":	6,
					"start":	0.500123,
					"end":	0.600133,
					"seconds":	0.10001000016927719,
					"bytes":	1265552,
					"bits_per_second":	101234036.42499137,
					"retransmits":	9,
					"snd_cwnd":	23168,
					"snd_wnd":	212992,
					"rtt":	2337,
					"rttvar":	261,
					"pmtu":	1500,
					"omitted":	false,
					"sender":	true
				}],
			"sum":	{
				"start":	0.500123,
				"end":	0.600133,
				"seconds":	0.10001000016927719,
				"bytes":	1265552,
				"bits_per_second":	101234036.42499137,
				"retransmits":	9,
				"omitted":	false,
				"sender":	true
			}
		}, {
			"streams":	[{
					"socket":	6,
					"start":	0.600133,
					"end":	0.700125,
					"seconds":	0.099991999566555023,
					"bytes":	1662304,
					"bits_per_second":	132994960.17327383,
					"retransmits":	0,
					"snd_cwnd":	43440,
					"snd_wnd":	215552,
					"rtt":	2420,
					"rttvar":	329,
					"pmtu":	1500,
					"omitted":	false,
					"sender":	true
				}],
			"sum":	{
				"start":	0.600133,
				"end":	0.700125,
				"seconds":	0.099991999566555023,
				"bytes":	1662304,
				"bits_per_second":	132994960.17327383,
				"retransmits":	0,
				"omitted":	false,
				"sender":	true
			}
		}, {
			"streams":	[{
					"socket":	6,
					"start":	0.700125,
					"end":	0.800125,
					"seconds":	0.10000000149011612,
					"bytes":	1378496,
					"bits_per_second":	110279678.35670474,
					"retransmits":	2,
					"snd_cwnd":	33304,
					"snd_wnd":	217600,
					"rtt":	2615,
					"rttvar":	357,
					"pmtu":	1500,
					"omitted":	false,
					"sender":	true
				}],
			"sum":	{
				"start":	0.700125,
				"end":	0.800125,
				"seconds":	0.10000000149011612,
				"bytes":	1378496,
				"bits_per_second":	110279678.35670474,
				"retransmits":	2,
				"omitted":	false,
				"sender":	true
			}
		}, {
			"streams":	[{
					"socket":	6,
					"start":	0.800125,
					"end":	0.900124,
					"seconds":	0.099999003112316132,
					"bytes":	1556600,
					"bits_per_second":	124529241.4166705,
					"retransmits":	0,
					"snd_cwnd":	41992,
					"snd_wnd":	217600,
					"rtt":	2341,
					"rttvar":	193,
					"pmtu":	1500,
					"omitted":	false,
					"sender":	true
				}],
			"sum":	{
				"start":	0.800125,
				"end":	0.900124,
				"seconds":	0.099999003112316132,
				"bytes":	1556600,
				"bits_per_second":	124529241.4166705,
				"retransmits":	0,
				"omitted":	false,
				"sender":	true
			}
		}, {
			"streams":	[{
					"socket":	6,
					"start":	0.900124,
					"end":	1.000095,
					"seconds":	0.0999709963798523,
					"bytes":	1933080,
					"bits_per_second":	154691266.06721181,
					"retransmits":	0,
					"snd_cwnd":	39096,
					"snd_wnd":	207872,
					"rtt":	2434,
					"rttvar":	193,
					"pmtu":	1500,
					"omitted":	false,
					"sender":	true
				}],
			"sum":	{
				"start":	0.900124,
				"end":	1.000095,
				"seconds":	0.0999709963798523,
				"bytes":	1933080,
				"bits_per_second":	154691266.06721181,
				"retransmits":	0,
				"omitted":	false,
				"sender":	true
			}
		}, {
			"streams":	[{
					"socket":	6,
					"start":	1.000095,
					"end":	1.100126,
					"seconds":	0.10003100335597992,
					"bytes":	2353000,
					"bits_per_second":	188181657.3708764,
					"retransmits":	0,
					"snd_cwnd":	70952,
					"snd_wnd":	257536,
					"rtt":	2406,
					"rttvar":	254,
					"pmtu":	1500,
					"omitted":	false,
					"sender":	true
				}],
			"sum":	{
				"start":	1.000095,
				"end":	1.100126,
				"seconds":	0.10003100335597992,
				"bytes":	2353000,
				"bits_per_second":	188181657.3708764,
				"retransmits":	0,
				"omitted":	false,
				"sender":	true
			}
		}, {
			"streams":	[{
					"socket":	6,
					"start":	1.100126,
					"end":	1.175359,
					"seconds":	0.075232997536659241,
					"bytes":	3113336,
					"bits_per_second":	331060688.99971139,
					"retransmits":	0,
					"snd_cwnd":	99912,
					"snd_wnd":	270336,
					"rtt":	1815,
					"rttvar":	291,
					"pmtu":	1500,
					"omitted":	false,
					"sender":	true
				}],
			"sum":	{
				"start":	1.100126,
				"end":	1.175359,
				"seconds":	0.075232997536659241,
				"bytes":	3113336,
				"bits_per_second":	331060688.99971139,
				"retransmits":	0,
				"omitted":	false,