{
	"start":	{
		"connected":	[{
				"socket":	6,
				"local_host":	"10.0.0.5",
				"local_port":	33500,
				"remote_host":	"10.0.0.1",
				"remote_port":	5004
			}],
		"version":	"iperf 3.12",
		"system_info":	"Linux cs244c-vm 6.1.0-43-cloud-amd64 #1 SMP PREEMPT_DYNAMIC Debian 6.1.162-1 (2026-02-08) x86_64",
		"timestamp":	{
			"time":	"Wed, 11 Mar 2026 04:43:40 GMT",
			"timesecs":	1773204220
		},
		"connecting_to":	{
			"host":	"10.0.0.1",
			"port":	5004
		},
		"cookie":	"65tqr23lg6xthhq5v2aidancoemjwrq6s6nu",
		"tcp_mss_default":	1448,
		"target_bitrate":	0,
		"sock_bufsize":	0,
		"sndbuf_actual":	87380,
		"rcvbuf_actual":	87380,
		"test_start":	{
			"protocol":	"TCP",
			"num_streams":	1,
			"blksize":	131072,
			"omit":	0,
			"duration":	0,
			"bytes":	20971520,
			"blocks":	0,
			"reverse":	0,
			"tos":	0,
			"target_bitrate":	0
		}
	},
	"intervals":	[{
			"streams":	[{
					"socket":	6,
					"start":	0,
					"end":	0.100123,
					"seconds":	0.10012300312519073,
					"bytes":	12845056,
					"bits_per_second":	1026342047.2067891,
					"retransmits":	11,
					"snd_cwnd":	65160,
					"snd_wnd":	2222592,
					"rtt":	1339,
					"rttvar":	272,
					"pmtu":	1500,
					"omitted":	false,
					"sender":	true
				}],
			"sum":	{
				"start":	0,
				"end":	0.100123,
				"seconds":	0.10012300312519073,
				"bytes":	12845056,
				"bits_per_second":	1026342047.2067891,
				"retransmits":	11,
				"omitted":	false,
				"sender":	true
			}
		}, {
			"streams":	[{
					"socket":	6,
					"start":	0.100123,
					"end":	0.200125,
					"seconds":	0.10000199824571609,
					"bytes":	6553600,
					"bits_per_second":	524277523.64684325,
					"retransmits":	4,
					"snd_cwnd":	94120,
					"snd_wnd":	2240000,
					"rtt":	1363,
					"rttvar":	295,
					"pmtu":	1500,
					"omitted":	false,
					"sender":	true
				}],
			"sum":	{
				"start":	0.100123,
				"end":	0.200125,
				"seconds":	0.10000199824571609,
				"bytes":	6553600,
				"bits_per_second":	524277523.64684325,
				"retransmits":	4,
				"omitted":	false,
				"sender":	true
			}
		}, {
			"streams":	[{
					"socket":	6,
					"start":	0.200125,
					"end":	0.22051,
					"seconds":	0.020385000854730606,
					"bytes":	1572864,
					"bits_per_second":	617263255.94339967,
					"retransmits":	0,
					"snd_cwnd":	115840,
					"snd_wnd":	2240000,
					"rtt":	1317,
					"rttvar":	244,
					"pmtu":	1500,
					"omitted":	false,
					"sender":	true
				}],
			"sum":	{
				"start":	0.200125,
				"end":	0.22051,
				"seconds":	0.020385000854730606,
				"bytes":	1572864,
				"bits_per_second":	617263255.94339967,
				"retransmits":	0,
				"omitted":	false,
				"sender":	true
			}
		}],
	"end":	{
		"streams":	[{
				"sender":	{
					"socket":	6,
					"start":	0,
					"end":	0.22051,
					"seconds":	0.22051,
					"bytes":	20971520,
					"bits_per_second":	760836968.84495032,
					"retransmits":	15,
					"max_snd_cwnd":	115840,
					"max_snd_wnd":	2240000,
					"max_rtt":	1363,
					"min_rtt":	1317,
					"mean_rtt":	1339,
					"sender":	true
				},
				"receiver":	{
					"socket":	6,
					"start":	0,
					"end":	0.222397,
					"seconds":	0.22051,
					"bytes":	16421496,
					"bits_per_second":	590709263.164521,
					"sender":	true
				}
			}],
		"sum_sent":	{
			"start":	0,
			"end":	0.22051,
			"seconds":	0.22051,
			"bytes":	20971520,
			"bits_per_second":	760836968.84495032,
			"retransmits":	15,
			"sender":	true
		},
		"sum_received":	{
			"start":	0,
			"end":	0.222397,
			"seconds":	0.222397,
			"bytes":	16421496,
			"bits_per_second":	590709263.164521,
			"sender":	true
		},
		"cpu_utilization_percent":	{
			"host_total":	0.073507776747131839,
			"host_user":	0,
			"host_system":	0.073514187122709337,
			"remote_total":	8.79760122635954,
			"remote_user":	0,
			"remote_system":	8.79805077164448
		},
		"sender_tcp_congestion":	"dctcp",
		"receiver_tcp_congestion":	"dctcp"
	}
}
