{
	"start":	{
		"connected":	[{
				"socket":	6,
				"local_host":	"10.0.0.4",
				"local_port":	45950,
				"remote_host":	"10.0.0.1",
				"remote_port":	5003
			}],
		"version":	"iperf 3.12",
		"system_info":	"Linux cs244c-vm 6.1.0-43-cloud-amd64 #1 SMP PREEMPT_DYNAMIC Debian 6.1.162-1 (2026-02-08) x86_64",
		"timestamp":	{
			"time":	"Wed, 11 Mar 2026 04:43:38 GMT",
			"timesecs":	1773204218
		},
		"connecting_to":	{
			"host":	"10.0.0.1",
			"port":	5003
		},
		"cookie":	"qftd4useifz7qplayp7z2o5cqsp67dtcbw3o",
		"tcp_mss_default":	1448,
		"target_bitrate":	0,
		"sock_bufsize":	0,
		"sndbuf_actual":	87380,
		"rcvbuf_actual":	87380,
		"test_start":	{
			"protocol":	"TCP",
			"num_streams":	1,
			"blksize":	131072,
			"omit":	0,
			"duration":	0,
			"bytes":	20971520,
			"blocks":	0,
			"reverse":	0,
			"tos":	0,
			"target_bitrate":	0
		}
	},
	"intervals":	[{
			"streams":	[{
					"socket":	6,
					"start":	0,
					"end":	0.100114,
					"seconds":	0.10011400282382965,
					"bytes":	1643480,
					"bits_per_second":	131328681.59448403,
					"retransmits":	5,
					"snd_cwnd":	37648,
					"snd_wnd":	239616,
					"rtt":	1862,
					"rttvar":	306,
					"pmtu":	1500,
					"omitted":	false,
					"sender":	true
				}],
			"sum":	{
				"start":	0,
				"end":	0.100114,
				"seconds":	0.10011400282382965,
				"bytes":	1643480,
				"bits_per_second":	131328681.59448403,
				"retransmits":	5,
				"omitted":	false,
				"sender":	true
			}
		}, {
			"streams":	[{
					"socket":	6,
					"start":	0.100114,
					"end":	0.200092,
					"seconds":	0.0999779999256134,
					"bytes":	1013600,
					"bits_per_second":	81105843.345867962,
					"retransmits":	0,
					"snd_cwnd":	5792,
					"snd_wnd":	238080,
					"rtt":	2115,
					"rttvar":	269,
					"pmtu":	1500,
					"omitted":	false,
					"sender":	true
				}],
			"sum":	{
				"start":	0.100114,
				"end":	0.200092,
				"seconds":	0.0999779999256134,
				"bytes":	1013600,
				"bits_per_second":	81105843.345867962,
				"retransmits":	0,
				"omitted":	false,
				"sender":	true
			}
		}, {
			"streams":	[{
					"socket":	6,
					"start":	0.200092,
					"end":	0.300126,
					"seconds":	0.10003399848937988,
					"bytes":	2125664,
					"bits_per_second":	169995324.15776992,
					"retransmits":	0,
					"snd_cwnd":	40544,
					"snd_wnd":	238080,
					"rtt":	1983,
					"rttvar":	334,
					"pmtu":	1500,
					"omitted":	false,
					"sender":	true
				}],
			"sum":	{
				"start":	0.200092,
				"end":	0.300126,
				"seconds":	0.10003399848937988,
				"bytes":	2125664,
				"bits_per_second":	169995324.15776992,
				"retransmits":	0,
				"omitted":	false,
				"sender":	true
			}
		}, {
			"streams":	[{
					"socket":	6,
					"start":	0.300126,
					"end":	0.400102,
					"seconds":	0.099976003170013428,
					"bytes":	1374152,
					"bits_per_second":	109958546.565475,
					"retransmits":	5,
					"snd_cwnd":	15928,
					"snd_wnd":	236032,
					"rtt":	2246,
					"rttvar":	216,
					"pmtu":	1500,
					"omitted":	false,
					"sender":	true
				}],
			"sum":	{
				"start":	0.300126,
				"end":	0.400102,
				"seconds":	0.099976003170013428,
				"bytes":	1374152,
				"bits_per_second":	109958546.565475,
				"retransmits":	5,
				"omitted":	false,
				"sender":	true
			}
		}, {
			"streams":	[{
					"socket":	6,
					"start":	0.400102,
					"end":	0.500123,
					"seconds":	0.10002099722623825,
					"bytes":	325800,
					"bits_per_second":	26058528.431830809,
					"retransmits":	0,
					"snd_cwnd":	5792,
					"snd_wnd":	237568,
					"rtt":	2140,
					"rttvar":	227,
					"pmtu":	1500,
					"omitted":	false,
					"sender":	true
				}],
			"sum":	{
				"start":	0.400102,
				"end":	0.500123,
				"seconds":	0.10002099722623825,
				"bytes":	325800,
				"bits_per_second":	26058528.431830809,
				"retransmits":	0,
				"omitted":	false,
				"sender":	true
			}
		}, {
			"streams":	[{
					"socket":	6,
					"start":	0.500123,
					"end":	0.600127,
					"seconds":	0.10000400245189667,
					"bytes":	390960,
					"bits_per_second":	31275548.211227428,
					"retransmits":	0,
					"snd_cwnd":	7240,
					"snd_wnd":	237568,
					"rtt":	2014,
					"rttvar":	238,
					"pmtu":	1500,
					"omitted":	false,
					"sender":	true
				}],
			"sum":	{
				"start":	0.500123,
				"end":	0.600127,
				"seconds":	0.10000400245189667,
				"bytes":	390960,
				"bits_per_second":	31275548.211227428,
				"retransmits":	0,
				"omitted":	false,
				"sender":	true
			}
		}, {
			"streams":	[{
					"socket":	6,
					"start":	0.600127,
					"end":	0.700127,
					"seconds":	0.10000000149011612,
					"bytes":	390960,
					"bits_per_second":	31276799.533939369,
					"retransmits":	0,
					"snd_cwnd":	5792,
					"snd_wnd":	237568,
					"rtt":	2094,
					"rttvar":	227,
					"pmtu":	1500,
					"omitted":	false,
					"sender":	true
				}],
			"sum":	{
				"start":	0.600127,
				"end":	0.700127,
				"seconds":	0.10000000149011612,
				"bytes":	390960,
				"bits_per_second":	31276799.533939369,
				"retransmits":	0,
				"omitted":	false,
				"sender":	true
			}
		}, {
			"streams":	[{
					"socket":	6,
					"start":	0.700127,
					"end":	0.800119,
					"seconds":	0.099991999566555023,
					"bytes":	325800,
					"bits_per_second":	26066085.399814121,
					"retransmits":	0,
					"snd_cwnd":	5792,
					"snd_wnd":	237568,
					"rtt":	2254,
					"rttvar":	260,
					"pmtu":	1500,
					"omitted":	false,
					"sender":	true
				}],
			"sum":	{
				"start":	0.700127,
				"end":	0.800119,
				"seconds":	0.099991999566555023,
				"bytes":	325800,
				"bits_per_second":	26066085.399814121,
				"retransmits":	0,
				"omitted":	false,
				"sender":	true
			}
		}, {
			"streams":	[{
					"socket":	6,
					"start":	0.800119,
					"end":	0.900119,
					"seconds":	0.10000000149011612,
					"bytes":	390960,
					"bits_per_second":	31276799.533939369,
					"retransmits":	5,
					"snd_cwnd":	7240,
					"snd_wnd":	237568,
					"rtt":	2062,
					"rttvar":	345,
					"pmtu":	1500,
					"omitted":	false,
					"sender":	true
				}],
			"sum":	{
				"start":	0.800119,
				"end":	0.900119,
				"seconds":	0.10000000149011612,
				"bytes":	390960,
				"bits_per_second":	31276799.533939369,
				"retransmits":	5,
				"omitted":	false,
				"sender":	true
			}
		}, {
			"streams":	[{
					"socket":	6,
					"start":	0.900119,
					"end":	1.000095,
					"seconds":	0.099976003170013428,
					"bytes":	456120,
					"bits_per_second":	36498358.4490249,
					"retransmits":	8,
					"snd_cwnd":	8688,
					"snd_wnd":	237568,
					"rtt":	2214,
					"rttvar":	419,
					"pmtu":	1500,
					"omitted":	false,
					"sender":	true
				}],
			"sum":	{
				"start":	0.900119,
				"end":	1.000095,
				"seconds":	0.099976003170013428,
				"bytes":	456120,
				"bits_per_second":	36498358.4490249,
				"retransmits":	8,
				"omitted":	false,
				"sender":	true
			}
		}, {
			"streams":	[{
					"socket":	6,
					"start":	1.000095,
					"end":	1.100133,
					"seconds":	0.10003799945116043,
					"bytes":	390960,
					"bits_per_second":	31264919.502183419,
					"retransmits":	0,
					"snd_cwnd":	5792,
					"snd_wnd":	237568,
					"rtt":	2218,
					"rttvar":	236,
					"pmtu":	1500,
					"omitted":	false,
					"sender":	true
				}],
			"sum":	{
				"start":	1.000095,
				"end":	1.100133,
				"seconds":	0.10003799945116043,
				"bytes":	390960,
				"bits_per_second":	31264919.502183419,
				"retransmits":	0,
				"omitted":	false,
				"sender":	true
			}
		}, {
			"streams":	[{
					"socket":	6,
					"start":	1.100133,
					"end":	1.200092,
					"seconds":	0.099959000945091248,
					"bytes":	325800,
					"bits_per_second":	26074690.3766248,
					"retransmits":	0,
					"snd_cwnd":	7240,
					"snd_wnd":	237056,
					"rtt":	2173,
					"rttvar":	244,
					"pmtu":	1500,
					"omitted":	false,
					"sender":	true
				}],
			"sum":	{
				"start":	1.100133,
				"end":	1.200092,
				"seconds":	0.099959000945091248,
				"bytes":	325800,
				"bits_per_second":	26074690.3766248,
				"retransmits":	0,
				"omitted":	false,