{
	"start":	{
		"connected":	[{
				"socket":	6,
				"local_host":	"10.0.0.3",
				"local_port":	53570,
				"remote_host":	"10.0.0.1",
				"remote_port":	5002
			}],
		"version":	"iperf 3.12",
		"system_info":	"Linux cs244c-vm 6.1.0-43-cloud-amd64 #1 SMP PREEMPT_DYNAMIC Debian 6.1.162-1 (2026-02-08) x86_64",
		"timestamp":	{
			"time":	"Wed, 11 Mar 2026 04:41:39 GMT",
			"timesecs":	1773204099
		},
		"connecting_to":	{
			"host":	"10.0.0.1",
			"port":	5002
		},
		"cookie":	"yfdvxh6iyfvjkg3dvjsyrzat5zy4uifmyrqw",
		"tcp_mss_default":	1448,
		"target_bitrate":	0,
		"sock_bufsize":	0,
		"sndbuf_actual":	87380,
		"rcvbuf_actual":	87380,
		"test_start":	{
			"protocol":	"TCP",
			"num_streams":	1,
			"blksize":	131072,
			"omit":	0,
			"duration":	0,
			"bytes":	20971520,
			"blocks":	0,
			"reverse":	0,
			"tos":	0,
			"target_bitrate":	0
		}
	},
	"intervals":	[{
			"streams":	[{
					"socket":	6,
					"start":	0,
					"end":	0.100125,
					"seconds":	0.10012499988079071,
					"bytes":	4995600,
					"bits_per_second":	399149064.14564073,
					"retransmits":	4,
					"snd_cwnd":	83984,
					"snd_wnd":	1768448,
					"rtt":	1502,
					"rttvar":	175,
					"pmtu":	1500,
					"omitted":	false,
					"sender":	true
				}],
			"sum":	{
				"start":	0,
				"end":	0.100125,
				"seconds":	0.10012499988079071,
				"bytes":	4995600,
				"bits_per_second":	399149064.14564073,
				"retransmits":	4,
				"omitted":	false,
				"sender":	true
			}
		}, {
			"streams":	[{
					"socket":	6,
					"start":	0.100125,
					"end":	0.200139,
					"seconds":	0.10001400113105774,
					"bytes":	5017320,
					"bits_per_second":	401329409.34342456,
					"retransmits":	4,
					"snd_cwnd":	105704,
					"snd_wnd":	1733632,
					"rtt":	1648,
					"rttvar":	337,
					"pmtu":	1500,
					"omitted":	false,
					"sender":	true
				}],
			"sum":	{
				"start":	0.100125,
				"end":	0.200139,
				"seconds":	0.10001400113105774,
				"bytes":	5017320,
				"bits_per_second":	401329409.34342456,
				"retransmits":	4,
				"omitted":	false,
				"sender":	true
			}
		}, {
			"streams":	[{
					"socket":	6,
					"start":	0.200139,
					"end":	0.300095,
					"seconds":	0.0999559983611107,
					"bytes":	6516000,
					"bits_per_second":	521509472.71495759,
					"retransmits":	3,
					"snd_cwnd":	75296,
					"snd_wnd":	1746432,
					"rtt":	1665,
					"rttvar":	260,
					"pmtu":	1500,
					"omitted":	false,
					"sender":	true
				}],
			"sum":	{
				"start":	0.200139,
				"end":	0.300095,
				"seconds":	0.0999559983611107,
				"bytes":	6516000,
				"bits_per_second":	521509472.71495759,
				"retransmits":	3,
				"omitted":	false,
				"sender":	true
			}
		}, {
			"streams":	[{
					"socket":	6,
					"start":	0.300095,
					"end":	0.385842,
					"seconds":	0.085747003555297852,
					"bytes":	4442600,
					"bits_per_second":	414484454.57432109,
					"retransmits":	0,
					"snd_cwnd":	107152,
					"snd_wnd":	1768448,
					"rtt":	1937,
					"rttvar":	403,
					"pmtu":	1500,
					"omitted":	false,
					"sender":	true
				}],
			"sum":	{
				"start":	0.300095,
				"end":	0.385842,
				"seconds":	0.085747003555297852,
				"bytes":	4442600,
				"bits_per_second":	414484454.57432109,
				"retransmits":	0,
				"omitted":	false,
				"sender":	true
			}
		}],
	"end":	{
		"streams":	[{
				"sender":	{
					"socket":	6,
					"start":	0,
					"end":	0.385842,
					"seconds":	0.385842,
					"bytes":	20971520,
					"bits_per_second":	434820885.2328155,
					"retransmits":	11,
					"max_snd_cwnd":	107152,
					"max_snd_wnd":	1768448,
					"max_rtt":	1937,
					"min_rtt":	1502,
					"mean_rtt":	1688,
					"sender":	true
				},
				"receiver":	{
					"socket":	6,
					"start":	0,
					"end":	0.388124,
					"seconds":	0.385842,
					"bytes":	19982400,
					"bits_per_second":	411876616.75134748,
					"sender":	true
				}
			}],
		"sum_sent":	{
			"start":	0,
			"end":	0.385842,
			"seconds":	0.385842,
			"bytes":	20971520,
			"bits_per_second":	434820885.2328155,
			"retransmits":	11,
			"sender":	true
		},
		"sum_received":	{
			"start":	0,
			"end":	0.388124,
			"seconds":	0.388124,
			"bytes":	19982400,
			"bits_per_second":	411876616.75134748,
			"sender":	true
		},
		"cpu_utilization_percent":	{
			"host_total":	3.7521557964172865,
			"host_user":	0.28827876178606948,
			"host_system":	3.4638770346312171,
			"remote_total":	7.35692716760623,
			"remote_user":	0,
			"remote_system":	7.3613072110974844
		},
		"sender_tcp_congestion":	"dctcp",
		"receiver_tcp_congestion":	"dctcp"
	}
}
