{
	"start":	{
		"connected":	[{
				"socket":	6,
				"local_host":	"10.0.0.5",
				"local_port":	51306,
				"remote_host":	"10.0.0.1",
				"remote_port":	5004
			}],
		"version":	"iperf 3.12",
		"system_info":	"Linux cs244c-vm 6.1.0-43-cloud-amd64 #1 SMP PREEMPT_DYNAMIC Debian 6.1.162-1 (2026-02-08) x86_64",
		"timestamp":	{
			"time":	"Wed, 11 Mar 2026 04:31:21 GMT",
			"timesecs":	1773203481
		},
		"connecting_to":	{
			"host":	"10.0.0.1",
			"port":	5004
		},
		"cookie":	"u6ghjqzq7zthdqcdtbxa4sdlrc5uj6da5cf4",
		"tcp_mss_default":	1448,
		"target_bitrate":	0,
		"sock_bufsize":	0,
		"sndbuf_actual":	87380,
		"rcvbuf_actual":	87380,
		"test_start":	{
			"protocol":	"TCP",
			"num_streams":	1,
			"blksize":	131072,
			"omit":	0,
			"duration":	0,
			"bytes":	20971520,
			"blocks":	0,
			"reverse":	0,
			"tos":	0,
			"target_bitrate":	0
		}
	},
	"intervals":	[{
			"streams":	[{
					"socket":	6,
					"start":	0,
					"end":	0.100229,
					"seconds":	0.10022900253534317,
					"bytes":	3013288,
					"bits_per_second":	240512260.82489979,
					"retransmits":	4,
					"snd_cwnd":	49232,
					"snd_wnd":	404992,
					"rtt":	1532,
					"rttvar":	155,
					"pmtu":	1500,
					"omitted":	false,
					"sender":	true
				}],
			"sum":	{
				"start":	0,
				"end":	0.100229,
				"seconds":	0.10022900253534317,
				"bytes":	3013288,
				"bits_per_second":	240512260.82489979,
				"retransmits":	4,
				"omitted":	false,
				"sender":	true
			}
		}, {
			"streams":	[{
					"socket":	6,
					"start":	0.100229,
					"end":	0.200097,
					"seconds":	0.0998679995536804,
					"bytes":	4468528,
					"bits_per_second":	357954741.85687315,
					"retransmits":	2,
					"snd_cwnd":	91224,
					"snd_wnd":	416256,
					"rtt":	1462,
					"rttvar":	225,
					"pmtu":	1500,
					"omitted":	false,
					"sender":	true
				}],
			"sum":	{
				"start":	0.100229,
				"end":	0.200097,
				"seconds":	0.0998679995536804,
				"bytes":	4468528,
				"bits_per_second":	357954741.85687315,
				"retransmits":	2,
				"omitted":	false,
				"sender":	true
			}
		}, {
			"streams":	[{
					"socket":	6,
					"start":	0.200097,
					"end":	0.300208,
					"seconds":	0.10011100023984909,
					"bytes":	5238864,
					"bits_per_second":	418644423.68559414,
					"retransmits":	0,
					"snd_cwnd":	70952,
					"snd_wnd":	382464,
					"rtt":	1493,
					"rttvar":	154,
					"pmtu":	1500,
					"omitted":	false,
					"sender":	true
				}],
			"sum":	{
				"start":	0.200097,
				"end":	0.300208,
				"seconds":	0.10011100023984909,
				"bytes":	5238864,
				"bits_per_second":	418644423.68559414,
				"retransmits":	0,
				"omitted":	false,
				"sender":	true
			}
		}, {
			"streams":	[{
					"socket":	6,
					"start":	0.300208,
					"end":	0.400112,
					"seconds":	0.099904000759124756,
					"bytes":	3844440,
					"bits_per_second":	307850734.36802214,
					"retransmits":	30,
					"snd_cwnd":	44888,
					"snd_wnd":	416256,
					"rtt":	1424,
					"rttvar":	195,
					"pmtu":	1500,
					"omitted":	false,
					"sender":	true
				}],
			"sum":	{
				"start":	0.300208,
				"end":	0.400112,
				"seconds":	0.099904000759124756,
				"bytes":	3844440,
				"bits_per_second":	307850734.36802214,
				"retransmits":	30,
				"omitted":	false,
				"sender":	true
			}
		}, {
			"streams":	[{
					"socket":	6,
					"start":	0.400112,
					"end":	0.500085,
					"seconds":	0.099973000586032867,
					"bytes":	3648960,
					"bits_per_second":	291995637.11082953,
					"retransmits":	0,
					"snd_cwnd":	55024,
					"snd_wnd":	411136,
					"rtt":	1268,
					"rttvar":	246,
					"pmtu":	1500,
					"omitted":	false,
					"sender":	true
				}],
			"sum":	{
				"start":	0.400112,
				"end":	0.500085,
				"seconds":	0.099973000586032867,
				"bytes":	3648960,
				"bits_per_second":	291995637.11082953,
				"retransmits":	0,
				"omitted":	false,
				"sender":	true
			}
		}, {
			"streams":	[{
					"socket":	6,
					"start":	0.500085,
					"end":	0.520477,
					"seconds":	0.020392000675201416,
					"bytes":	757440,
					"bits_per_second":	297151814.40578043,
					"retransmits":	0,
					"snd_cwnd":	62264,
					"snd_wnd":	412672,
					"rtt":	1681,
					"rttvar":	185,
					"pmtu":	1500,
					"omitted":	false,
					"sender":	true
				}],
			"sum":	{
				"start":	0.500085,
				"end":	0.520477,
				"seconds":	0.020392000675201416,
				"bytes":	757440,
				"bits_per_second":	297151814.40578043,
				"retransmits":	0,
				"omitted":	false,
				"sender":	true
			}
		}],
	"end":	{
		"streams":	[{
				"sender":	{
					"socket":	6,
					"start":	0,
					"end":	0.520477,
					"seconds":	0.520477,
					"bytes":	20971520,
					"bits_per_second":	322343081.44259977,
					"retransmits":	36,
					"max_snd_cwnd":	91224,
					"max_snd_wnd":	416256,
					"max_rtt":	1681,
					"min_rtt":	1268,
					"mean_rtt":	1476,
					"sender":	true
				},
				"receiver":	{
					"socket":	6,
					"start":	0,
					"end":	0.521975,
					"seconds":	0.520477,
					"bytes":	20725224,
					"bits_per_second":	317643166.81833422,
					"sender":	true
				}
			}],
		"sum_sent":	{
			"start":	0,
			"end":	0.520477,
			"seconds":	0.520477,
			"bytes":	20971520,
			"bits_per_second":	322343081.44259977,
			"retransmits":	36,
			"sender":	true
		},
		"sum_received":	{
			"start":	0,
			"end":	0.521975,
			"seconds":	0.521975,
			"bytes":	20725224,
			"bits_per_second":	317643166.81833422,
			"sender":	true
		},
		"cpu_utilization_percent":	{
			"host_total":	3.99917189720233,
			"host_user":	0,
			"host_system":	3.9993601023836187,
			"remote_total":	6.5492337164750962,
			"remote_user":	0.86283524904214559,
			"remote_system":	5.68639846743295
		},
		"sender_tcp_congestion":	"dctcp",
		"receiver_tcp_congestion":	"dctcp"
	}
}
