{
	"start":	{
		"connected":	[{
				"socket":	6,
				"local_host":	"10.0.0.3",
				"local_port":	40770,
				"remote_host":	"10.0.0.1",
				"remote_port":	5002
			}],
		"version":	"iperf 3.12",
		"system_info":	"Linux cs244c-vm 6.1.0-43-cloud-amd64 #1 SMP PREEMPT_DYNAMIC Debian 6.1.162-1 (2026-02-08) x86_64",
		"timestamp":	{
			"time":	"Wed, 11 Mar 2026 04:31:17 GMT",
			"timesecs":	1773203477
		},
		"connecting_to":	{
			"host":	"10.0.0.1",
			"port":	5002
		},
		"cookie":	"k2ea2pa2naq5sgsmyjn752l5hrk3pjymvujr",
		"tcp_mss_default":	1448,
		"target_bitrate":	0,
		"sock_bufsize":	0,
		"sndbuf_actual":	87380,
		"rcvbuf_actual":	87380,
		"test_start":	{
			"protocol":	"TCP",
			"num_streams":	1,
			"blksize":	131072,
			"omit":	0,
			"duration":	0,
			"bytes":	20971520,
			"blocks":	0,
			"reverse":	0,
			"tos":	0,
			"target_bitrate":	0
		}
	},
	"intervals":	[{
			"streams":	[{
					"socket":	6,
					"start":	0,
					"end":	0.100112,
					"seconds":	0.10011199861764908,
					"bytes":	1119304,
					"bits_per_second":	89444143.7953811,
					"retransmits":	6,
					"snd_cwnd":	27512,
					"snd_wnd":	175616,
					"rtt":	1812,
					"rttvar":	700,
					"pmtu":	1500,
					"omitted":	false,
					"sender":	true
				}],
			"sum":	{
				"start":	0,
				"end":	0.100112,
				"seconds":	0.10011199861764908,
				"bytes":	1119304,
				"bits_per_second":	89444143.7953811,
				"retransmits":	6,
				"omitted":	false,
				"sender":	true
			}
		}, {
			"streams":	[{
					"socket":	6,
					"start":	0.100112,
					"end":	0.200113,
					"seconds":	0.10000099986791611,
					"bytes":	2626672,
					"bits_per_second":	210131658.96096048,
					"retransmits":	0,
					"snd_cwnd":	41992,
					"snd_wnd":	177152,
					"rtt":	1454,
					"rttvar":	142,
					"pmtu":	1500,
					"omitted":	false,
					"sender":	true
				}],
			"sum":	{
				"start":	0.100112,
				"end":	0.200113,
				"seconds":	0.10000099986791611,
				"bytes":	2626672,
				"bits_per_second":	210131658.96096048,
				"retransmits":	0,
				"omitted":	false,
				"sender":	true
			}
		}, {
			"streams":	[{
					"socket":	6,
					"start":	0.200113,
					"end":	0.300107,
					"seconds":	0.099993996322155,
					"bytes":	4099288,
					"bits_per_second":	327962729.82575041,
					"retransmits":	0,
					"snd_cwnd":	69504,
					"snd_wnd":	327168,
					"rtt":	1457,
					"rttvar":	90,
					"pmtu":	1500,
					"omitted":	false,
					"sender":	true
				}],
			"sum":	{
				"start":	0.200113,
				"end":	0.300107,
				"seconds":	0.099993996322155,
				"bytes":	4099288,
				"bits_per_second":	327962729.82575041,
				"retransmits":	0,
				"omitted":	false,
				"sender":	true
			}
		}, {
			"streams":	[{
					"socket":	6,
					"start":	0.300107,
					"end":	0.400109,
					"seconds":	0.10000199824571609,
					"bytes":	4039920,
					"bits_per_second":	323187141.92678148,
					"retransmits":	4,
					"snd_cwnd":	62264,
					"snd_wnd":	311808,
					"rtt":	1417,
					"rttvar":	197,
					"pmtu":	1500,
					"omitted":	false,
					"sender":	true
				}],
			"sum":	{
				"start":	0.300107,
				"end":	0.400109,
				"seconds":	0.10000199824571609,
				"bytes":	4039920,
				"bits_per_second":	323187141.92678148,
				"retransmits":	4,
				"omitted":	false,
				"sender":	true
			}
		}, {
			"streams":	[{
					"socket":	6,
					"start":	0.400109,
					"end":	0.500086,
					"seconds":	0.0999770015478134,
					"bytes":	4772608,
					"bits_per_second":	381896470.277119,
					"retransmits":	3,
					"snd_cwnd":	82536,
					"snd_wnd":	372736,
					"rtt":	1425,
					"rttvar":	123,
					"pmtu":	1500,
					"omitted":	false,
					"sender":	true
				}],
			"sum":	{
				"start":	0.400109,
				"end":	0.500086,
				"seconds":	0.0999770015478134,
				"bytes":	4772608,
				"bits_per_second":	381896470.277119,
				"retransmits":	3,
				"omitted":	false,
				"sender":	true
			}
		}, {
			"streams":	[{
					"socket":	6,
					"start":	0.500086,
					"end":	0.576741,
					"seconds":	0.076655000448226929,
					"bytes":	4313728,
					"bits_per_second":	450196644.68344843,
					"retransmits":	0,
					"snd_cwnd":	99912,
					"snd_wnd":	372736,
					"rtt":	1577,
					"rttvar":	239,
					"pmtu":	1500,
					"omitted":	false,
					"sender":	true
				}],
			"sum":	{
				"start":	0.500086,
				"end":	0.576741,
				"seconds":	0.076655000448226929,
				"bytes":	4313728,
				"bits_per_second":	450196644.68344843,
				"retransmits":	0,
				"omitted":	false,
				"sender":	true
			}
		}],
	"end":	{
		"streams":	[{
				"sender":	{
					"socket":	6,
					"start":	0,
					"end":	0.576741,
					"seconds":	0.576741,
					"bytes":	20971520,
					"bits_per_second":	290896884.39004683,
					"retransmits":	13,
					"max_snd_cwnd":	99912,
					"max_snd_wnd":	372736,
					"max_rtt":	1812,
					"min_rtt":	1417,
					"mean_rtt":	1523,
					"sender":	true
				},
				"receiver":	{
					"socket":	6,
					"start":	0,
					"end":	0.578343,
					"seconds":	0.576741,
					"bytes":	20777352,
					"bits_per_second":	287405252.59231979,
					"sender":	true
				}
			}],
		"sum_sent":	{
			"start":	0,
			"end":	0.576741,
			"seconds":	0.576741,
			"bytes":	20971520,
			"bits_per_second":	290896884.39004683,
			"retransmits":	13,
			"sender":	true
		},
		"sum_received":	{
			"start":	0,
			"end":	0.578343,
			"seconds":	0.578343,
			"bytes":	20777352,
			"bits_per_second":	287405252.59231979,
			"sender":	true
		},
		"cpu_utilization_percent":	{
			"host_total":	1.3636018695565089,
			"host_user":	0.792085859270714,
			"host_system":	0.57151601028579535,
			"remote_total":	6.41301171739247,
			"remote_user":	1.9101925926438219,
			"remote_system":	4.5028191247486475
		},
		"sender_tcp_congestion":	"dctcp",
		"receiver_tcp_congestion":	"dctcp"
	}
}
