{
	"start":	{
		"connected":	[{
				"socket":	6,
				"local_host":	"10.0.0.4",
				"local_port":	56714,
				"remote_host":	"10.0.0.1",
				"remote_port":	5003
			}],
		"version":	"iperf 3.12",
		"system_info":	"Linux cs244c-vm 6.1.0-43-cloud-amd64 #1 SMP PREEMPT_DYNAMIC Debian 6.1.162-1 (2026-02-08) x86_64",
		"timestamp":	{
			"time":	"Wed, 11 Mar 2026 04:31:19 GMT",
			"timesecs":	1773203479
		},
		"connecting_to":	{
			"host":	"10.0.0.1",
			"port":	5003
		},
		"cookie":	"3ia5czifdtiehyz4czwtoe4eh6o6hmmylteq",
		"tcp_mss_default":	1448,
		"target_bitrate":	0,
		"sock_bufsize":	0,
		"sndbuf_actual":	87380,
		"rcvbuf_actual":	87380,
		"test_start":	{
			"protocol":	"TCP",
			"num_streams":	1,
			"blksize":	131072,
			"omit":	0,
			"duration":	0,
			"bytes":	20971520,
			"blocks":	0,
			"reverse":	0,
			"tos":	0,
			"target_bitrate":	0
		}
	},
	"intervals":	[{
			"streams":	[{
					"socket":	6,
					"start":	0,
					"end":	0.100118,
					"seconds":	0.1001179963350296,
					"bytes":	3418728,
					"bits_per_second":	273175902.44692856,
					"retransmits":	1,
					"snd_cwnd":	56472,
					"snd_wnd":	796160,
					"rtt":	1499,
					"rttvar":	281,
					"pmtu":	1500,
					"omitted":	false,
					"sender":	true
				}],
			"sum":	{
				"start":	0,
				"end":	0.100118,
				"seconds":	0.1001179963350296,
				"bytes":	3418728,
				"bits_per_second":	273175902.44692856,
				"retransmits":	1,
				"omitted":	false,
				"sender":	true
			}
		}, {
			"streams":	[{
					"socket":	6,
					"start":	0.100118,
					"end":	0.20019,
					"seconds":	0.10007199645042419,
					"bytes":	3518640,
					"bits_per_second":	281288682.133419,
					"retransmits":	0,
					"snd_cwnd":	65160,
					"snd_wnd":	787968,
					"rtt":	1566,
					"rttvar":	251,
					"pmtu":	1500,
					"omitted":	false,
					"sender":	true
				}],
			"sum":	{
				"start":	0.100118,
				"end":	0.20019,
				"seconds":	0.10007199645042419,
				"bytes":	3518640,
				"bits_per_second":	281288682.133419,
				"retransmits":	0,
				"omitted":	false,
				"sender":	true
			}
		}, {
			"streams":	[{
					"socket":	6,
					"start":	0.20019,
					"end":	0.300136,
					"seconds":	0.0999459996819496,
					"bytes":	4300560,
					"bits_per_second":	344230685.66508615,
					"retransmits":	0,
					"snd_cwnd":	57920,
					"snd_wnd":	796160,
					"rtt":	1387,
					"rttvar":	140,
					"pmtu":	1500,
					"omitted":	false,
					"sender":	true
				}],
			"sum":	{
				"start":	0.20019,
				"end":	0.300136,
				"seconds":	0.0999459996819496,
				"bytes":	4300560,
				"bits_per_second":	344230685.66508615,
				"retransmits":	0,
				"omitted":	false,
				"sender":	true
			}
		}, {
			"streams":	[{
					"socket":	6,
					"start":	0.300136,
					"end":	0.400126,
					"seconds":	0.099990002810955048,
					"bytes":	4691520,
					"bits_per_second":	375359125.36135983,
					"retransmits":	0,
					"snd_cwnd":	62264,
					"snd_wnd":	796160,
					"rtt":	1429,
					"rttvar":	109,
					"pmtu":	1500,
					"omitted":	false,
					"sender":	true
				}],
			"sum":	{
				"start":	0.300136,
				"end":	0.400126,
				"seconds":	0.099990002810955048,
				"bytes":	4691520,
				"bits_per_second":	375359125.36135983,
				"retransmits":	0,
				"omitted":	false,
				"sender":	true
			}
		}, {
			"streams":	[{
					"socket":	6,
					"start":	0.400126,
					"end":	0.50008,
					"seconds":	0.0999540016055107,
					"bytes":	5017320,
					"bits_per_second":	401570315.89805865,
					"retransmits":	0,
					"snd_cwnd":	94120,
					"snd_wnd":	796160,
					"rtt":	1455,
					"rttvar":	129,
					"pmtu":	1500,
					"omitted":	false,
					"sender":	true
				}],
			"sum":	{
				"start":	0.400126,
				"end":	0.50008,
				"seconds":	0.0999540016055107,
				"bytes":	5017320,
				"bits_per_second":	401570315.89805865,
				"retransmits":	0,
				"omitted":	false,
				"sender":	true
			}
		}, {
			"streams":	[{
					"socket":	6,
					"start":	0.50008,
					"end":	0.5021,
					"seconds":	0.0020200000144541264,
					"bytes":	24752,
					"bits_per_second":	98027722.070839062,
					"retransmits":	0,
					"snd_cwnd":	95568,
					"snd_wnd":	796160,
					"rtt":	1518,
					"rttvar":	203,
					"pmtu":	1500,
					"omitted":	false,
					"sender":	true
				}],
			"sum":	{
				"start":	0.50008,
				"end":	0.5021,
				"seconds":	0.0020200000144541264,
				"bytes":	24752,
				"bits_per_second":	98027722.070839062,
				"retransmits":	0,
				"omitted":	false,
				"sender":	true
			}
		}],
	"end":	{
		"streams":	[{
				"sender":	{
					"socket":	6,
					"start":	0,
					"end":	0.5021,
					"seconds":	0.5021,
					"bytes":	20971520,
					"bits_per_second":	334140928.10197175,
					"retransmits":	1,
					"max_snd_cwnd":	95568,
					"max_snd_wnd":	796160,
					"max_rtt":	1566,
					"min_rtt":	1387,
					"mean_rtt":	1475,
					"sender":	true
				},
				"receiver":	{
					"socket":	6,
					"start":	0,
					"end":	0.503922,
					"seconds":	0.5021,
					"bytes":	20751288,
					"bits_per_second":	329436508.03100479,
					"sender":	true
				}
			}],
		"sum_sent":	{
			"start":	0,
			"end":	0.5021,
			"seconds":	0.5021,
			"bytes":	20971520,
			"bits_per_second":	334140928.10197175,
			"retransmits":	1,
			"sender":	true
		},
		"sum_received":	{
			"start":	0,
			"end":	0.503922,
			"seconds":	0.503922,
			"bytes":	20751288,
			"bits_per_second":	329436508.03100479,
			"sender":	true
		},
		"cpu_utilization_percent":	{
			"host_total":	3.6801737463069126,
			"host_user":	0.87460134222935282,
			"host_system":	2.80557240407756,
			"remote_total":	6.670992552729178,
			"remote_user":	0.69035585373742658,
			"remote_system":	5.98043826385127
		},
		"sender_tcp_congestion":	"dctcp",
		"receiver_tcp_congestion":	"dctcp"
	}
}
