{
	"start":	{
		"connected":	[{
				"socket":	6,
				"local_host":	"10.0.0.5",
				"local_port":	49862,
				"remote_host":	"10.0.0.1",
				"remote_port":	5004
			}],
		"version":	"iperf 3.12",
		"system_info":	"Linux cs244c-vm 6.1.0-43-cloud-amd64 #1 SMP PREEMPT_DYNAMIC Debian 6.1.162-1 (2026-02-08) x86_64",
		"timestamp":	{
			"time":	"Wed, 11 Mar 2026 04:41:43 GMT",
			"timesecs":	1773204103
		},
		"connecting_to":	{
			"host":	"10.0.0.1",
			"port":	5004
		},
		"cookie":	"jd4go5gnff5udcv53m6pammhkum7jjxbbfh3",
		"tcp_mss_default":	1448,
		"target_bitrate":	0,
		"sock_bufsize":	0,
		"sndbuf_actual":	87380,
		"rcvbuf_actual":	87380,
		"test_start":	{
			"protocol":	"TCP",
			"num_streams":	1,
			"blksize":	131072,
			"omit":	0,
			"duration":	0,
			"bytes":	20971520,
			"blocks":	0,
			"reverse":	0,
			"tos":	0,
			"target_bitrate":	0
		}
	},
	"intervals":	[{
			"streams":	[{
					"socket":	6,
					"start":	0,
					"end":	0.100116,
					"seconds":	0.10011599957942963,
					"bytes":	7787344,
					"bits_per_second":	622265694.41154778,
					"retransmits":	12,
					"snd_cwnd":	78192,
					"snd_wnd":	2416128,
					"rtt":	1444,
					"rttvar":	347,
					"pmtu":	1500,
					"omitted":	false,
					"sender":	true
				}],
			"sum":	{
				"start":	0,
				"end":	0.100116,
				"seconds":	0.10011599957942963,
				"bytes":	7787344,
				"bits_per_second":	622265694.41154778,
				"retransmits":	12,
				"omitted":	false,
				"sender":	true
			}
		}, {
			"streams":	[{
					"socket":	6,
					"start":	0.100116,
					"end":	0.200365,
					"seconds":	0.10024899989366531,
					"bytes":	5929560,
					"bits_per_second":	473186565.95393616,
					"retransmits":	2,
					"snd_cwnd":	104256,
					"snd_wnd":	2435584,
					"rtt":	1682,
					"rttvar":	261,
					"pmtu":	1500,
					"omitted":	false,
					"sender":	true
				}],
			"sum":	{
				"start":	0.100116,
				"end":	0.200365,
				"seconds":	0.10024899989366531,
				"bytes":	5929560,
				"bits_per_second":	473186565.95393616,
				"retransmits":	2,
				"omitted":	false,
				"sender":	true
			}
		}, {
			"streams":	[{
					"socket":	6,
					"start":	0.200365,
					"end":	0.300125,
					"seconds":	0.099760003387928,
					"bytes":	5147640,
					"bits_per_second":	412801910.60000849,
					"retransmits":	27,
					"snd_cwnd":	41992,
					"snd_wnd":	2435584,
					"rtt":	1411,
					"rttvar":	225,
					"pmtu":	1500,
					"omitted":	false,
					"sender":	true
				}],
			"sum":	{
				"start":	0.200365,
				"end":	0.300125,
				"seconds":	0.099760003387928,
				"bytes":	5147640,
				"bits_per_second":	412801910.60000849,
				"retransmits":	27,
				"omitted":	false,
				"sender":	true
			}
		}, {
			"streams":	[{
					"socket":	6,
					"start":	0.300125,
					"end":	0.367186,
					"seconds":	0.067060999572277069,
					"bytes":	2106976,
					"bits_per_second":	251350384.09072819,
					"retransmits":	0,
					"snd_cwnd":	57920,
					"snd_wnd":	2419712,
					"rtt":	1491,
					"rttvar":	177,
					"pmtu":	1500,
					"omitted":	false,
					"sender":	true
				}],
			"sum":	{
				"start":	0.300125,
				"end":	0.367186,
				"seconds":	0.067060999572277069,
				"bytes":	2106976,
				"bits_per_second":	251350384.09072819,
				"retransmits":	0,
				"omitted":	false,
				"sender":	true
			}
		}],
	"end":	{
		"streams":	[{
				"sender":	{
					"socket":	6,
					"start":	0,
					"end":	0.367186,
					"seconds":	0.367186,
					"bytes":	20971520,
					"bits_per_second":	456913281.00744581,
					"retransmits":	41,
					"max_snd_cwnd":	104256,
					"max_snd_wnd":	2435584,
					"max_rtt":	1682,
					"min_rtt":	1411,
					"mean_rtt":	1507,
					"sender":	true
				},
				"receiver":	{
					"socket":	6,
					"start":	0,
					"end":	0.368055,
					"seconds":	0.367186,
					"bytes":	19013688,
					"bits_per_second":	413279276.19513386,
					"sender":	true
				}
			}],
		"sum_sent":	{
			"start":	0,
			"end":	0.367186,
			"seconds":	0.367186,
			"bytes":	20971520,
			"bits_per_second":	456913281.00744581,
			"retransmits":	41,
			"sender":	true
		},
		"sum_received":	{
			"start":	0,
			"end":	0.368055,
			"seconds":	0.368055,
			"bytes":	19013688,
			"bits_per_second":	413279276.19513386,
			"sender":	true
		},
		"cpu_utilization_percent":	{
			"host_total":	0.82742325268923334,
			"host_user":	0,
			"host_system":	0.82742325268923334,
			"remote_total":	7.1590032276644537,
			"remote_user":	2.54137822358912,
			"remote_system":	4.6176250040753342
		},
		"sender_tcp_congestion":	"dctcp",
		"receiver_tcp_congestion":	"dctcp"
	}
}
