{
	"start":	{
		"connected":	[{
				"socket":	6,
				"local_host":	"10.0.0.4",
				"local_port":	51290,
				"remote_host":	"10.0.0.1",
				"remote_port":	5003
			}],
		"version":	"iperf 3.12",
		"system_info":	"Linux cs244c-vm 6.1.0-43-cloud-amd64 #1 SMP PREEMPT_DYNAMIC Debian 6.1.162-1 (2026-02-08) x86_64",
		"timestamp":	{
			"time":	"Wed, 11 Mar 2026 04:41:41 GMT",
			"timesecs":	1773204101
		},
		"connecting_to":	{
			"host":	"10.0.0.1",
			"port":	5003
		},
		"cookie":	"jhbbmugkx7lzz5xhiasoqsdc7tg4jdrnnsi5",
		"tcp_mss_default":	1448,
		"target_bitrate":	0,
		"sock_bufsize":	0,
		"sndbuf_actual":	87380,
		"rcvbuf_actual":	87380,
		"test_start":	{
			"protocol":	"TCP",
			"num_streams":	1,
			"blksize":	131072,
			"omit":	0,
			"duration":	0,
			"bytes":	20971520,
			"blocks":	0,
			"reverse":	0,
			"tos":	0,
			"target_bitrate":	0
		}
	},
	"intervals":	[{
			"streams":	[{
					"socket":	6,
					"start":	0,
					"end":	0.100115,
					"seconds":	0.10011500120162964,
					"bytes":	3162432,
					"bits_per_second":	252703947.423897,
					"retransmits":	4,
					"snd_cwnd":	88328,
					"snd_wnd":	365056,
					"rtt":	1664,
					"rttvar":	271,
					"pmtu":	1500,
					"omitted":	false,
					"sender":	true
				}],
			"sum":	{
				"start":	0,
				"end":	0.100115,
				"seconds":	0.10011500120162964,
				"bytes":	3162432,
				"bits_per_second":	252703947.423897,
				"retransmits":	4,
				"omitted":	false,
				"sender":	true
			}
		}, {
			"streams":	[{
					"socket":	6,
					"start":	0.100115,
					"end":	0.200109,
					"seconds":	0.099993996322155,
					"bytes":	4430880,
					"bits_per_second":	354491682.538607,
					"retransmits":	0,
					"snd_cwnd":	73848,
					"snd_wnd":	365056,
					"rtt":	1554,
					"rttvar":	239,
					"pmtu":	1500,
					"omitted":	false,
					"sender":	true
				}],
			"sum":	{
				"start":	0.100115,
				"end":	0.200109,
				"seconds":	0.099993996322155,
				"bytes":	4430880,
				"bits_per_second":	354491682.538607,
				"retransmits":	0,
				"omitted":	false,
				"sender":	true
			}
		}, {
			"streams":	[{
					"socket":	6,
					"start":	0.200109,
					"end":	0.300126,
					"seconds":	0.1000170037150383,
					"bytes":	4039920,
					"bits_per_second":	323138654.42402315,
					"retransmits":	0,
					"snd_cwnd":	53576,
					"snd_wnd":	391680,
					"rtt":	1502,
					"rttvar":	383,
					"pmtu":	1500,
					"omitted":	false,
					"sender":	true
				}],
			"sum":	{
				"start":	0.200109,
				"end":	0.300126,
				"seconds":	0.1000170037150383,
				"bytes":	4039920,
				"bits_per_second":	323138654.42402315,
				"retransmits":	0,
				"omitted":	false,
				"sender":	true
			}
		}, {
			"streams":	[{
					"socket":	6,
					"start":	0.300126,
					"end":	0.400123,
					"seconds":	0.099996998906135559,
					"bytes":	4430880,
					"bits_per_second":	354481038.30869126,
					"retransmits":	0,
					"snd_cwnd":	92672,
					"snd_wnd":	391680,
					"rtt":	1382,
					"rttvar":	142,
					"pmtu":	1500,
					"omitted":	false,
					"sender":	true
				}],
			"sum":	{
				"start":	0.300126,
				"end":	0.400123,
				"seconds":	0.099996998906135559,
				"bytes":	4430880,
				"bits_per_second":	354481038.30869126,
				"retransmits":	0,
				"omitted":	false,
				"sender":	true
			}
		}, {
			"streams":	[{
					"socket":	6,
					"start":	0.400123,
					"end":	0.471407,
					"seconds":	0.0712840035557747,
					"bytes":	4907408,
					"bits_per_second":	550744375.198882,
					"retransmits":	0,
					"snd_cwnd":	114392,
					"snd_wnd":	790016,
					"rtt":	1417,
					"rttvar":	152,
					"pmtu":	1500,
					"omitted":	false,
					"sender":	true
				}],
			"sum":	{
				"start":	0.400123,
				"end":	0.471407,
				"seconds":	0.0712840035557747,
				"bytes":	4907408,
				"bits_per_second":	550744375.198882,
				"retransmits":	0,
				"omitted":	false,
				"sender":	true
			}
		}],
	"end":	{
		"streams":	[{
				"sender":	{
					"socket":	6,
					"start":	0,
					"end":	0.471407,
					"seconds":	0.471407,
					"bytes":	20971520,
					"bits_per_second":	355896624.36069041,
					"retransmits":	4,
					"max_snd_cwnd":	114392,
					"max_snd_wnd":	790016,
					"max_rtt":	1664,
					"min_rtt":	1382,
					"mean_rtt":	1503,
					"sender":	true
				},
				"receiver":	{
					"socket":	6,
					"start":	0,
					"end":	0.472975,
					"seconds":	0.471407,
					"bytes":	20804864,
					"bits_per_second":	351897905.8089751,
					"sender":	true
				}
			}],
		"sum_sent":	{
			"start":	0,
			"end":	0.471407,
			"seconds":	0.471407,
			"bytes":	20971520,
			"bits_per_second":	355896624.36069041,
			"retransmits":	4,
			"sender":	true
		},
		"sum_received":	{
			"start":	0,
			"end":	0.472975,
			"seconds":	0.472975,
			"bytes":	20804864,
			"bits_per_second":	351897905.8089751,
			"sender":	true
		},
		"cpu_utilization_percent":	{
			"host_total":	4.2009917081603714,
			"host_user":	2.4614652022235792,
			"host_system":	1.7397335431310235,
			"remote_total":	6.4842866354478277,
			"remote_user":	1.0439635944651748,
			"remote_system":	5.440323040982654
		},
		"sender_tcp_congestion":	"dctcp",
		"receiver_tcp_congestion":	"dctcp"
	}
}
